year,round,round_name,team_a,team_b,seed_a,seed_b,seed_diff,srs_diff,sos_diff,ortg_diff,drtg_diff,pace_diff,efg_pct_diff,tov_pct_diff,orb_pct_diff,ft_rate_diff,win_pct_diff,conf_win_pct_diff,prospect_diff,conf_champion_a,conf_champion_b,conf_tourn_champion_a,conf_tourn_champion_b,outcome
2014,1,First Round,Virginia,Coastal Carolina,1,16,15,23.59,14.17,4.700000000000003,17.810000000000002,-7.999999999999993,0.017000000000000015,3.099999999999998,-1.8999999999999986,0.034999999999999976,0.19316375198728142,0.20138888888888884,6,1,1,1,1,1
2014,1,First Round,Coastal Carolina,Virginia,16,1,-15,-23.59,-14.17,-4.700000000000003,-17.810000000000002,7.999999999999993,-0.017000000000000015,-3.099999999999998,1.8999999999999986,-0.034999999999999976,-0.19316375198728142,-0.20138888888888884,-6,1,1,1,1,0
2014,1,First Round,Memphis,George Washington,8,9,1,2.42,2.7199999999999998,0.9000000000000057,1.5300000000000011,2.6999999999999886,0.007000000000000006,0.3999999999999986,0.5,-0.067,-0.021390374331550777,-0.02083333333333337,-2,0,0,0,0,1
2014,1,First Round,George Washington,Memphis,9,8,-1,-2.42,-2.7199999999999998,-0.9000000000000057,-1.5300000000000011,-2.6999999999999886,-0.007000000000000006,-0.3999999999999986,-0.5,0.067,0.021390374331550777,0.02083333333333337,2,0,0,0,0,0
2014,1,First Round,Harvard,Cincinnati,12,5,-7,-4.470000000000001,-5.75,4.0,-5.519999999999996,0.9999999999999929,0.04200000000000004,-0.5999999999999996,-6.300000000000004,0.09299999999999997,0.049632352941176516,0.09523809523809523,-2,1,1,0,0,1
2014,1,First Round,Cincinnati,Harvard,5,12,7,4.470000000000001,5.75,-4.0,5.519999999999996,-0.9999999999999929,-0.04200000000000004,0.5999999999999996,6.300000000000004,-0.09299999999999997,-0.049632352941176516,-0.09523809523809523,2,1,1,0,0,0
2014,1,First Round,Michigan State,Delaware,4,13,9,16.62,10.48,1.5999999999999943,14.929999999999993,-4.900000000000006,0.041000000000000036,-3.0999999999999996,3.1000000000000014,-0.10199999999999998,0.048872180451127845,-0.20833333333333337,9,0,1,1,1,1
2014,1,First Round,Delaware,Michigan State,13,4,-9,-16.62,-10.48,-1.5999999999999943,-14.929999999999993,4.900000000000006,-0.041000000000000036,3.0999999999999996,-3.1000000000000014,0.10199999999999998,-0.048872180451127845,0.20833333333333337,-9,1,0,1,1,0
2014,1,First Round,UNC,Providence,6,11,5,3.870000000000001,0.5700000000000003,-0.5999999999999943,6.569999999999993,5.099999999999994,0.016000000000000014,0.5,2.700000000000003,0.010000000000000009,0.04873949579831938,0.16666666666666663,5,0,0,0,1,1
2014,1,First Round,Providence,UNC,11,6,-5,-3.870000000000001,-0.5700000000000003,0.5999999999999943,-6.569999999999993,-5.099999999999994,-0.016000000000000014,-0.5,-2.700000000000003,-0.010000000000000009,-0.04873949579831938,-0.16666666666666663,-5,0,0,1,0,0
2014,1,First Round,Iowa State,North Carolina Central,3,14,11,14.549999999999999,17.91,1.4000000000000057,5.829999999999998,6.900000000000006,0.029000000000000026,2.200000000000001,-7.800000000000001,-0.11199999999999999,-0.04575163398692805,-0.3300653594771241,7,0,1,1,1,1
2014,1,First Round,North Carolina Central,Iowa State,14,3,-11,-14.549999999999999,-17.91,-1.4000000000000057,-5.829999999999998,-6.900000000000006,-0.029000000000000026,-2.200000000000001,7.800000000000001,0.11199999999999999,0.04575163398692805,0.3300653594771241,-7,1,0,1,1,0
2014,1,First Round,UConn,Saint Joseph's,7,10,3,8.18,3.5500000000000007,0.8000000000000114,9.189999999999998,-0.5,-0.02400000000000002,0.7000000000000011,1.3999999999999986,-0.05299999999999999,0.09411764705882353,-0.02083333333333337,4,0,0,0,1,1
2014,1,First Round,Saint Joseph's,UConn,10,7,-3,-8.18,-3.5500000000000007,-0.8000000000000114,-9.189999999999998,0.5,0.02400000000000002,-0.7000000000000011,-1.3999999999999986,0.05299999999999999,-0.09411764705882353,0.02083333333333337,-4,0,0,1,0,0
2014,1,First Round,Villanova,Milwaukee,2,15,13,20.5,7.94,10.700000000000003,14.579999999999998,-0.30000000000001137,0.04300000000000004,2.200000000000001,4.300000000000001,0.009000000000000008,0.2529411764705882,0.45138888888888884,4,1,0,0,1,1
2014,1,First Round,Milwaukee,Villanova,15,2,-13,-20.5,-7.94,-10.700000000000003,-14.579999999999998,0.30000000000001137,-0.04300000000000004,-2.200000000000001,-4.300000000000001,-0.009000000000000008,-0.2529411764705882,-0.45138888888888884,-4,0,1,1,0,0
2014,2,Second Round,Virginia,Memphis,1,8,7,5.359999999999999,0.7200000000000006,0.7000000000000028,9.099999999999994,-9.999999999999993,-0.014000000000000012,2.0,-2.3999999999999986,0.020999999999999963,0.10492845786963434,0.2222222222222222,6,1,0,1,0,1
2014,2,Second Round,Memphis,Virginia,8,1,-7,-5.359999999999999,-0.7200000000000006,-0.7000000000000028,-9.099999999999994,9.999999999999993,0.014000000000000012,-2.0,2.3999999999999986,-0.020999999999999963,-0.10492845786963434,-0.2222222222222222,-6,0,1,0,1,0
2014,2,Second Round,Michigan State,Harvard,4,12,8,8.560000000000002,9.850000000000001,1.7000000000000028,2.1499999999999915,1.4000000000000057,0.026000000000000023,0.3000000000000007,-0.5999999999999943,-0.14299999999999996,-0.08059210526315785,-0.261904761904762,9,0,1,1,0,1
2014,2,Second Round,Harvard,Michigan State,12,4,-8,-8.560000000000002,-9.850000000000001,-1.7000000000000028,-2.1499999999999915,-1.4000000000000057,-0.026000000000000023,-0.3000000000000007,0.5999999999999943,0.14299999999999996,0.08059210526315785,0.261904761904762,-9,1,0,0,1,0
2014,2,Second Round,Iowa State,UNC,3,6,3,3.2799999999999994,1.4600000000000009,5.400000000000006,-2.769999999999996,1.7000000000000028,0.04300000000000004,1.5,-9.3,-0.065,0.07189542483660127,-0.11111111111111105,-1,0,0,1,0,1
2014,2,Second Round,UNC,Iowa State,6,3,-3,-3.2799999999999994,-1.4600000000000009,-5.400000000000006,2.769999999999996,-1.7000000000000028,-0.04300000000000004,-1.5,9.3,0.065,-0.07189542483660127,0.11111111111111105,1,0,0,0,1,0
2014,2,Second Round,UConn,Villanova,7,2,-5,-1.7399999999999984,1.1300000000000008,-4.3999999999999915,0.29999999999999716,-2.0999999999999943,-0.02100000000000002,-0.29999999999999893,-2.200000000000003,-0.062,-0.05294117647058816,-0.2222222222222222,2,0,1,0,0,1
2014,2,Second Round,Villanova,UConn,2,7,5,1.7399999999999984,-1.1300000000000008,4.3999999999999915,-0.29999999999999716,2.0999999999999943,0.02100000000000002,0.29999999999999893,2.200000000000003,0.062,0.05294117647058816,0.2222222222222222,-2,1,0,0,0,0
2014,3,Sweet Sixteen,Michigan State,Virginia,4,1,-3,0.9700000000000024,1.5200000000000005,4.3999999999999915,-6.230000000000004,5.399999999999999,0.03700000000000003,-0.8999999999999986,-1.0,-0.08299999999999996,-0.04765291607396871,-0.2222222222222222,3,0,1,1,1,1
2014,3,Sweet Sixteen,Virginia,Michigan State,1,4,3,-0.9700000000000024,-1.5200000000000005,-4.3999999999999915,6.230000000000004,-5.399999999999999,-0.03700000000000003,0.8999999999999986,1.0,0.08299999999999996,0.04765291607396871,0.2222222222222222,-3,1,0,1,1,0
2014,3,Sweet Sixteen,UConn,Iowa State,7,3,-4,-1.2899999999999991,-1.25,-5.0,5.0,-6.200000000000003,-0.027000000000000024,-2.5999999999999996,1.5999999999999979,0.019000000000000017,0.022222222222222254,0.05555555555555547,-1,0,0,0,1,1
2014,3,Sweet Sixteen,Iowa State,UConn,3,7,4,1.2899999999999991,1.25,5.0,-5.0,6.200000000000003,0.027000000000000024,2.5999999999999996,-1.5999999999999979,-0.019000000000000017,-0.022222222222222254,-0.05555555555555547,1,0,0,1,0,0
2014,4,Elite Eight,UConn,Michigan State,7,4,-3,-2.120000000000001,-0.75,-4.3999999999999915,2.3100000000000023,-0.5,-0.030000000000000027,-0.5,-1.8000000000000043,0.045999999999999985,0.0368421052631579,0.0,-3,0,0,0,1,1
2014,4,Elite Eight,Michigan State,UConn,4,7,3,2.120000000000001,0.75,4.3999999999999915,-2.3100000000000023,0.5,0.030000000000000027,0.5,1.8000000000000043,-0.045999999999999985,-0.0368421052631579,0.0,3,0,0,1,0,0
2014,1,First Round,Wichita State,Cal Poly,1,16,15,17.99,0.050000000000000044,12.700000000000003,13.200000000000003,3.700000000000003,0.06,-1.1999999999999993,3.3000000000000007,0.14599999999999996,0.5604575163398693,0.625,2,1,0,1,1,1
2014,1,First Round,Cal Poly,Wichita State,16,1,-15,-17.99,-0.050000000000000044,-12.700000000000003,-13.200000000000003,-3.700000000000003,-0.06,1.1999999999999993,-3.3000000000000007,-0.14599999999999996,-0.5604575163398693,-0.625,-2,0,1,1,1,0
2014,1,First Round,Kentucky,Kansas State,8,9,1,5.93,1.4299999999999997,8.200000000000003,-2.0600000000000023,0.30000000000001137,0.01200000000000001,1.0999999999999996,6.699999999999996,0.11499999999999999,0.1189393939393939,0.11111111111111105,20,0,0,0,0,1
2014,1,First Round,Kansas State,Kentucky,9,8,-1,-5.93,-1.4299999999999997,-8.200000000000003,2.0600000000000023,-0.30000000000001137,-0.01200000000000001,-1.0999999999999996,-6.699999999999996,-0.11499999999999999,-0.1189393939393939,-0.11111111111111105,-20,0,0,0,0,0
2014,1,First Round,Saint Louis,NC State,5,12,7,2.610000000000001,-3.2,-5.699999999999989,11.409999999999997,2.5,-0.006000000000000005,-2.799999999999999,-4.800000000000004,0.03400000000000003,0.18300653594771232,0.3125,-4,1,0,0,0,1
2014,1,First Round,NC State,Saint Louis,12,5,-7,-2.610000000000001,3.2,5.699999999999989,-11.409999999999997,-2.5,0.006000000000000005,2.799999999999999,4.800000000000004,-0.03400000000000003,-0.18300653594771232,-0.3125,4,0,1,0,0,0
2014,1,First Round,Louisville,Manhattan,4,13,9,18.650000000000002,5.7,10.300000000000011,11.129999999999995,-1.2999999999999972,0.028000000000000025,4.0,2.700000000000003,-0.14300000000000007,0.08026208026208026,0.08333333333333337,7,1,0,1,1,1
2014,1,First Round,Manhattan,Louisville,13,4,-9,-18.650000000000002,-5.7,-10.300000000000011,-11.129999999999995,1.2999999999999972,-0.028000000000000025,-4.0,-2.700000000000003,0.14300000000000007,-0.08026208026208026,-0.08333333333333337,-7,0,1,1,1,0
2014,1,First Round,Tennessee,UMass,11,6,-5,6.73,1.8399999999999999,8.900000000000006,1.440000000000012,-8.900000000000006,-0.0010000000000000009,2.400000000000002,5.399999999999999,0.023999999999999966,-0.07862407862407861,-0.01388888888888884,3,0,0,0,0,1
2014,1,First Round,UMass,Tennessee,6,11,5,-6.73,-1.8399999999999999,-8.900000000000006,-1.440000000000012,8.900000000000006,0.0010000000000000009,-2.400000000000002,-5.399999999999999,-0.023999999999999966,0.07862407862407861,0.01388888888888884,-3,0,0,0,0,0
2014,1,First Round,Mercer,Duke,14,3,-11,-14.180000000000001,-11.9,-3.700000000000003,-4.060000000000002,0.29999999999999716,0.009000000000000008,-2.5999999999999996,-0.5,-0.0040000000000000036,0.0071428571428571175,0.05555555555555558,-16,1,0,1,0,1
2014,1,First Round,Duke,Mercer,3,14,11,14.180000000000001,11.9,3.700000000000003,4.060000000000002,-0.29999999999999716,-0.009000000000000008,2.5999999999999996,0.5,0.0040000000000000036,-0.0071428571428571175,-0.05555555555555558,16,0,1,0,1,0
2014,1,First Round,Texas,Arizona State,7,10,3,-0.6500000000000004,1.7400000000000002,-0.20000000000000284,-0.6400000000000006,0.09999999999999432,-0.050000000000000044,0.09999999999999964,15.100000000000001,0.009000000000000008,0.04935064935064937,0.05555555555555558,2,0,0,0,0,1
2014,1,First Round,Arizona State,Texas,10,7,-3,0.6500000000000004,-1.7400000000000002,0.20000000000000284,0.6400000000000006,-0.09999999999999432,0.050000000000000044,-0.09999999999999964,-15.100000000000001,-0.009000000000000008,-0.04935064935064937,-0.05555555555555558,-2,0,0,0,0,0
2014,1,First Round,Michigan,Wofford,2,15,13,22.84,15.600000000000001,11.900000000000006,7.099999999999994,-0.6000000000000014,0.05500000000000005,1.700000000000001,-3.099999999999998,0.020999999999999963,0.15069615069615072,0.14583333333333337,9,1,0,0,1,1
2014,1,First Round,Wofford,Michigan,15,2,-13,-22.84,-15.600000000000001,-11.900000000000006,-7.099999999999994,0.6000000000000014,-0.05500000000000005,-1.700000000000001,3.099999999999998,-0.020999999999999963,-0.15069615069615072,-0.14583333333333337,-9,0,1,1,0,0
2014,2,Second Round,Kentucky,Wichita State,8,1,-7,1.4200000000000017,8.16,-3.799999999999997,-2.700000000000003,1.4000000000000057,-0.026000000000000023,-0.9000000000000004,6.299999999999997,0.04600000000000004,-0.24722222222222223,-0.33333333333333337,18,0,1,0,1,1
2014,2,Second Round,Wichita State,Kentucky,1,8,7,-1.4200000000000017,-8.16,3.799999999999997,2.700000000000003,-1.4000000000000057,0.026000000000000023,0.9000000000000004,-6.299999999999997,-0.04600000000000004,0.24722222222222223,0.33333333333333337,-18,1,0,1,0,0
2014,2,Second Round,Louisville,Saint Louis,4,5,1,13.06,0.5599999999999996,15.0,2.6700000000000017,1.5999999999999943,0.041000000000000036,3.3999999999999986,7.700000000000003,0.007999999999999952,0.043720190779014345,0.02083333333333337,7,1,1,1,0,1
2014,2,Second Round,Saint Louis,Louisville,5,4,-1,-13.06,-0.5599999999999996,-15.0,-2.6700000000000017,-1.5999999999999943,-0.041000000000000036,-3.3999999999999986,-7.700000000000003,-0.007999999999999952,-0.043720190779014345,-0.02083333333333337,-7,1,1,0,1,0
2014,2,Second Round,Tennessee,Mercer,11,14,3,12.01,11.26,-1.5,8.41000000000001,-3.0,-0.04400000000000004,1.0,5.799999999999997,0.03199999999999997,-0.10135135135135132,-0.16666666666666663,4,0,1,0,1,1
2014,2,Second Round,Mercer,Tennessee,14,11,-3,-12.01,-11.26,1.5,-8.41000000000001,3.0,0.04400000000000004,-1.0,-5.799999999999997,-0.03199999999999997,0.10135135135135132,0.16666666666666663,-4,1,0,1,0,0
2014,2,Second Round,Michigan,Texas,2,7,5,5.85,0.5,10.5,-3.230000000000004,-6.599999999999994,0.08300000000000007,1.700000000000001,-11.0,-0.08500000000000002,0.07104247104247108,0.2222222222222222,6,1,0,0,0,1
2014,2,Second Round,Texas,Michigan,7,2,-5,-5.85,-0.5,-10.5,3.230000000000004,6.599999999999994,-0.08300000000000007,-1.700000000000001,11.0,0.08500000000000002,-0.07104247104247108,-0.2222222222222222,-6,0,1,0,0,0
2014,3,Sweet Sixteen,Kentucky,Louisville,8,4,-4,-6.620000000000001,5.1000000000000005,-5.0,-7.039999999999992,-3.0999999999999943,-0.03500000000000003,-1.6999999999999993,4.299999999999997,0.10600000000000004,-0.11283783783783785,-0.16666666666666674,14,0,1,0,1,1
2014,3,Sweet Sixteen,Louisville,Kentucky,4,8,4,6.620000000000001,-5.1000000000000005,5.0,7.039999999999992,3.0999999999999943,0.03500000000000003,1.6999999999999993,-4.299999999999997,-0.10600000000000004,0.11283783783783785,0.16666666666666674,-14,1,0,1,0,0
2014,3,Sweet Sixteen,Michigan,Tennessee,2,11,9,1.1799999999999997,1.8100000000000005,3.299999999999997,-4.570000000000007,-0.29999999999999716,0.05400000000000005,1.0,-11.199999999999996,-0.067,0.10810810810810811,0.2222222222222222,5,1,0,0,0,1
2014,3,Sweet Sixteen,Tennessee,Michigan,11,2,-9,-1.1799999999999997,-1.8100000000000005,-3.299999999999997,4.570000000000007,0.29999999999999716,-0.05400000000000005,-1.0,11.199999999999996,0.067,-0.10810810810810811,-0.2222222222222222,-5,0,1,0,0,0
2014,4,Elite Eight,Kentucky,Michigan,8,2,-6,-0.4499999999999993,0.25,-5.099999999999994,4.340000000000003,3.4000000000000057,-0.05700000000000005,-1.8000000000000007,12.799999999999997,0.16900000000000004,-0.03175675675675682,-0.16666666666666674,12,0,1,0,0,1
2014,4,Elite Eight,Michigan,Kentucky,2,8,6,0.4499999999999993,-0.25,5.099999999999994,-4.340000000000003,-3.4000000000000057,0.05700000000000005,1.8000000000000007,-12.799999999999997,-0.16900000000000004,0.03175675675675682,0.16666666666666674,-12,1,0,0,0,0
2014,1,First Round,Florida,Albany (NY),1,16,15,24.0,13.759999999999998,7.799999999999997,18.53,-0.3999999999999986,0.03400000000000003,2.6000000000000014,2.8000000000000043,0.0040000000000000036,0.3642533936651584,0.4375,3,1,0,1,1,1
2014,1,First Round,Albany (NY),Florida,16,1,-15,-24.0,-13.759999999999998,-7.799999999999997,-18.53,0.3999999999999986,-0.03400000000000003,-2.6000000000000014,-2.8000000000000043,-0.0040000000000000036,-0.3642533936651584,-0.4375,-3,0,1,1,1,0
2014,1,First Round,Pitt,Colorado,9,8,-1,6.66,-1.2600000000000007,9.299999999999997,2.7299999999999898,-4.5,0.02400000000000002,3.1000000000000014,3.299999999999997,-0.03999999999999998,0.06507936507936507,0.05555555555555558,-1,0,0,0,0,1
2014,1,First Round,Colorado,Pitt,8,9,1,-6.66,1.2600000000000007,-9.299999999999997,-2.7299999999999898,4.5,-0.02400000000000002,-3.1000000000000014,-3.299999999999997,0.03999999999999998,-0.06507936507936507,-0.05555555555555558,1,0,0,0,0,0
2014,1,First Round,Stephen F. Austin,VCU,12,5,-7,-9.73,-11.54,10.200000000000003,-13.909999999999997,-4.900000000000006,0.04600000000000004,0.0,4.100000000000001,0.050000000000000044,0.17142857142857137,0.25,-2,1,0,1,0,1
2014,1,First Round,VCU,Stephen F. Austin,5,12,7,9.73,11.54,-10.200000000000003,13.909999999999997,4.900000000000006,-0.04600000000000004,0.0,-4.100000000000001,-0.050000000000000044,-0.17142857142857137,-0.25,2,0,1,0,1,0
2014,1,First Round,UCLA,Tulsa,4,13,9,12.169999999999998,6.45,10.099999999999994,2.469999999999999,1.2999999999999972,0.049000000000000044,1.8000000000000007,-0.3999999999999986,-0.08899999999999997,0.13910969793322736,-0.14583333333333337,12,0,1,1,1,1
2014,1,First Round,Tulsa,UCLA,13,4,-9,-12.169999999999998,-6.45,-10.099999999999994,-2.469999999999999,-1.2999999999999972,-0.049000000000000044,-1.8000000000000007,0.3999999999999986,0.08899999999999997,-0.13910969793322736,0.14583333333333337,-12,1,0,1,1,0
2014,1,First Round,Dayton,Ohio State,11,6,-5,-7.289999999999999,-2.7799999999999994,3.5,-12.970000000000013,0.4000000000000057,0.02100000000000002,-0.5999999999999996,4.399999999999999,-0.01699999999999996,-0.01158301158301156,0.06944444444444442,0,0,0,0,0,1
2014,1,First Round,Ohio State,Dayton,6,11,5,7.289999999999999,2.7799999999999994,-3.5,12.970000000000013,-0.4000000000000057,-0.02100000000000002,0.5999999999999996,-4.399999999999999,0.01699999999999996,0.01158301158301156,-0.06944444444444442,0,0,0,0,0,0
2014,1,First Round,Syracuse,Western Michigan,3,14,11,14.32,8.7,5.099999999999994,10.670000000000002,-6.0,-0.038000000000000034,6.1,6.5,-0.126,0.12655971479500883,0.0,9,0,1,0,1,1
2014,1,First Round,Western Michigan,Syracuse,14,3,-11,-14.32,-8.7,-5.099999999999994,-10.670000000000002,6.0,0.038000000000000034,-6.1,-6.5,0.126,-0.12655971479500883,0.0,-9,1,0,1,0,0
2014,1,First Round,Stanford,New Mexico,10,7,-3,0.6999999999999993,4.16,-3.200000000000003,1.4699999999999989,1.5,0.0020000000000000018,-0.8999999999999986,-3.1999999999999993,-0.016000000000000014,-0.15522875816993464,-0.2777777777777778,1,0,0,0,1,1
2014,1,First Round,New Mexico,Stanford,7,10,3,-0.6999999999999993,-4.16,3.200000000000003,-1.4699999999999989,-1.5,-0.0020000000000000018,0.8999999999999986,3.1999999999999993,0.016000000000000014,0.15522875816993464,0.2777777777777778,-1,0,0,1,0,0
2014,1,First Round,Kansas,Eastern Kentucky,2,15,13,19.65,15.74,-2.0,16.78,1.1999999999999886,-0.03199999999999992,-2.200000000000001,13.699999999999996,0.04199999999999998,0.008403361344537785,0.09027777777777779,11,1,0,0,1,1
2014,1,First Round,Eastern Kentucky,Kansas,15,2,-13,-19.65,-15.74,2.0,-16.78,-1.1999999999999886,0.03199999999999992,2.200000000000001,-13.699999999999996,-0.04199999999999998,-0.008403361344537785,-0.09027777777777779,-11,0,1,1,0,0
2014,2,Second Round,Florida,Pitt,1,9,8,3.2300000000000004,0.9999999999999991,-1.9000000000000057,6.430000000000007,0.20000000000000284,0.015000000000000013,-0.8000000000000007,-2.5999999999999943,-0.019000000000000017,0.20085470085470092,0.38888888888888884,1,1,0,1,0,1
2014,2,Second Round,Pitt,Florida,9,1,-8,-3.2300000000000004,-0.9999999999999991,1.9000000000000057,-6.430000000000007,-0.20000000000000284,-0.015000000000000013,0.8000000000000007,2.5999999999999943,0.019000000000000017,-0.20085470085470092,-0.38888888888888884,-1,0,1,0,1,0
2014,2,Second Round,UCLA,Stephen F. Austin,4,12,8,13.579999999999998,14.379999999999999,-0.10000000000000853,8.400000000000006,4.5,0.016000000000000014,1.5,-8.599999999999998,-0.020000000000000018,-0.15752895752895746,-0.33333333333333337,13,0,1,1,1,1
2014,2,Second Round,Stephen F. Austin,UCLA,12,4,-8,-13.579999999999998,-14.379999999999999,0.10000000000000853,-8.400000000000006,-4.5,-0.016000000000000014,-1.5,8.599999999999998,0.020000000000000018,0.15752895752895746,0.33333333333333337,-13,1,0,1,1,0
2014,2,Second Round,Dayton,Syracuse,11,3,-8,-5.5,-1.9100000000000001,-2.0,-6.440000000000012,4.900000000000006,0.04200000000000004,-3.4000000000000004,-4.100000000000001,0.02400000000000002,-0.1208267090620031,-0.1527777777777778,-8,0,0,0,0,1
2014,2,Second Round,Syracuse,Dayton,3,11,8,5.5,1.9100000000000001,2.0,6.440000000000012,-4.900000000000006,-0.04200000000000004,3.4000000000000004,4.100000000000001,-0.02400000000000002,0.1208267090620031,0.1527777777777778,8,0,0,0,0,0
2014,2,Second Round,Stanford,Kansas,10,2,-8,-6.83,-2.4000000000000004,-6.299999999999997,-1.6300000000000097,-1.5,-0.029000000000000026,1.6000000000000014,-7.9999999999999964,-0.032999999999999974,-0.07539682539682546,-0.2222222222222222,-7,0,1,0,0,1
2014,2,Second Round,Kansas,Stanford,2,10,8,6.83,2.4000000000000004,6.299999999999997,1.6300000000000097,1.5,0.029000000000000026,-1.6000000000000014,7.9999999999999964,0.032999999999999974,0.07539682539682546,0.2222222222222222,7,1,0,0,0,0
2014,3,Sweet Sixteen,Florida,UCLA,1,4,3,2.2900000000000027,0.919999999999999,-4.0,8.079999999999998,-7.299999999999997,-0.019000000000000017,-1.8000000000000007,4.900000000000002,0.04199999999999998,0.16632016632016633,0.33333333333333337,-10,1,0,1,1,1
2014,3,Sweet Sixteen,UCLA,Florida,4,1,-3,-2.2900000000000027,-0.919999999999999,4.0,-8.079999999999998,7.299999999999997,0.019000000000000017,1.8000000000000007,-4.900000000000002,-0.04199999999999998,-0.16632016632016633,-0.33333333333333337,10,0,1,1,1,0
2014,3,Sweet Sixteen,Dayton,Stanford,11,10,-1,-2.869999999999999,-3.66,1.5999999999999943,-3.950000000000003,-1.6999999999999886,0.01100000000000001,-0.8000000000000007,4.699999999999999,-0.043999999999999984,0.0638138138138139,0.06944444444444442,-2,0,0,0,0,1
2014,3,Sweet Sixteen,Stanford,Dayton,10,11,1,2.869999999999999,3.66,-1.5999999999999943,3.950000000000003,1.6999999999999886,-0.01100000000000001,0.8000000000000007,-4.699999999999999,0.043999999999999984,-0.0638138138138139,-0.06944444444444442,2,0,0,0,0,0
2014,4,Elite Eight,Florida,Dayton,1,11,10,10.14,3.1999999999999993,1.5,12.070000000000007,-2.700000000000003,-0.0020000000000000018,1.0,0.7000000000000028,0.01799999999999996,0.2203742203742204,0.375,1,1,0,1,0,1
2014,4,Elite Eight,Dayton,Florida,11,1,-10,-10.14,-3.1999999999999993,-1.5,-12.070000000000007,2.700000000000003,0.0020000000000000018,-1.0,-0.7000000000000028,-0.01799999999999996,-0.2203742203742204,-0.375,-1,0,1,0,1,0
2014,1,First Round,Arizona,Weber State,1,16,15,24.28,13.27,1.0,24.22,-0.20000000000000284,-0.030000000000000027,3.5,7.5,-0.08800000000000002,0.25551782682512736,0.13333333333333341,11,1,1,0,1,1
2014,1,First Round,Weber State,Arizona,16,1,-15,-24.28,-13.27,-1.0,-24.22,0.20000000000000284,0.030000000000000027,-3.5,-7.5,0.08800000000000002,-0.25551782682512736,-0.13333333333333341,-11,1,1,1,0,0
2014,1,First Round,Gonzaga,Oklahoma State,8,9,1,-3.459999999999999,-2.9799999999999995,1.2999999999999972,-0.7199999999999989,-2.3999999999999915,0.03600000000000003,-2.299999999999999,2.6000000000000014,-0.09299999999999997,0.18790849673202614,0.38888888888888895,2,1,0,1,0,1
2014,1,First Round,Oklahoma State,Gonzaga,9,8,-1,3.459999999999999,2.9799999999999995,-1.2999999999999972,0.7199999999999989,2.3999999999999915,-0.03600000000000003,2.299999999999999,-2.6000000000000014,0.09299999999999997,-0.18790849673202614,-0.38888888888888895,-2,0,1,0,1,0
2014,1,First Round,North Dakota State,Oklahoma,12,5,-7,-8.600000000000001,-8.99,4.700000000000003,-7.179999999999993,-7.800000000000004,0.038000000000000034,0.09999999999999964,-0.6999999999999993,0.014999999999999958,0.09090909090909083,0.19047619047619047,-2,1,0,1,0,1
2014,1,First Round,Oklahoma,North Dakota State,5,12,7,8.600000000000001,8.99,-4.700000000000003,7.179999999999993,7.800000000000004,-0.038000000000000034,-0.09999999999999964,0.6999999999999993,-0.014999999999999958,-0.09090909090909083,-0.19047619047619047,2,0,1,0,1,0
2014,1,First Round,San Diego State,New Mexico State,4,13,9,8.79,7.44,-4.599999999999994,14.150000000000006,-3.000000000000007,-0.05800000000000005,3.3000000000000007,-0.7999999999999972,-0.08600000000000002,0.13888888888888895,0.13888888888888884,-1,1,0,0,1,1
2014,1,First Round,New Mexico State,San Diego State,13,4,-9,-8.79,-7.44,4.599999999999994,-14.150000000000006,3.000000000000007,0.05800000000000005,-3.3000000000000007,0.7999999999999972,0.08600000000000002,-0.13888888888888895,-0.13888888888888884,1,0,1,1,0,0
2014,1,First Round,Baylor,Nebraska,6,11,5,5.67,1.6099999999999994,13.0,-1.7900000000000063,-1.2000000000000028,0.038000000000000034,0.0,14.900000000000002,0.027000000000000024,0.09046052631578949,-0.11111111111111116,6,0,0,0,0,1
2014,1,First Round,Nebraska,Baylor,11,6,-5,-5.67,-1.6099999999999994,-13.0,1.7900000000000063,1.2000000000000028,-0.038000000000000034,0.0,-14.900000000000002,-0.027000000000000024,-0.09046052631578949,0.11111111111111116,-6,0,0,0,0,0
2014,1,First Round,Creighton,Louisiana,3,14,11,15.120000000000001,7.45,9.199999999999989,5.410000000000011,-5.900000000000006,0.06699999999999995,1.8999999999999986,-8.599999999999998,-0.08999999999999997,0.11428571428571432,0.16666666666666663,2,0,0,0,1,1
2014,1,First Round,Louisiana,Creighton,14,3,-11,-15.120000000000001,-7.45,-9.199999999999989,-5.410000000000011,5.900000000000006,-0.06699999999999995,-1.8999999999999986,8.599999999999998,0.08999999999999997,-0.11428571428571432,-0.16666666666666663,-2,0,0,1,0,0
2014,1,First Round,Oregon,BYU,7,10,3,4.119999999999999,2.330000000000001,3.0999999999999943,1.269999999999996,-3.5999999999999943,0.03200000000000003,-1.1999999999999993,-2.5,-0.044999999999999984,0.04873949579831938,-0.16666666666666663,3,0,0,0,0,1
2014,1,First Round,BYU,Oregon,10,7,-3,-4.119999999999999,-2.330000000000001,-3.0999999999999943,-1.269999999999996,3.5999999999999943,-0.03200000000000003,1.1999999999999993,2.5,0.044999999999999984,-0.04873949579831938,0.16666666666666663,-3,0,0,0,0,0
2014,1,First Round,Wisconsin,American,2,15,13,19.0,13.44,12.299999999999997,6.539999999999992,2.5999999999999943,-0.025000000000000022,9.5,1.6000000000000014,0.07600000000000001,0.18341307814992025,-0.05555555555555558,4,0,0,0,1,1
2014,1,First Round,American,Wisconsin,15,2,-13,-19.0,-13.44,-12.299999999999997,-6.539999999999992,-2.5999999999999943,0.025000000000000022,-9.5,-1.6000000000000014,-0.07600000000000001,-0.18341307814992025,0.05555555555555558,-4,0,0,1,0,0
2014,2,Second Round,Arizona,Gonzaga,1,8,7,7.799999999999999,3.679999999999999,-1.7999999999999972,9.969999999999999,-3.1000000000000085,-0.04300000000000004,2.0,5.799999999999997,0.00599999999999995,0.0628654970760234,0.0,6,1,1,0,1,1
2014,2,Second Round,Gonzaga,Arizona,8,1,-7,-7.799999999999999,-3.679999999999999,1.7999999999999972,-9.969999999999999,3.1000000000000085,0.04300000000000004,-2.0,-5.799999999999997,-0.00599999999999995,-0.0628654970760234,0.0,-6,1,1,1,0,0
2014,2,Second Round,San Diego State,North Dakota State,4,12,8,8.64,4.88,-8.5,17.75,0.0,-0.07400000000000007,0.7000000000000011,5.0000000000000036,0.040000000000000036,0.07323232323232332,0.031746031746031744,2,1,1,0,1,1
2014,2,Second Round,North Dakota State,San Diego State,12,4,-8,-8.64,-4.88,8.5,-17.75,0.0,0.07400000000000007,-0.7000000000000011,-5.0000000000000036,-0.040000000000000036,-0.07323232323232332,-0.031746031746031744,-2,1,1,1,0,0
2014,2,Second Round,Baylor,Creighton,6,3,-3,-2.2300000000000004,2.9399999999999995,-5.5,3.2099999999999937,-1.0999999999999943,-0.06799999999999995,-1.3999999999999986,12.900000000000002,0.11099999999999999,-0.08721804511278197,-0.2777777777777778,4,0,0,0,0,1
2014,2,Second Round,Creighton,Baylor,3,6,3,2.2300000000000004,-2.9399999999999995,5.5,-3.2099999999999937,1.0999999999999943,0.06799999999999995,1.3999999999999986,-12.900000000000002,-0.11099999999999999,0.08721804511278197,0.2777777777777778,-4,0,0,0,0,0
2014,2,Second Round,Wisconsin,Oregon,2,7,5,3.9400000000000013,2.139999999999999,0.7000000000000028,3.239999999999995,-6.6000000000000085,-0.0020000000000000018,2.8000000000000007,-4.100000000000001,-0.01200000000000001,0.08359133126934981,0.11111111111111105,-1,0,0,0,0,1
2014,2,Second Round,Oregon,Wisconsin,7,2,-5,-3.9400000000000013,-2.139999999999999,-0.7000000000000028,-3.239999999999995,6.6000000000000085,0.0020000000000000018,-2.8000000000000007,4.100000000000001,0.01200000000000001,-0.08359133126934981,-0.11111111111111105,1,0,0,0,0,0
2014,3,Sweet Sixteen,Arizona,San Diego State,1,4,3,8.41,4.179999999999999,3.0999999999999943,4.589999999999989,0.19999999999999574,0.03600000000000003,-0.5,-0.30000000000000426,-0.039000000000000035,0.007309941520467822,-0.05555555555555547,10,1,1,0,0,1
2014,3,Sweet Sixteen,San Diego State,Arizona,4,1,-3,-8.41,-4.179999999999999,-3.0999999999999943,-4.589999999999989,-0.19999999999999574,-0.03600000000000003,0.5,0.30000000000000426,0.039000000000000035,-0.007309941520467822,0.05555555555555547,-10,1,1,0,0,0
2014,3,Sweet Sixteen,Wisconsin,Baylor,2,6,4,3.8900000000000006,0.08000000000000007,0.6000000000000085,2.6299999999999955,-0.9000000000000057,0.01200000000000001,3.5,-12.5,-0.02400000000000002,0.10526315789473684,0.16666666666666663,-2,0,0,0,0,1
2014,3,Sweet Sixteen,Baylor,Wisconsin,6,2,-4,-3.8900000000000006,-0.08000000000000007,-0.6000000000000085,-2.6299999999999955,0.9000000000000057,-0.01200000000000001,-3.5,12.5,0.02400000000000002,-0.10526315789473684,-0.16666666666666663,2,0,0,0,0,0
2014,4,Elite Eight,Wisconsin,Arizona,2,1,-1,-3.669999999999998,1.1500000000000004,3.4000000000000057,-11.25,-0.7999999999999972,0.016000000000000014,2.0,-8.299999999999997,0.016000000000000014,-0.07894736842105265,-0.16666666666666674,-8,0,1,0,0,1
2014,4,Elite Eight,Arizona,Wisconsin,1,2,1,3.669999999999998,-1.1500000000000004,-3.4000000000000057,11.25,0.7999999999999972,-0.016000000000000014,-2.0,8.299999999999997,-0.016000000000000014,0.07894736842105265,0.16666666666666674,8,1,0,0,0,0
2014,6,Championship,UConn,Kentucky,7,8,1,-0.8399999999999999,-1.2699999999999996,-3.5,3.6299999999999955,-0.4000000000000057,0.015000000000000013,-0.6999999999999993,-11.0,-0.135,0.07500000000000007,0.0,-15,0,0,0,0,1
2014,6,Championship,Kentucky,UConn,8,7,-1,0.8399999999999999,1.2699999999999996,3.5,-3.6299999999999955,0.4000000000000057,-0.015000000000000013,0.6999999999999993,11.0,0.135,-0.07500000000000007,0.0,15,0,0,0,0,0
2015,1,First Round,Villanova,Lafayette,1,16,15,26.5,10.67,4.0,28.099999999999994,0.20000000000000284,-0.0040000000000000036,1.0999999999999996,4.100000000000001,0.11299999999999999,0.31060606060606055,0.38888888888888884,8,1,0,1,1,1
2015,1,First Round,Lafayette,Villanova,16,1,-15,-26.5,-10.67,-4.0,-28.099999999999994,-0.20000000000000284,0.0040000000000000036,-1.0999999999999996,-4.100000000000001,-0.11299999999999999,-0.31060606060606055,-0.38888888888888884,-8,0,1,1,1,0
2015,1,First Round,NC State,LSU,8,9,1,2.719999999999999,4.090000000000001,4.900000000000006,-2.3900000000000006,-5.099999999999994,-0.010000000000000009,3.8000000000000007,0.10000000000000142,0.01899999999999996,-0.05555555555555547,-0.05555555555555558,-6,0,0,0,0,1
2015,1,First Round,LSU,NC State,9,8,-1,-2.719999999999999,-4.090000000000001,-4.900000000000006,2.3900000000000006,5.099999999999994,0.010000000000000009,-3.8000000000000007,-0.10000000000000142,-0.01899999999999996,0.05555555555555547,0.05555555555555558,6,0,0,0,0,0
2015,1,First Round,Northern Iowa,Wyoming,5,12,7,8.729999999999999,2.04,8.800000000000011,4.269999999999996,-0.8999999999999986,0.03300000000000003,0.9999999999999982,4.699999999999999,0.0040000000000000036,0.17142857142857137,0.2777777777777777,-1,0,0,1,1,1
2015,1,First Round,Wyoming,Northern Iowa,12,5,-7,-8.729999999999999,-2.04,-8.800000000000011,-4.269999999999996,0.8999999999999986,-0.03300000000000003,-0.9999999999999982,-4.699999999999999,-0.0040000000000000036,-0.17142857142857137,-0.2777777777777777,1,0,0,1,1,0
2015,1,First Round,Louisville,UC Irvine,4,13,9,14.490000000000002,8.530000000000001,-0.7000000000000028,13.549999999999997,1.7999999999999972,-0.04300000000000004,1.4000000000000004,4.5000000000000036,0.09500000000000003,0.13235294117647056,-0.02083333333333337,8,0,0,0,1,1
2015,1,First Round,UC Irvine,Louisville,13,4,-9,-14.490000000000002,-8.530000000000001,0.7000000000000028,-13.549999999999997,-1.7999999999999972,0.04300000000000004,-1.4000000000000004,-4.5000000000000036,-0.09500000000000003,-0.13235294117647056,0.02083333333333337,-8,0,0,1,0,0
2015,1,First Round,Dayton,Providence,11,6,-5,-2.7300000000000004,-5.44,-0.30000000000001137,-0.6599999999999966,-1.5,0.04600000000000004,-0.8000000000000007,-11.8,0.07500000000000001,0.1029411764705882,0.11111111111111105,1,0,0,0,0,1
2015,1,First Round,Providence,Dayton,6,11,5,2.7300000000000004,5.44,0.30000000000001137,0.6599999999999966,1.5,-0.04600000000000004,0.8000000000000007,11.8,-0.07500000000000001,-0.1029411764705882,-0.11111111111111105,-1,0,0,0,0,0
2015,1,First Round,Oklahoma,Albany (NY),3,14,11,18.99,15.12,-1.2000000000000028,18.61999999999999,6.200000000000003,-0.006000000000000005,1.0999999999999996,-1.1000000000000014,-0.062,-0.04155844155844157,-0.27083333333333337,3,0,1,0,1,1
2015,1,First Round,Albany (NY),Oklahoma,14,3,-11,-18.99,-15.12,1.2000000000000028,-18.61999999999999,-6.200000000000003,0.006000000000000005,-1.0999999999999996,1.1000000000000014,0.062,0.04155844155844157,0.27083333333333337,-3,1,0,1,0,0
2015,1,First Round,Michigan State,Georgia,7,10,3,5.040000000000001,1.4000000000000004,6.900000000000006,0.5700000000000074,-1.9000000000000057,0.04700000000000004,1.5999999999999996,1.1999999999999957,-0.14999999999999997,0.05594405594405594,0.05555555555555547,6,0,0,0,0,1
2015,1,First Round,Georgia,Michigan State,10,7,-3,-5.040000000000001,-1.4000000000000004,-6.900000000000006,-0.5700000000000074,1.9000000000000057,-0.04700000000000004,-1.5999999999999996,-1.1999999999999957,0.14999999999999997,-0.05594405594405594,-0.05555555555555547,-6,0,0,0,0,0
2015,1,First Round,Virginia,Belmont,2,15,13,21.38,10.58,0.8999999999999915,25.299999999999997,-8.899999999999999,-0.06099999999999994,4.4,5.200000000000003,0.024999999999999967,0.21568627450980393,0.20138888888888884,6,1,1,0,1,1
2015,1,First Round,Belmont,Virginia,15,2,-13,-21.38,-10.58,-0.8999999999999915,-25.299999999999997,8.899999999999999,0.06099999999999994,-4.4,-5.200000000000003,-0.024999999999999967,-0.21568627450980393,-0.20138888888888884,-6,1,1,1,0,0
2015,2,Second Round,NC State,Villanova,8,1,-7,-9.02,2.170000000000001,-8.900000000000006,-7.140000000000001,-0.5,-0.06000000000000005,0.5,1.5,-0.064,-0.30555555555555547,-0.33333333333333326,-6,0,1,0,1,1
2015,2,Second Round,Villanova,NC State,1,8,7,9.02,-2.170000000000001,8.900000000000006,7.140000000000001,0.5,0.06000000000000005,-0.5,-1.5,0.064,0.30555555555555547,0.33333333333333326,6,1,0,1,0,0
2015,2,Second Round,Louisville,Northern Iowa,4,5,1,5.580000000000002,6.98,-7.400000000000006,8.239999999999995,8.100000000000001,-0.08200000000000007,1.5,7.700000000000003,-0.01100000000000001,-0.13571428571428568,-0.2222222222222222,8,0,0,0,1,1
2015,2,Second Round,Northern Iowa,Louisville,5,4,-1,-5.580000000000002,-6.98,7.400000000000006,-8.239999999999995,-8.100000000000001,0.08200000000000007,-1.5,-7.700000000000003,0.01100000000000001,0.13571428571428568,0.2222222222222222,-8,0,0,1,0,0
2015,2,Second Round,Oklahoma,Dayton,3,11,8,7.669999999999998,5.88,0.10000000000000853,7.019999999999996,3.200000000000003,-0.03700000000000003,1.0000000000000018,8.2,-0.15399999999999997,-0.06428571428571428,-0.05555555555555558,0,0,0,0,0,1
2015,2,Second Round,Dayton,Oklahoma,11,3,-8,-7.669999999999998,-5.88,-0.10000000000000853,-7.019999999999996,-3.200000000000003,0.03700000000000003,-1.0000000000000018,-8.2,0.15399999999999997,0.06428571428571428,0.05555555555555558,0,0,0,0,0,0
2015,2,Second Round,Michigan State,Virginia,7,2,-5,-4.27,2.1900000000000004,-1.0999999999999943,-8.649999999999991,4.399999999999999,0.026000000000000023,-1.5,-0.8000000000000043,-0.021999999999999964,-0.19004524886877827,-0.2222222222222222,1,0,1,0,0,1
2015,2,Second Round,Virginia,Michigan State,2,7,5,4.27,-2.1900000000000004,1.0999999999999943,8.649999999999991,-4.399999999999999,-0.026000000000000023,1.5,0.8000000000000043,0.021999999999999964,0.19004524886877827,0.2222222222222222,-1,1,0,0,0,0
2015,3,Sweet Sixteen,Louisville,NC State,4,8,4,4.010000000000002,-0.7400000000000002,-3.5,9.549999999999997,1.0,-0.016000000000000014,-0.9000000000000004,0.7000000000000028,0.03300000000000003,0.13888888888888884,0.11111111111111105,6,0,0,0,0,1
2015,3,Sweet Sixteen,NC State,Louisville,8,4,-4,-4.010000000000002,0.7400000000000002,3.5,-9.549999999999997,-1.0,0.016000000000000014,0.9000000000000004,-0.7000000000000028,-0.03300000000000003,-0.13888888888888884,-0.11111111111111105,-6,0,0,0,0,0
2015,3,Sweet Sixteen,Michigan State,Oklahoma,7,3,-4,-1.1899999999999977,0.0600000000000005,4.5,-4.97999999999999,-4.400000000000006,0.039000000000000035,0.1999999999999993,1.8999999999999986,-0.0010000000000000009,0.00659340659340657,0.0,4,0,0,0,0,1
2015,3,Sweet Sixteen,Oklahoma,Michigan State,3,7,4,1.1899999999999977,-0.0600000000000005,-4.5,4.97999999999999,4.400000000000006,-0.039000000000000035,-0.1999999999999993,-1.8999999999999986,0.0010000000000000009,-0.00659340659340657,0.0,-4,0,0,0,0,0
2015,4,Elite Eight,Michigan State,Louisville,7,4,-3,-0.6600000000000001,1.0199999999999996,5.200000000000003,-5.529999999999987,-2.5,0.05500000000000005,-0.5,-1.3000000000000043,-0.06,-0.05769230769230771,0.0,-1,0,0,0,0,1
2015,4,Elite Eight,Louisville,Michigan State,4,7,3,0.6600000000000001,-1.0199999999999996,-5.200000000000003,5.529999999999987,2.5,-0.05500000000000005,0.5,1.3000000000000043,0.06,0.05769230769230771,0.0,1,0,0,0,0,0
2015,1,First Round,Kentucky,Hampton,1,16,15,36.97,15.75,19.400000000000006,26.02000000000001,-5.799999999999997,0.059,3.700000000000001,7.699999999999999,0.0010000000000000009,0.48864468864468863,0.5,22,1,0,1,1,1
2015,1,First Round,Hampton,Kentucky,16,1,-15,-36.97,-15.75,-19.400000000000006,-26.02000000000001,5.799999999999997,-0.059,-3.700000000000001,-7.699999999999999,-0.0010000000000000009,-0.48864468864468863,-0.5,-22,0,1,1,1,0
2015,1,First Round,Cincinnati,Purdue,8,9,1,-2.209999999999999,-3.2399999999999993,-3.6000000000000085,0.5,-5.399999999999999,-0.007000000000000006,-0.8999999999999986,0.7999999999999972,-0.045999999999999985,0.05882352941176472,0.05555555555555558,-1,0,0,0,0,1
2015,1,First Round,Purdue,Cincinnati,9,8,-1,2.209999999999999,3.2399999999999993,3.6000000000000085,-0.5,5.399999999999999,0.007000000000000006,0.8999999999999986,-0.7999999999999972,0.045999999999999985,-0.05882352941176472,-0.05555555555555558,1,0,0,0,0,0
2015,1,First Round,West Virginia,Buffalo,5,12,7,7.1899999999999995,7.6899999999999995,-3.5999999999999943,6.430000000000007,0.0,-0.025999999999999968,-1.0,5.700000000000003,-0.021999999999999964,0.017316017316017285,-0.05555555555555547,2,0,1,0,1,1
2015,1,First Round,Buffalo,West Virginia,12,5,-7,-7.1899999999999995,-7.6899999999999995,3.5999999999999943,-6.430000000000007,0.0,0.025999999999999968,1.0,-5.700000000000003,0.021999999999999964,-0.017316017316017285,0.05555555555555547,-2,1,0,1,0,0
2015,1,First Round,Maryland,Valparaiso,4,13,9,7.03,9.629999999999999,-2.5,2.510000000000005,0.9000000000000057,-0.008000000000000007,-0.3000000000000007,-6.700000000000003,0.07700000000000001,-0.0235294117647058,-0.03472222222222221,3,0,1,0,1,1
2015,1,First Round,Valparaiso,Maryland,13,4,-9,-7.03,-9.629999999999999,2.5,-2.510000000000005,-0.9000000000000057,0.008000000000000007,0.3000000000000007,6.700000000000003,-0.07700000000000001,0.0235294117647058,0.03472222222222221,-3,1,0,1,0,0
2015,1,First Round,Butler,Texas,6,11,5,0.4800000000000004,-0.45000000000000107,0.0,2.480000000000004,1.3000000000000043,-0.007000000000000006,2.5,-3.1999999999999957,0.04299999999999998,0.08823529411764708,0.2222222222222222,-3,0,0,0,0,1
2015,1,First Round,Texas,Butler,11,6,-5,-0.4800000000000004,0.45000000000000107,0.0,-2.480000000000004,-1.3000000000000043,0.007000000000000006,-2.5,3.1999999999999957,-0.04299999999999998,-0.08823529411764708,-0.2222222222222222,3,0,0,0,0,0
2015,1,First Round,Notre Dame,Northeastern,3,14,11,17.2,8.36,13.700000000000003,4.670000000000002,0.20000000000000284,0.03799999999999992,6.1,-2.200000000000003,-0.045999999999999985,0.18496240601503755,0.11111111111111116,4,0,1,1,1,1
2015,1,First Round,Northeastern,Notre Dame,14,3,-11,-17.2,-8.36,-13.700000000000003,-4.670000000000002,-0.20000000000000284,-0.03799999999999992,-6.1,2.200000000000003,0.045999999999999985,-0.18496240601503755,-0.11111111111111116,-4,1,0,1,1,0
2015,1,First Round,Wichita State,Indiana,7,10,3,2.620000000000001,-3.52,-2.5999999999999943,11.780000000000001,-5.000000000000007,-0.03700000000000003,2.0,-0.30000000000000426,0.04299999999999998,0.26890756302521,0.4444444444444444,-1,1,0,0,0,1
2015,1,First Round,Indiana,Wichita State,10,7,-3,-2.620000000000001,3.52,2.5999999999999943,-11.780000000000001,5.000000000000007,0.03700000000000003,-2.0,0.30000000000000426,-0.04299999999999998,-0.26890756302521,-0.4444444444444444,1,0,1,0,0,0
2015,1,First Round,Kansas,New Mexico State,2,15,13,14.759999999999998,15.8,-1.1000000000000085,10.11,3.8000000000000043,-0.015000000000000013,1.8999999999999986,-5.0,-0.015000000000000013,0.07352941176470584,-0.2063492063492064,6,1,1,0,1,1
2015,1,First Round,New Mexico State,Kansas,15,2,-13,-14.759999999999998,-15.8,1.1000000000000085,-10.11,-3.8000000000000043,0.015000000000000013,-1.8999999999999986,5.0,0.015000000000000013,-0.07352941176470584,0.2063492063492064,-6,1,1,1,0,0
2015,2,Second Round,Kentucky,Cincinnati,1,8,7,18.0,4.27,12.700000000000003,12.480000000000004,4.100000000000001,0.020000000000000018,4.1,2.200000000000003,0.068,0.2978883861236802,0.2777777777777778,19,1,0,1,0,1
2015,2,Second Round,Cincinnati,Kentucky,8,1,-7,-18.0,-4.27,-12.700000000000003,-12.480000000000004,-4.100000000000001,-0.020000000000000018,-4.1,-2.200000000000003,-0.068,-0.2978883861236802,-0.2777777777777778,-19,0,1,0,1,0
2015,2,Second Round,West Virginia,Maryland,5,4,-1,1.799999999999999,1.6599999999999993,-1.1999999999999886,1.25,4.0,-0.05099999999999999,1.5999999999999996,11.300000000000004,-0.04099999999999998,-0.08571428571428574,-0.16666666666666663,-2,0,0,0,0,1
2015,2,Second Round,Maryland,West Virginia,4,5,1,-1.799999999999999,-1.6599999999999993,1.1999999999999886,-1.25,-4.0,0.05099999999999999,-1.5999999999999996,-11.300000000000004,0.04099999999999998,0.08571428571428574,0.16666666666666663,2,0,0,0,0,0
2015,2,Second Round,Notre Dame,Butler,3,6,3,2.59,-1.5999999999999996,14.5,-11.75,-0.5,0.09899999999999998,1.4000000000000004,-6.800000000000004,-0.04099999999999998,0.16563467492260053,0.11111111111111116,3,0,0,1,0,1
2015,2,Second Round,Butler,Notre Dame,6,3,-3,-2.59,1.5999999999999996,-14.5,11.75,0.5,-0.09899999999999998,-1.4000000000000004,6.800000000000004,0.04099999999999998,-0.16563467492260053,-0.11111111111111116,-3,0,0,0,1,0
2015,2,Second Round,Wichita State,Kansas,7,2,-5,-2.9099999999999984,-8.450000000000001,6.400000000000006,-0.9599999999999937,-4.800000000000004,0.013000000000000012,3.700000000000001,0.0,-0.055999999999999994,0.1071428571428571,0.2222222222222222,-6,1,1,0,0,1
2015,2,Second Round,Kansas,Wichita State,2,7,5,2.9099999999999984,8.450000000000001,-6.400000000000006,0.9599999999999937,4.800000000000004,-0.013000000000000012,-3.700000000000001,0.0,0.055999999999999994,-0.1071428571428571,-0.2222222222222222,6,1,1,0,0,0
2015,3,Sweet Sixteen,Kentucky,West Virginia,1,5,4,13.6,-0.6199999999999992,10.599999999999994,12.36,-5.0,0.05399999999999999,1.5,-0.7000000000000028,0.034999999999999976,0.26007326007326004,0.38888888888888884,20,1,0,1,0,1
2015,3,Sweet Sixteen,West Virginia,Kentucky,5,1,-4,-13.6,0.6199999999999992,-10.599999999999994,-12.36,5.0,-0.05399999999999999,-1.5,0.7000000000000028,-0.034999999999999976,-0.26007326007326004,-0.38888888888888884,-20,0,1,0,1,0
2015,3,Sweet Sixteen,Notre Dame,Wichita State,3,7,4,3.67,3.3399999999999994,7.700000000000003,-7.799999999999997,1.8000000000000043,0.07599999999999996,-0.3000000000000007,-7.0,-0.0030000000000000027,-0.015037593984962405,-0.16666666666666663,1,0,1,1,0,1
2015,3,Sweet Sixteen,Wichita State,Notre Dame,7,3,-4,-3.67,-3.3399999999999994,-7.700000000000003,7.799999999999997,-1.8000000000000043,-0.07599999999999996,0.3000000000000007,7.0,0.0030000000000000027,0.015037593984962405,0.16666666666666663,-1,1,0,0,1,0
2015,4,Elite Eight,Kentucky,Notre Dame,1,3,2,9.489999999999998,1.6500000000000004,-4.900000000000006,19.11,0.0,-0.06799999999999995,-0.6999999999999993,11.600000000000001,0.07200000000000001,0.13225371120107965,0.2222222222222222,18,1,0,1,1,1
2015,4,Elite Eight,Notre Dame,Kentucky,3,1,-2,-9.489999999999998,-1.6500000000000004,4.900000000000006,-19.11,0.0,0.06799999999999995,0.6999999999999993,-11.600000000000001,-0.07200000000000001,-0.13225371120107965,-0.2222222222222222,-18,0,1,1,1,0
2015,1,First Round,Duke,Robert Morris,1,16,15,27.99,13.37,16.80000000000001,15.349999999999994,-0.7999999999999972,0.06499999999999995,3.299999999999999,4.799999999999997,0.04300000000000004,0.32600732600732607,0.16666666666666674,16,0,0,0,1,1
2015,1,First Round,Robert Morris,Duke,16,1,-15,-27.99,-13.37,-16.80000000000001,-15.349999999999994,0.7999999999999972,-0.06499999999999995,-3.299999999999999,-4.799999999999997,-0.04300000000000004,-0.32600732600732607,-0.16666666666666674,-16,0,0,1,0,0
2015,1,First Round,San Diego State,St. John's,8,9,1,-0.03999999999999915,-4.799999999999999,-3.8999999999999915,7.3500000000000085,-6.799999999999997,-0.02699999999999997,-1.700000000000001,7.0,-0.0010000000000000009,0.11363636363636365,0.2222222222222222,0,1,0,0,0,1
2015,1,First Round,St. John's,San Diego State,9,8,-1,0.03999999999999915,4.799999999999999,3.8999999999999915,-7.3500000000000085,6.799999999999997,0.02699999999999997,1.700000000000001,-7.0,0.0010000000000000009,-0.11363636363636365,-0.2222222222222222,0,0,1,0,0,0
2015,1,First Round,Utah,Stephen F. Austin,5,12,7,12.370000000000001,11.620000000000001,-1.7000000000000028,12.730000000000004,-5.399999999999999,0.0,1.3999999999999986,-6.299999999999997,0.0050000000000000044,-0.11008403361344532,-0.2222222222222222,3,0,1,0,1,1
2015,1,First Round,Stephen F. Austin,Utah,12,5,-7,-12.370000000000001,-11.620000000000001,1.7000000000000028,-12.730000000000004,5.399999999999999,0.0,-1.3999999999999986,6.299999999999997,-0.0050000000000000044,0.11008403361344532,0.2222222222222222,-3,1,0,1,0,0
2015,1,First Round,Georgetown,Eastern Washington,4,13,9,14.690000000000001,13.65,-9.0,18.519999999999996,-3.700000000000003,-0.049000000000000044,-2.799999999999999,4.399999999999999,0.08700000000000002,-0.07619047619047625,-0.11111111111111116,0,0,1,0,1,1
2015,1,First Round,Eastern Washington,Georgetown,13,4,-9,-14.690000000000001,-13.65,9.0,-18.519999999999996,3.700000000000003,0.049000000000000044,2.799999999999999,-4.399999999999999,-0.08700000000000002,0.07619047619047625,0.11111111111111116,0,1,0,1,0,0
2015,1,First Round,UCLA,SMU,11,6,-5,-0.8699999999999992,4.699999999999999,-2.700000000000003,-2.4599999999999937,4.0,-0.02100000000000002,1.9000000000000004,-3.3000000000000043,-0.08300000000000002,-0.18300653594771232,-0.2222222222222222,3,0,1,0,1,1
2015,1,First Round,SMU,UCLA,6,11,5,0.8699999999999992,-4.699999999999999,2.700000000000003,2.4599999999999937,-4.0,0.02100000000000002,-1.9000000000000004,3.3000000000000043,0.08300000000000002,0.18300653594771232,0.2222222222222222,-3,1,0,1,0,0
2015,1,First Round,UAB,Iowa State,14,3,-11,-16.0,-7.53,-9.900000000000006,-6.269999999999996,-3.8999999999999915,-0.06600000000000006,-2.9000000000000004,5.900000000000002,-0.015000000000000013,-0.1797385620915033,0.0,-7,0,0,1,1,1
2015,1,First Round,Iowa State,UAB,3,14,11,16.0,7.53,9.900000000000006,6.269999999999996,3.8999999999999915,0.06600000000000006,2.9000000000000004,-5.900000000000002,0.015000000000000013,0.1797385620915033,0.0,7,0,0,1,1,0
2015,1,First Round,Iowa,Davidson,7,10,3,3.8599999999999994,5.200000000000001,-9.699999999999989,11.149999999999991,-2.700000000000003,-0.07500000000000007,-2.200000000000001,5.600000000000001,0.09300000000000003,-0.1029411764705882,-0.11111111111111116,2,0,1,0,0,1
2015,1,First Round,Davidson,Iowa,10,7,-3,-3.8599999999999994,-5.200000000000001,9.699999999999989,-11.149999999999991,2.700000000000003,0.07500000000000007,2.200000000000001,-5.600000000000001,-0.09300000000000003,0.1029411764705882,0.11111111111111116,-2,1,0,0,0,0
2015,1,First Round,Gonzaga,North Dakota State,2,15,13,22.84,8.75,16.599999999999994,12.030000000000001,3.3000000000000043,0.08299999999999996,0.09999999999999964,8.5,0.029000000000000026,0.22408293460925033,0.19444444444444442,6,1,1,1,1,1
2015,1,First Round,North Dakota State,Gonzaga,15,2,-13,-22.84,-8.75,-16.599999999999994,-12.030000000000001,-3.3000000000000043,-0.08299999999999996,-0.09999999999999964,-8.5,-0.029000000000000026,-0.22408293460925033,-0.19444444444444442,-6,1,1,1,1,0
2015,2,Second Round,Duke,San Diego State,1,8,7,13.159999999999998,5.629999999999999,18.700000000000003,-3.8500000000000085,5.1000000000000085,0.09899999999999992,1.5,0.3999999999999986,0.03600000000000003,0.14743589743589747,0.05555555555555558,15,0,1,0,0,1
2015,2,Second Round,San Diego State,Duke,8,1,-7,-13.159999999999998,-5.629999999999999,-18.700000000000003,3.8500000000000085,-5.1000000000000085,-0.09899999999999992,-1.5,-0.3999999999999986,-0.03600000000000003,-0.14743589743589747,-0.05555555555555558,-15,1,0,0,0,0
2015,2,Second Round,Utah,Georgetown,5,4,-1,5.5,-2.3900000000000006,5.400000000000006,4.910000000000011,-1.999999999999993,0.04400000000000004,0.29999999999999716,-2.6999999999999957,-0.007000000000000006,0.07619047619047625,0.05555555555555558,1,0,0,0,0,1
2015,2,Second Round,Georgetown,Utah,4,5,1,-5.5,2.3900000000000006,-5.400000000000006,-4.910000000000011,1.999999999999993,-0.04400000000000004,-0.29999999999999716,2.6999999999999957,0.007000000000000006,-0.07619047619047625,-0.05555555555555558,-1,0,0,0,0,0
2015,2,Second Round,UCLA,UAB,11,14,3,10.13,6.6499999999999995,4.599999999999994,4.460000000000008,1.3999999999999915,0.019000000000000017,1.9000000000000004,-0.4000000000000057,0.007000000000000006,0.05555555555555558,-0.05555555555555547,7,0,0,0,1,1
2015,2,Second Round,UAB,UCLA,14,11,-3,-10.13,-6.6499999999999995,-4.599999999999994,-4.460000000000008,-1.3999999999999915,-0.019000000000000017,-1.9000000000000004,0.4000000000000057,-0.007000000000000006,-0.05555555555555558,0.05555555555555547,-7,0,0,1,0,0
2015,2,Second Round,Gonzaga,Iowa,2,7,5,5.290000000000001,-3.2700000000000005,12.899999999999991,0.6000000000000085,0.7000000000000028,0.10299999999999998,0.5,-1.5,0.007000000000000006,0.27399380804953555,0.2777777777777778,4,1,0,1,0,1
2015,2,Second Round,Iowa,Gonzaga,7,2,-5,-5.290000000000001,3.2700000000000005,-12.899999999999991,-0.6000000000000085,-0.7000000000000028,-0.10299999999999998,-0.5,1.5,-0.007000000000000006,-0.27399380804953555,-0.2777777777777778,-4,0,1,0,1,0
2015,3,Sweet Sixteen,Duke,Utah,1,5,4,3.9899999999999984,2.4499999999999993,5.900000000000006,-2.960000000000008,3.3000000000000043,0.008999999999999897,2.200000000000001,4.199999999999996,-0.033999999999999975,0.15457875457875458,0.11111111111111116,13,0,0,0,0,1
2015,3,Sweet Sixteen,Utah,Duke,5,1,-4,-3.9899999999999984,-2.4499999999999993,-5.900000000000006,2.960000000000008,-3.3000000000000043,-0.008999999999999897,-2.200000000000001,-4.199999999999996,0.033999999999999975,-0.15457875457875458,-0.11111111111111116,-13,0,0,0,0,0
2015,3,Sweet Sixteen,Gonzaga,UCLA,2,11,9,9.05,-3.1499999999999995,14.200000000000003,5.159999999999997,-2.0999999999999943,0.08799999999999997,1.0,0.30000000000000426,0.030000000000000027,0.3099415204678362,0.33333333333333326,-1,1,0,1,0,1
2015,3,Sweet Sixteen,UCLA,Gonzaga,11,2,-9,-9.05,3.1499999999999995,-14.200000000000003,-5.159999999999997,2.0999999999999943,-0.08799999999999997,-1.0,-0.30000000000000426,-0.030000000000000027,-0.3099415204678362,-0.33333333333333326,1,0,1,0,1,0
2015,4,Elite Eight,Duke,Gonzaga,1,2,1,3.849999999999998,4.749999999999999,-0.8999999999999915,0.8799999999999955,0.7000000000000028,-0.018000000000000016,0.0,1.6999999999999957,0.01100000000000001,-0.023616734143049878,-0.11111111111111105,10,0,1,0,1,1
2015,4,Elite Eight,Gonzaga,Duke,2,1,-1,-3.849999999999998,-4.749999999999999,0.8999999999999915,-0.8799999999999955,-0.7000000000000028,0.018000000000000016,0.0,-1.6999999999999957,-0.01100000000000001,0.023616734143049878,0.11111111111111105,-10,1,0,1,0,0
2015,1,First Round,Wisconsin,Coastal Carolina,1,16,15,25.63,16.47,11.200000000000003,14.090000000000003,-5.700000000000003,0.04800000000000004,4.300000000000001,-5.399999999999999,-0.04899999999999999,0.1941176470588235,0.2222222222222222,4,1,0,1,1,1
2015,1,First Round,Coastal Carolina,Wisconsin,16,1,-15,-25.63,-16.47,-11.200000000000003,-14.090000000000003,5.700000000000003,-0.04800000000000004,-4.300000000000001,5.399999999999999,0.04899999999999999,-0.1941176470588235,-0.2222222222222222,-4,0,1,1,1,0
2015,1,First Round,Oregon,Oklahoma State,8,9,1,-1.5199999999999996,-1.9800000000000004,5.700000000000003,-5.139999999999986,3.4000000000000057,0.017000000000000015,1.9000000000000021,3.0,-0.10100000000000003,0.1597222222222222,0.2777777777777778,5,0,0,0,0,1
2015,1,First Round,Oklahoma State,Oregon,9,8,-1,1.5199999999999996,1.9800000000000004,-5.700000000000003,5.139999999999986,-3.4000000000000057,-0.017000000000000015,-1.9000000000000021,-3.0,0.10100000000000003,-0.1597222222222222,-0.2777777777777778,-5,0,0,0,0,0
2015,1,First Round,Arkansas,Wofford,5,12,7,11.51,9.77,3.3999999999999915,3.4299999999999926,7.3999999999999915,-0.016000000000000014,0.7999999999999989,6.600000000000001,-0.009000000000000008,-0.050000000000000044,-0.16666666666666663,3,0,1,0,1,1
2015,1,First Round,Wofford,Arkansas,12,5,-7,-11.51,-9.77,-3.3999999999999915,-3.4299999999999926,-7.3999999999999915,0.016000000000000014,-0.7999999999999989,-6.600000000000001,0.009000000000000008,0.050000000000000044,0.16666666666666663,-3,1,0,1,0,0
2015,1,First Round,UNC,Harvard,4,13,9,16.16,12.01,8.399999999999991,4.609999999999999,8.0,0.03500000000000003,0.9000000000000004,7.299999999999997,-0.040000000000000036,-0.04912280701754379,-0.18888888888888888,7,0,1,0,0,1
2015,1,First Round,Harvard,UNC,13,4,-9,-16.16,-12.01,-8.399999999999991,-4.609999999999999,-8.0,-0.03500000000000003,-0.9000000000000004,-7.299999999999997,0.040000000000000036,0.04912280701754379,0.18888888888888888,-7,1,0,0,0,0
2015,1,First Round,Xavier,Ole Miss,6,11,5,4.029999999999999,2.4700000000000006,1.8999999999999915,1.6999999999999886,-1.4000000000000057,0.05600000000000005,-1.9000000000000004,-3.4999999999999964,0.02400000000000002,0.003974562798092163,-0.11111111111111116,3,0,0,0,0,1
2015,1,First Round,Ole Miss,Xavier,11,6,-5,-4.029999999999999,-2.4700000000000006,-1.8999999999999915,-1.6999999999999886,1.4000000000000057,-0.05600000000000005,1.9000000000000004,3.4999999999999964,-0.02400000000000002,-0.003974562798092163,0.11111111111111116,-3,0,0,0,0,0
2015,1,First Round,Georgia State,Baylor,14,3,-11,-12.380000000000003,-11.36,0.5999999999999943,-10.129999999999995,1.5,0.030000000000000027,2.1999999999999993,-12.399999999999999,-0.0030000000000000027,0.008403361344537785,0.13888888888888884,-3,1,0,1,0,1
2015,1,First Round,Baylor,Georgia State,3,14,11,12.380000000000003,11.36,-0.5999999999999943,10.129999999999995,-1.5,-0.030000000000000027,-2.1999999999999993,12.399999999999999,0.0030000000000000027,-0.008403361344537785,-0.13888888888888884,3,0,1,0,1,0
2015,1,First Round,Ohio State,VCU,10,7,-3,6.890000000000001,1.2700000000000005,6.799999999999997,2.259999999999991,-0.4000000000000057,0.05500000000000005,-1.4000000000000004,1.6999999999999993,-0.026000000000000023,-0.03650793650793649,-0.05555555555555547,1,0,0,0,1,1
2015,1,First Round,VCU,Ohio State,7,10,3,-6.890000000000001,-1.2700000000000005,-6.799999999999997,-2.259999999999991,0.4000000000000057,-0.05500000000000005,1.4000000000000004,-1.6999999999999993,0.026000000000000023,0.03650793650793649,0.05555555555555547,-1,0,0,1,0,0
2015,1,First Round,Arizona,Texas Southern,2,15,13,30.31,13.5,11.200000000000003,23.42,2.0,0.040000000000000036,2.6000000000000014,0.7000000000000028,0.002999999999999947,0.2661654135338346,0.0,11,1,1,1,1,1
2015,1,First Round,Texas Southern,Arizona,15,2,-13,-30.31,-13.5,-11.200000000000003,-23.42,-2.0,-0.040000000000000036,-2.6000000000000014,-0.7000000000000028,-0.002999999999999947,-0.2661654135338346,0.0,-11,1,1,1,1,0
2015,2,Second Round,Wisconsin,Oregon,1,8,7,13.18,2.639999999999999,11.900000000000006,7.11999999999999,-8.5,0.02400000000000002,4.0,1.3000000000000007,0.07600000000000001,0.1777777777777778,0.16666666666666663,-2,1,0,1,0,1
2015,2,Second Round,Oregon,Wisconsin,8,1,-7,-13.18,-2.639999999999999,-11.900000000000006,-7.11999999999999,8.5,-0.02400000000000002,-4.0,-1.3000000000000007,-0.07600000000000001,-0.1777777777777778,-0.16666666666666663,2,0,1,0,1,0
2015,2,Second Round,UNC,Arkansas,4,5,1,6.559999999999999,4.97,2.0,5.0,-0.8999999999999915,0.016000000000000014,-0.7999999999999989,4.299999999999997,-0.020000000000000018,-0.06578947368421051,-0.11111111111111105,4,0,0,0,0,1
2015,2,Second Round,Arkansas,UNC,5,4,-1,-6.559999999999999,-4.97,-2.0,-5.0,0.8999999999999915,-0.016000000000000014,0.7999999999999989,-4.299999999999997,0.020000000000000018,0.06578947368421051,0.11111111111111105,-4,0,0,0,0,0
2015,2,Second Round,Xavier,Georgia State,6,14,8,9.95,11.51,0.0,5.139999999999986,1.2999999999999972,0.007000000000000006,-1.6000000000000014,1.3000000000000007,0.0020000000000000018,-0.0926640926640927,-0.25,2,0,1,0,1,1
2015,2,Second Round,Georgia State,Xavier,14,6,-8,-9.95,-11.51,0.0,-5.139999999999986,-1.2999999999999972,-0.007000000000000006,1.6000000000000014,-1.3000000000000007,-0.0020000000000000018,0.0926640926640927,0.25,-2,1,0,1,0,0
2015,2,Second Round,Arizona,Ohio State,2,10,8,4.649999999999999,0.040000000000000036,1.5,5.700000000000003,0.5,-0.007000000000000006,0.40000000000000036,1.0,0.124,0.20902255639097744,0.2777777777777777,8,1,0,1,0,1
2015,2,Second Round,Ohio State,Arizona,10,2,-8,-4.649999999999999,-0.040000000000000036,-1.5,-5.700000000000003,-0.5,0.007000000000000006,-0.40000000000000036,-1.0,-0.124,-0.20902255639097744,-0.2777777777777777,-8,0,1,0,1,0
2015,3,Sweet Sixteen,Wisconsin,UNC,1,4,3,3.9800000000000004,-1.4700000000000006,9.600000000000009,-0.5799999999999983,-9.700000000000003,0.03200000000000003,4.4,-7.899999999999999,0.009000000000000008,0.21578947368421053,0.2777777777777777,-3,1,0,1,0,1
2015,3,Sweet Sixteen,UNC,Wisconsin,4,1,-3,-3.9800000000000004,1.4700000000000006,-9.600000000000009,0.5799999999999983,9.700000000000003,-0.03200000000000003,-4.4,7.899999999999999,-0.009000000000000008,-0.21578947368421053,-0.2777777777777777,3,0,1,0,1,0
2015,3,Sweet Sixteen,Arizona,Xavier,2,6,4,8.909999999999998,-2.0700000000000003,5.0,10.180000000000007,0.9000000000000057,0.0010000000000000009,1.6000000000000014,3.1999999999999993,0.08599999999999997,0.27311522048364156,0.38888888888888884,8,1,0,1,0,1
2015,3,Sweet Sixteen,Xavier,Arizona,6,2,-4,-8.909999999999998,2.0700000000000003,-5.0,-10.180000000000007,-0.9000000000000057,-0.0010000000000000009,-1.6000000000000014,-3.1999999999999993,-0.08599999999999997,-0.27311522048364156,-0.38888888888888884,-8,0,1,0,1,0
2015,4,Elite Eight,Wisconsin,Arizona,1,2,1,0.28000000000000114,2.879999999999999,6.400000000000006,-6.200000000000003,-7.0,0.013000000000000012,3.5,-2.3999999999999986,-0.10899999999999999,0.0052631578947368585,0.0,-7,1,1,1,1,1
2015,4,Elite Eight,Arizona,Wisconsin,2,1,-1,-0.28000000000000114,-2.879999999999999,-6.400000000000006,6.200000000000003,7.0,-0.013000000000000012,-3.5,2.3999999999999986,0.10899999999999999,-0.0052631578947368585,0.0,7,1,1,1,1,0
2015,6,Championship,Duke,Wisconsin,1,1,0,0.35999999999999943,-0.41999999999999993,-1.7999999999999972,1.3900000000000006,6.400000000000006,0.017999999999999905,-3.200000000000001,3.6999999999999957,0.03600000000000003,-0.002564102564102555,-0.05555555555555547,12,0,1,0,1,1
2015,6,Championship,Wisconsin,Duke,1,1,0,-0.35999999999999943,0.41999999999999993,1.7999999999999972,-1.3900000000000006,-6.400000000000006,-0.017999999999999905,3.200000000000001,-3.6999999999999957,-0.03600000000000003,0.002564102564102555,0.05555555555555547,-12,1,0,1,0,0
2016,1,First Round,UNC,Florida Gulf Coast,1,16,15,24.23,14.51,9.900000000000006,11.180000000000007,0.5,0.0030000000000000027,2.3000000000000007,7.399999999999999,-0.045999999999999985,0.22499999999999998,0.2063492063492064,8,1,0,1,1,1
2016,1,First Round,Florida Gulf Coast,UNC,16,1,-15,-24.23,-14.51,-9.900000000000006,-11.180000000000007,-0.5,-0.0030000000000000027,-2.3000000000000007,-7.399999999999999,0.045999999999999985,-0.22499999999999998,-0.2063492063492064,-8,0,1,1,1,0
2016,1,First Round,Providence,USC,9,8,-1,-1.58,0.8200000000000012,-5.0,3.219999999999999,-2.700000000000003,-0.04200000000000004,0.40000000000000036,-1.8000000000000007,0.02200000000000002,0.06806722689075628,0.05555555555555558,-2,0,0,0,0,1
2016,1,First Round,USC,Providence,8,9,1,1.58,-0.8200000000000012,5.0,-3.219999999999999,2.700000000000003,0.04200000000000004,-0.40000000000000036,1.8000000000000007,-0.02200000000000002,-0.06806722689075628,-0.05555555555555558,2,0,0,0,0,0
2016,1,First Round,Indiana,Chattanooga,5,12,7,16.35,10.36,8.700000000000003,5.359999999999999,1.0,0.06299999999999994,-1.0,4.399999999999999,-0.07499999999999996,-0.05714285714285716,0.0,6,1,1,0,1,1
2016,1,First Round,Chattanooga,Indiana,12,5,-7,-16.35,-10.36,-8.700000000000003,-5.359999999999999,-1.0,-0.06299999999999994,1.0,-4.399999999999999,0.07499999999999996,0.05714285714285716,0.0,-6,1,1,1,0,0
2016,1,First Round,Kentucky,Stony Brook,4,13,9,16.48,14.120000000000001,3.5999999999999943,5.819999999999993,0.29999999999999716,0.01100000000000001,0.8999999999999986,1.2999999999999972,0.057999999999999996,-0.037878787878787845,-0.1527777777777778,17,1,1,1,1,1
2016,1,First Round,Stony Brook,Kentucky,13,4,-9,-16.48,-14.120000000000001,-3.5999999999999943,-5.819999999999993,-0.29999999999999716,-0.01100000000000001,-0.8999999999999986,-1.2999999999999972,-0.057999999999999996,0.037878787878787845,0.1527777777777778,-17,1,1,1,1,0
2016,1,First Round,Notre Dame,Michigan,6,11,5,0.34999999999999964,1.6500000000000004,3.299999999999997,-3.410000000000011,-0.7000000000000028,-0.006000000000000005,-0.09999999999999964,7.599999999999998,0.05099999999999999,0.02777777777777779,0.05555555555555558,-5,0,0,0,0,1
2016,1,First Round,Michigan,Notre Dame,11,6,-5,-0.34999999999999964,-1.6500000000000004,-3.299999999999997,3.410000000000011,0.7000000000000028,0.006000000000000005,0.09999999999999964,-7.599999999999998,-0.05099999999999999,-0.02777777777777779,-0.05555555555555558,5,0,0,0,0,0
2016,1,First Round,Stephen F. Austin,West Virginia,14,3,-11,-12.379999999999999,-15.25,4.900000000000006,-9.569999999999993,-1.1000000000000085,0.04700000000000004,1.5,-7.299999999999997,-0.11700000000000005,0.08067226890756296,0.2777777777777778,-2,1,0,1,0,1
2016,1,First Round,West Virginia,Stephen F. Austin,3,14,11,12.379999999999999,15.25,-4.900000000000006,9.569999999999993,1.1000000000000085,-0.04700000000000004,-1.5,7.299999999999997,0.11700000000000005,-0.08067226890756296,-0.2777777777777778,2,0,1,0,1,0
2016,1,First Round,Wisconsin,Pitt,7,10,3,-2.0700000000000003,0.6500000000000004,-7.1000000000000085,2.8400000000000034,-2.3000000000000114,-0.026000000000000023,0.0,-3.8999999999999986,0.02300000000000002,-0.007792207792207795,0.16666666666666663,0,0,0,0,0,1
2016,1,First Round,Pitt,Wisconsin,10,7,-3,2.0700000000000003,-0.6500000000000004,7.1000000000000085,-2.8400000000000034,2.3000000000000114,0.026000000000000023,0.0,3.8999999999999986,-0.02300000000000002,0.007792207792207795,-0.16666666666666663,0,0,0,0,0,0
2016,1,First Round,Xavier,Weber State,2,15,13,18.4,13.559999999999999,1.7999999999999972,9.840000000000003,3.8000000000000114,-0.04500000000000004,2.099999999999998,8.700000000000003,-0.019000000000000017,0.08067226890756296,-0.05555555555555558,2,0,1,0,1,1
2016,1,First Round,Weber State,Xavier,15,2,-13,-18.4,-13.559999999999999,-1.7999999999999972,-9.840000000000003,-3.8000000000000114,0.04500000000000004,-2.099999999999998,-8.700000000000003,0.019000000000000017,-0.08067226890756296,0.05555555555555558,-2,1,0,1,0,0
2016,2,Second Round,UNC,Providence,1,9,8,11.500000000000002,2.2299999999999986,13.599999999999994,1.8299999999999983,0.4000000000000057,0.04600000000000004,1.200000000000001,9.999999999999996,-0.04999999999999999,0.13928571428571423,0.2222222222222222,7,1,0,1,0,1
2016,2,Second Round,Providence,UNC,9,1,-8,-11.500000000000002,-2.2299999999999986,-13.599999999999994,-1.8299999999999983,-0.4000000000000057,-0.04600000000000004,-1.200000000000001,-9.999999999999996,0.04999999999999999,-0.13928571428571423,-0.2222222222222222,-7,0,1,0,1,0
2016,2,Second Round,Indiana,Kentucky,5,4,-1,-0.6400000000000006,-1.9399999999999995,3.6000000000000085,-2.6899999999999977,1.0,0.051999999999999935,-3.3999999999999986,-0.29999999999999716,-0.03999999999999998,0.021428571428571463,0.11111111111111116,-12,1,1,0,1,1
2016,2,Second Round,Kentucky,Indiana,4,5,1,0.6400000000000006,1.9399999999999995,-3.6000000000000085,2.6899999999999977,-1.0,-0.051999999999999935,3.3999999999999986,0.29999999999999716,0.03999999999999998,-0.021428571428571463,-0.11111111111111116,12,1,1,1,0,0
2016,2,Second Round,Notre Dame,Stephen F. Austin,6,14,8,4.869999999999999,15.04,0.0,-3.680000000000007,-4.599999999999994,-0.0050000000000000044,1.6000000000000014,-2.3000000000000043,-0.01599999999999996,-0.1568627450980392,-0.38888888888888884,2,0,1,0,1,1
2016,2,Second Round,Stephen F. Austin,Notre Dame,14,6,-8,-4.869999999999999,-15.04,0.0,3.680000000000007,4.599999999999994,0.0050000000000000044,-1.6000000000000014,2.3000000000000043,0.01599999999999996,0.1568627450980392,0.38888888888888884,-2,1,0,1,0,0
2016,2,Second Round,Wisconsin,Xavier,7,2,-5,-5.179999999999998,0.9700000000000006,-6.1000000000000085,0.04999999999999716,-8.300000000000011,-0.029000000000000026,0.20000000000000107,-2.200000000000003,-0.03699999999999998,-0.19495798319327728,-0.11111111111111116,-2,0,0,0,0,1
2016,2,Second Round,Xavier,Wisconsin,2,7,5,5.179999999999998,-0.9700000000000006,6.1000000000000085,-0.04999999999999716,8.300000000000011,0.029000000000000026,-0.20000000000000107,2.200000000000003,0.03699999999999998,0.19495798319327728,0.11111111111111116,2,0,0,0,0,0
2016,3,Sweet Sixteen,UNC,Indiana,1,5,4,3.8500000000000014,3.789999999999999,-1.2000000000000028,4.540000000000006,1.1000000000000085,-0.06099999999999994,4.0,3.299999999999997,-0.015000000000000013,0.05357142857142849,-0.05555555555555558,3,1,1,1,0,1
2016,3,Sweet Sixteen,Indiana,UNC,5,1,-4,-3.8500000000000014,-3.789999999999999,1.2000000000000028,-4.540000000000006,-1.1000000000000085,0.06099999999999994,-4.0,-3.299999999999997,0.015000000000000013,-0.05357142857142849,0.05555555555555558,-3,1,1,0,1,0
2016,3,Sweet Sixteen,Notre Dame,Wisconsin,6,7,1,0.6999999999999993,0.16999999999999993,10.100000000000009,-8.980000000000004,0.9000000000000057,0.05500000000000005,1.4000000000000004,-0.7000000000000028,-0.05099999999999999,0.03809523809523807,-0.05555555555555547,1,0,0,0,0,1
2016,3,Sweet Sixteen,Wisconsin,Notre Dame,7,6,-1,-0.6999999999999993,-0.16999999999999993,-10.100000000000009,8.980000000000004,-0.9000000000000057,-0.05500000000000005,-1.4000000000000004,0.7000000000000028,0.05099999999999999,-0.03809523809523807,0.05555555555555547,-1,0,0,0,0,0
2016,4,Elite Eight,UNC,Notre Dame,1,6,5,9.340000000000002,1.1199999999999992,2.799999999999997,9.350000000000009,5.200000000000003,-0.014000000000000012,0.5,8.0,-0.006000000000000005,0.15833333333333333,0.16666666666666663,7,1,0,1,0,1
2016,4,Elite Eight,Notre Dame,UNC,6,1,-5,-9.340000000000002,-1.1199999999999992,-2.799999999999997,-9.350000000000009,-5.200000000000003,0.014000000000000012,-0.5,-8.0,0.006000000000000005,-0.15833333333333333,-0.16666666666666663,-7,0,1,0,1,0
2016,1,First Round,Virginia,Hampton,1,16,15,30.78,19.57,14.0,19.460000000000008,-10.200000000000003,0.08400000000000002,2.5,-4.800000000000001,-0.09299999999999997,0.12753378378378377,-0.09027777777777779,8,0,1,0,1,1
2016,1,First Round,Hampton,Virginia,16,1,-15,-30.78,-19.57,-14.0,-19.460000000000008,10.200000000000003,-0.08400000000000002,-2.5,4.800000000000001,0.09299999999999997,-0.12753378378378377,0.09027777777777779,-8,1,0,1,0,0
2016,1,First Round,Butler,Texas Tech,9,8,-1,4.050000000000001,-2.7,7.299999999999997,-0.3499999999999943,3.0999999999999943,0.026000000000000023,3.0,0.9000000000000021,-0.02899999999999997,0.07291666666666663,0.05555555555555558,-3,0,0,0,0,1
2016,1,First Round,Texas Tech,Butler,8,9,1,-4.050000000000001,2.7,-7.299999999999997,0.3499999999999943,-3.0999999999999943,-0.026000000000000023,-3.0,-0.9000000000000021,0.02899999999999997,-0.07291666666666663,-0.05555555555555558,3,0,0,0,0,0
2016,1,First Round,Little Rock,Purdue,12,5,-7,-13.05,-9.22,-4.6000000000000085,-7.5,-3.299999999999997,-0.016000000000000014,1.3000000000000007,-7.0,-0.03899999999999998,0.11428571428571421,0.18333333333333335,-4,1,0,1,0,1
2016,1,First Round,Purdue,Little Rock,5,12,7,13.05,9.22,4.6000000000000085,7.5,3.299999999999997,0.016000000000000014,-1.3000000000000007,7.0,0.03899999999999998,-0.11428571428571421,-0.18333333333333335,4,0,1,0,1,0
2016,1,First Round,Iowa State,Iona,4,13,9,13.34,11.94,3.5999999999999943,5.599999999999994,-1.0,0.03299999999999992,1.3000000000000007,-3.099999999999998,-0.063,-0.00952380952380949,-0.24444444444444446,9,0,0,0,1,1
2016,1,First Round,Iona,Iowa State,13,4,-9,-13.34,-11.94,-3.5999999999999943,-5.599999999999994,1.0,-0.03299999999999992,-1.3000000000000007,3.099999999999998,0.063,0.00952380952380949,0.24444444444444446,-9,0,0,1,0,0
2016,1,First Round,Gonzaga,Seton Hall,11,6,-5,2.2600000000000016,-4.049999999999999,10.900000000000006,-3.7900000000000063,-2.6000000000000085,0.05500000000000005,1.6999999999999993,-2.4000000000000057,-0.064,0.042483660130718914,0.16666666666666674,6,1,0,1,1,1
2016,1,First Round,Seton Hall,Gonzaga,6,11,5,-2.2600000000000016,4.049999999999999,-10.900000000000006,3.7900000000000063,2.6000000000000085,-0.05500000000000005,-1.6999999999999993,2.4000000000000057,0.064,-0.042483660130718914,-0.16666666666666674,-6,0,1,1,1,0
2016,1,First Round,Utah,Fresno State,3,14,11,10.23,6.549999999999999,6.799999999999997,3.2099999999999937,-2.3999999999999915,0.07000000000000006,-2.9000000000000004,-0.9000000000000021,0.0030000000000000027,0.0357142857142857,0.0,1,0,0,0,1,1
2016,1,First Round,Fresno State,Utah,14,3,-11,-10.23,-6.549999999999999,-6.799999999999997,-3.2099999999999937,2.3999999999999915,-0.07000000000000006,2.9000000000000004,0.9000000000000021,-0.0030000000000000027,-0.0357142857142857,0.0,-1,0,0,1,0,0
2016,1,First Round,Syracuse,Dayton,10,7,-3,3.2799999999999994,4.99,2.200000000000003,0.21000000000000796,-3.6999999999999886,-0.015000000000000013,1.0,4.699999999999999,-0.05399999999999999,-0.13595413595413597,-0.2777777777777778,3,0,1,0,0,1
2016,1,First Round,Dayton,Syracuse,7,10,3,-3.2799999999999994,-4.99,-2.200000000000003,-0.21000000000000796,3.6999999999999886,0.015000000000000013,-1.0,-4.699999999999999,0.05399999999999999,0.13595413595413597,0.2777777777777778,-3,1,0,0,0,0
2016,1,First Round,Middle Tennessee,Michigan State,15,2,-13,-19.93,-7.640000000000001,-13.899999999999991,-8.810000000000002,2.299999999999997,-0.04499999999999993,-0.40000000000000036,-7.899999999999999,0.05499999999999999,-0.11428571428571432,0.0,-6,0,0,1,1,1
2016,1,First Round,Michigan State,Middle Tennessee,2,15,13,19.93,7.640000000000001,13.899999999999991,8.810000000000002,-2.299999999999997,0.04499999999999993,0.40000000000000036,7.899999999999999,-0.05499999999999999,0.11428571428571432,0.0,6,0,0,1,1,0
2016,2,Second Round,Virginia,Butler,1,9,8,5.579999999999998,3.5699999999999994,1.0,7.480000000000004,-8.299999999999997,0.02200000000000002,-0.6999999999999993,-2.3000000000000007,-0.07200000000000001,0.11711711711711714,0.16666666666666663,7,0,0,0,0,1
2016,2,Second Round,Butler,Virginia,9,1,-8,-5.579999999999998,-3.5699999999999994,-1.0,-7.480000000000004,8.299999999999997,-0.02200000000000002,0.6999999999999993,2.3000000000000007,0.07200000000000001,-0.11711711711711714,-0.16666666666666663,-7,0,0,0,0,0
2016,2,Second Round,Iowa State,Little Rock,4,12,8,9.809999999999999,11.92,4.0,-1.5500000000000114,7.0,0.050999999999999934,-0.5,-1.7999999999999972,-0.05399999999999999,-0.19999999999999996,-0.2944444444444444,8,0,1,0,1,1
2016,2,Second Round,Little Rock,Iowa State,12,4,-8,-9.809999999999999,-11.92,-4.0,1.5500000000000114,-7.0,-0.050999999999999934,0.5,1.7999999999999972,0.05399999999999999,0.19999999999999996,0.2944444444444444,-8,1,0,1,0,0
2016,2,Second Round,Gonzaga,Utah,11,3,-8,1.4200000000000017,-4.559999999999999,2.9000000000000057,2.1700000000000017,0.3999999999999915,-0.0040000000000000036,1.3000000000000007,2.099999999999998,-0.04199999999999998,0.02777777777777779,0.11111111111111116,6,1,0,1,0,1
2016,2,Second Round,Utah,Gonzaga,3,11,8,-1.4200000000000017,4.559999999999999,-2.9000000000000057,-2.1700000000000017,-0.3999999999999915,0.0040000000000000036,-1.3000000000000007,-2.099999999999998,0.04199999999999998,-0.02777777777777779,-0.11111111111111116,-6,0,1,0,1,0
2016,2,Second Round,Syracuse,Middle Tennessee,10,15,5,11.959999999999999,10.45,2.0,8.460000000000008,-4.199999999999989,-0.017000000000000015,-0.3000000000000007,4.299999999999997,-0.0010000000000000009,-0.0926640926640927,-0.2222222222222222,5,0,0,0,1,1
2016,2,Second Round,Middle Tennessee,Syracuse,15,10,-5,-11.959999999999999,-10.45,-2.0,-8.460000000000008,4.199999999999989,0.017000000000000015,0.3000000000000007,-4.299999999999997,0.0010000000000000009,0.0926640926640927,0.2222222222222222,-5,0,0,1,0,0
2016,3,Sweet Sixteen,Virginia,Iowa State,1,4,3,5.109999999999999,0.9599999999999991,1.9000000000000057,8.66000000000001,-10.0,-0.02299999999999991,0.9000000000000004,3.6999999999999993,0.06,0.12664092664092663,0.16666666666666663,-1,0,0,0,0,1
2016,3,Sweet Sixteen,Iowa State,Virginia,4,1,-3,-5.109999999999999,-0.9599999999999991,-1.9000000000000057,-8.66000000000001,10.0,0.02299999999999991,-0.9000000000000004,-3.6999999999999993,-0.06,-0.12664092664092663,-0.16666666666666663,1,0,0,0,0,0
2016,3,Sweet Sixteen,Syracuse,Gonzaga,10,11,1,-2.3000000000000025,5.52,-8.700000000000003,2.6500000000000057,-3.1999999999999886,-0.052000000000000046,-0.6000000000000014,1.1000000000000014,0.013999999999999957,-0.1561561561561562,-0.33333333333333337,-3,0,1,0,1,1
2016,3,Sweet Sixteen,Gonzaga,Syracuse,11,10,-1,2.3000000000000025,-5.52,8.700000000000003,-2.6500000000000057,3.1999999999999886,0.052000000000000046,0.6000000000000014,-1.1000000000000014,-0.013999999999999957,0.1561561561561562,0.33333333333333337,3,1,0,1,0,0
2016,4,Elite Eight,Syracuse,Virginia,10,1,-9,-7.42,-1.3699999999999992,-8.299999999999997,-2.1700000000000017,3.4000000000000057,-0.04700000000000004,-2.1000000000000014,3.599999999999998,0.032999999999999974,-0.16216216216216217,-0.2222222222222222,-3,0,0,0,0,1
2016,4,Elite Eight,Virginia,Syracuse,1,10,9,7.42,1.3699999999999992,8.299999999999997,2.1700000000000017,-3.4000000000000057,0.04700000000000004,2.1000000000000014,-3.599999999999998,-0.032999999999999974,0.16216216216216217,0.2222222222222222,3,0,0,0,0,0
2016,1,First Round,Kansas,Austin Peay,1,16,15,29.91,14.200000000000001,8.699999999999989,20.99000000000001,-0.7999999999999972,0.04799999999999993,1.3000000000000007,-0.7000000000000028,-0.07500000000000001,0.368421052631579,0.39583333333333337,7,1,0,1,1,1
2016,1,First Round,Austin Peay,Kansas,16,1,-15,-29.91,-14.200000000000001,-8.699999999999989,-20.99000000000001,0.7999999999999972,-0.04799999999999993,-1.3000000000000007,0.7000000000000028,0.07500000000000001,-0.368421052631579,-0.39583333333333337,-7,0,1,1,1,0
2016,1,First Round,UConn,Colorado,9,8,-1,3.8500000000000014,-1.3599999999999994,2.700000000000003,2.8699999999999903,-4.700000000000003,0.028000000000000025,1.8000000000000007,-6.799999999999997,-0.10200000000000004,0.04738562091503262,0.05555555555555558,1,0,0,1,0,1
2016,1,First Round,Colorado,UConn,8,9,1,-3.8500000000000014,1.3599999999999994,-2.700000000000003,-2.8699999999999903,4.700000000000003,-0.028000000000000025,-1.8000000000000007,6.799999999999997,0.10200000000000004,-0.04738562091503262,-0.05555555555555558,-1,0,0,0,1,0
2016,1,First Round,Maryland,South Dakota State,5,12,7,11.27,9.530000000000001,1.2999999999999972,7.790000000000006,-1.5,0.040000000000000036,-1.9000000000000021,-3.8999999999999986,-0.018000000000000016,-0.014705882352941124,-0.08333333333333337,5,0,1,0,1,1
2016,1,First Round,South Dakota State,Maryland,12,5,-7,-11.27,-9.530000000000001,-1.2999999999999972,-7.790000000000006,1.5,-0.040000000000000036,1.9000000000000021,3.8999999999999986,0.018000000000000016,0.014705882352941124,0.08333333333333337,-5,1,0,1,0,0
2016,1,First Round,Hawaii,California,13,4,-9,-6.360000000000001,-8.91,-1.2000000000000028,-4.569999999999993,3.3999999999999915,-0.0020000000000000018,-0.5,-1.5,0.03200000000000003,0.1470588235294117,0.14583333333333337,-4,1,0,1,0,1
2016,1,First Round,California,Hawaii,4,13,9,6.360000000000001,8.91,1.2000000000000028,4.569999999999993,-3.3999999999999915,0.0020000000000000018,0.5,1.5,-0.03200000000000003,-0.1470588235294117,-0.14583333333333337,4,0,1,0,1,0
2016,1,First Round,Wichita State,Arizona,11,6,-5,-1.3999999999999986,-2.99,-4.0,4.329999999999998,-3.700000000000003,-0.04600000000000004,3.0,-3.1999999999999993,-0.057999999999999996,0.007563025210084007,0.2222222222222222,-5,1,0,0,0,1
2016,1,First Round,Arizona,Wichita State,6,11,5,1.3999999999999986,2.99,4.0,-4.329999999999998,3.700000000000003,0.04600000000000004,-3.0,3.1999999999999993,0.057999999999999996,-0.007563025210084007,-0.2222222222222222,5,0,1,0,0,0
2016,1,First Round,Miami,Buffalo,3,14,11,17.18,9.79,7.3999999999999915,8.11,-6.3999999999999915,0.04300000000000004,1.4000000000000004,-2.3000000000000043,-0.007000000000000006,0.20000000000000007,0.16666666666666663,4,0,0,0,1,1
2016,1,First Round,Buffalo,Miami,14,3,-11,-17.18,-9.79,-7.3999999999999915,-8.11,6.3999999999999915,-0.04300000000000004,-1.4000000000000004,2.3000000000000043,0.007000000000000006,-0.20000000000000007,-0.16666666666666663,-4,0,0,1,0,0
2016,1,First Round,Iowa,Temple,7,10,3,9.32,2.1400000000000006,9.099999999999994,3.2900000000000063,3.299999999999997,0.04300000000000004,-0.7999999999999989,2.6999999999999993,0.064,0.030303030303030276,-0.11111111111111116,2,0,1,0,0,1
2016,1,First Round,Temple,Iowa,10,7,-3,-9.32,-2.1400000000000006,-9.099999999999994,-3.2900000000000063,-3.299999999999997,-0.04300000000000004,0.7999999999999989,-2.6999999999999993,-0.064,-0.030303030303030276,0.11111111111111116,-2,1,0,0,0,0
2016,1,First Round,Villanova,UNC Asheville,2,15,13,22.979999999999997,12.96,9.700000000000003,10.950000000000003,-3.1000000000000085,0.05600000000000005,1.5,-3.8999999999999986,-0.06899999999999995,0.2279411764705882,0.2222222222222222,8,1,0,0,1,1
2016,1,First Round,UNC Asheville,Villanova,15,2,-13,-22.979999999999997,-12.96,-9.700000000000003,-10.950000000000003,3.1000000000000085,-0.05600000000000005,-1.5,3.8999999999999986,0.06899999999999995,-0.2279411764705882,-0.2222222222222222,-8,0,1,1,0,0
2016,2,Second Round,Kansas,UConn,1,9,8,7.98,4.94,6.099999999999994,1.6300000000000097,3.6000000000000085,0.04799999999999993,-1.5,3.799999999999997,0.08600000000000002,0.17397660818713456,0.2222222222222222,4,1,0,1,1,1
2016,2,Second Round,UConn,Kansas,9,1,-8,-7.98,-4.94,-6.099999999999994,-1.6300000000000097,-3.6000000000000085,-0.04799999999999993,1.5,-3.799999999999997,-0.08600000000000002,-0.17397660818713456,-0.2222222222222222,-4,0,1,1,1,0
2016,2,Second Round,Maryland,Hawaii,5,13,8,7.6800000000000015,9.350000000000001,4.799999999999997,1.7399999999999949,-4.299999999999997,0.03500000000000003,-0.8000000000000007,-2.5,-0.065,-0.07352941176470584,-0.14583333333333337,5,0,1,0,1,1
2016,2,Second Round,Hawaii,Maryland,13,5,-8,-7.6800000000000015,-9.350000000000001,-4.799999999999997,-1.7399999999999949,4.299999999999997,-0.03500000000000003,0.8000000000000007,2.5,0.065,0.07352941176470584,0.14583333333333337,-5,1,0,1,0,0
2016,2,Second Round,Miami,Wichita State,3,11,8,1.129999999999999,6.449999999999999,4.5,-6.439999999999998,0.10000000000000853,0.052000000000000046,-1.8000000000000007,-1.8000000000000007,0.02699999999999997,0.02857142857142858,-0.16666666666666663,1,0,1,0,0,1
2016,2,Second Round,Wichita State,Miami,11,3,-8,-1.129999999999999,-6.449999999999999,-4.5,6.439999999999998,-0.10000000000000853,-0.052000000000000046,1.8000000000000007,1.8000000000000007,-0.02699999999999997,-0.02857142857142858,0.16666666666666663,-1,1,0,0,0,0
2016,2,Second Round,Villanova,Iowa,2,7,5,7.069999999999997,1.0,4.0,5.049999999999997,-1.7999999999999972,0.04800000000000004,-1.8000000000000007,-3.8000000000000007,0.01100000000000001,0.20833333333333337,0.2222222222222222,6,1,0,0,0,1
2016,2,Second Round,Iowa,Villanova,7,2,-5,-7.069999999999997,-1.0,-4.0,-5.049999999999997,1.7999999999999972,-0.04800000000000004,1.8000000000000007,3.8000000000000007,-0.01100000000000001,-0.20833333333333337,-0.2222222222222222,-6,0,1,0,0,0
2016,3,Sweet Sixteen,Kansas,Maryland,1,5,4,7.16,2.91,3.0,5.060000000000002,2.4000000000000057,0.008999999999999897,1.1000000000000014,3.6999999999999957,-0.0020000000000000018,0.11842105263157898,0.16666666666666674,2,1,0,1,0,1
2016,3,Sweet Sixteen,Maryland,Kansas,5,1,-4,-7.16,-2.91,-3.0,-5.060000000000002,-2.4000000000000057,-0.008999999999999897,-1.1000000000000014,-3.6999999999999957,0.0020000000000000018,-0.11842105263157898,-0.16666666666666674,-2,0,1,0,1,0
2016,3,Sweet Sixteen,Villanova,Miami,2,3,1,5.559999999999999,-0.9799999999999986,2.200000000000003,5.920000000000002,1.0999999999999943,0.019000000000000017,0.09999999999999964,-1.8999999999999986,-0.06599999999999995,0.10357142857142854,0.16666666666666663,4,1,0,0,0,1
2016,3,Sweet Sixteen,Miami,Villanova,3,2,-1,-5.559999999999999,0.9799999999999986,-2.200000000000003,-5.920000000000002,-1.0999999999999943,-0.019000000000000017,-0.09999999999999964,1.8999999999999986,0.06599999999999995,-0.10357142857142854,-0.16666666666666663,-4,0,1,0,0,0
2016,4,Elite Eight,Villanova,Kansas,2,1,-1,0.2099999999999973,-1.5099999999999998,0.4000000000000057,0.7399999999999949,-2.4000000000000057,-0.0029999999999998916,1.0999999999999996,-4.299999999999997,-0.04099999999999998,0.006578947368421018,0.05555555555555547,1,1,1,0,1,1
2016,4,Elite Eight,Kansas,Villanova,1,2,1,-0.2099999999999973,1.5099999999999998,-0.4000000000000057,-0.7399999999999949,2.4000000000000057,0.0029999999999998916,-1.0999999999999996,4.299999999999997,0.04099999999999998,-0.006578947368421018,-0.05555555555555547,-1,1,1,1,0,0
2016,1,First Round,Oregon,Holy Cross,1,16,15,29.25,14.75,14.399999999999991,16.66000000000001,4.900000000000006,0.04600000000000004,1.0,11.100000000000001,0.04500000000000004,0.38721804511278196,0.5,7,1,0,1,1,1
2016,1,First Round,Holy Cross,Oregon,16,1,-15,-29.25,-14.75,-14.399999999999991,-16.66000000000001,-4.900000000000006,-0.04600000000000004,-1.0,-11.100000000000001,-0.04500000000000004,-0.38721804511278196,-0.5,-7,0,1,1,1,0
2016,1,First Round,Saint Joseph's,Cincinnati,8,9,1,-3.09,-0.3200000000000003,0.7999999999999972,-4.8700000000000045,4.599999999999994,0.019000000000000017,1.3999999999999986,-8.400000000000002,0.04199999999999998,0.11111111111111116,0.05555555555555558,-1,0,0,1,0,1
2016,1,First Round,Cincinnati,Saint Joseph's,9,8,-1,3.09,0.3200000000000003,-0.7999999999999972,4.8700000000000045,-4.599999999999994,-0.019000000000000017,-1.3999999999999986,8.400000000000002,-0.04199999999999998,-0.11111111111111116,-0.05555555555555558,1,0,0,0,1,0
2016,1,First Round,Yale,Baylor,12,5,-7,-7.049999999999999,-10.79,-1.2999999999999972,2.25,-0.6999999999999886,0.008000000000000007,-0.8999999999999986,-0.7000000000000028,0.03799999999999998,0.11960784313725492,0.373015873015873,-2,1,0,0,0,1
2016,1,First Round,Baylor,Yale,5,12,7,7.049999999999999,10.79,1.2999999999999972,-2.25,0.6999999999999886,-0.008000000000000007,0.8999999999999986,0.7000000000000028,-0.03799999999999998,-0.11960784313725492,-0.373015873015873,2,0,1,0,0,0
2016,1,First Round,Duke,UNC Wilmington,4,13,9,12.98,10.24,7.700000000000003,4.3999999999999915,-2.8999999999999915,0.025000000000000022,1.3000000000000007,0.7999999999999972,0.03200000000000003,-0.06313131313131315,-0.16666666666666663,15,0,1,0,1,1
2016,1,First Round,UNC Wilmington,Duke,13,4,-9,-12.98,-10.24,-7.700000000000003,-4.3999999999999915,2.8999999999999915,-0.025000000000000022,-1.3000000000000007,-0.7999999999999972,-0.03200000000000003,0.06313131313131315,0.16666666666666663,-15,1,0,1,0,0
2016,1,First Round,Northern Iowa,Texas,11,6,-5,-6.020000000000001,-7.2700000000000005,0.10000000000000853,-4.569999999999993,-2.700000000000003,0.041000000000000036,-1.0,-13.099999999999998,-0.05399999999999999,0.03282828282828276,0.0,-4,0,0,1,0,1
2016,1,First Round,Texas,Northern Iowa,6,11,5,6.020000000000001,7.2700000000000005,-0.10000000000000853,4.569999999999993,2.700000000000003,-0.041000000000000036,1.0,13.099999999999998,0.05399999999999999,-0.03282828282828276,0.0,4,0,0,0,1,0
2016,1,First Round,Texas A&M,Green Bay,3,14,11,17.29,9.12,2.8000000000000114,14.810000000000002,-8.700000000000003,0.01200000000000001,-0.8000000000000007,3.700000000000003,-0.04799999999999999,0.11786786786786796,0.11111111111111105,5,1,0,0,1,1
2016,1,First Round,Green Bay,Texas A&M,14,3,-11,-17.29,-9.12,-2.8000000000000114,-14.810000000000002,8.700000000000003,-0.01200000000000001,0.8000000000000007,-3.700000000000003,0.04799999999999999,-0.11786786786786796,-0.11111111111111105,-5,0,1,1,0,0
2016,1,First Round,VCU,Oregon State,10,7,-3,3.4399999999999995,-4.91,4.900000000000006,4.060000000000002,1.3999999999999915,0.01100000000000001,0.7000000000000011,4.0000000000000036,-0.05099999999999999,0.10069444444444442,0.2777777777777778,-2,1,0,0,0,1
2016,1,First Round,Oregon State,VCU,7,10,3,-3.4399999999999995,4.91,-4.900000000000006,-4.060000000000002,-1.3999999999999915,-0.01100000000000001,-0.7000000000000011,-4.0000000000000036,0.05099999999999999,-0.10069444444444442,-0.2777777777777778,2,0,1,0,0,0
2016,1,First Round,Oklahoma,CS Bakersfield,2,15,13,17.18,16.29,5.200000000000003,6.4199999999999875,2.5999999999999943,0.04600000000000004,-0.7000000000000011,-3.6000000000000014,-0.043999999999999984,0.05651105651105648,-0.11904761904761907,3,0,0,0,1,1
2016,1,First Round,CS Bakersfield,Oklahoma,15,2,-13,-17.18,-16.29,-5.200000000000003,-6.4199999999999875,-2.5999999999999943,-0.04600000000000004,0.7000000000000011,3.6000000000000014,0.043999999999999984,-0.05651105651105648,0.11904761904761907,-3,0,0,1,0,0
2016,2,Second Round,Oregon,Saint Joseph's,1,8,7,5.950000000000001,3.710000000000001,3.0999999999999943,2.660000000000011,-0.5999999999999943,0.013000000000000012,-1.5999999999999996,6.0000000000000036,0.03200000000000003,0.03801169590643272,0.05555555555555558,5,1,0,1,1,1
2016,2,Second Round,Saint Joseph's,Oregon,8,1,-7,-5.950000000000001,-3.710000000000001,-3.0999999999999943,-2.660000000000011,0.5999999999999943,-0.013000000000000012,1.5999999999999996,-6.0000000000000036,-0.03200000000000003,-0.03801169590643272,-0.05555555555555558,-5,0,1,1,1,0
2016,2,Second Round,Duke,Yale,4,12,8,10.15,11.62,6.200000000000003,-1.4500000000000028,1.5,0.01100000000000001,4.199999999999999,-6.399999999999999,-0.007999999999999952,-0.0722222222222223,-0.31746031746031744,15,0,1,0,0,1
2016,2,Second Round,Yale,Duke,12,4,-8,-10.15,-11.62,-6.200000000000003,1.4500000000000028,-1.5,-0.01100000000000001,-4.199999999999999,6.399999999999999,0.007999999999999952,0.0722222222222223,0.31746031746031744,-15,1,0,0,0,0
2016,2,Second Round,Texas A&M,Northern Iowa,3,11,8,9.67,4.009999999999999,3.700000000000003,8.510000000000005,4.5,-0.02300000000000002,-0.10000000000000142,17.0,0.04099999999999998,0.11786786786786796,0.11111111111111105,5,1,0,0,1,1
2016,2,Second Round,Northern Iowa,Texas A&M,11,3,-8,-9.67,-4.009999999999999,-3.700000000000003,-8.510000000000005,-4.5,0.02300000000000002,0.10000000000000142,-17.0,-0.04099999999999998,-0.11786786786786796,-0.11111111111111105,-5,0,1,1,0,0
2016,2,Second Round,Oklahoma,VCU,2,10,8,5.9300000000000015,6.790000000000001,1.0,1.0699999999999932,1.2000000000000028,0.03300000000000003,-2.200000000000001,-2.200000000000003,0.008000000000000007,0.08933933933933935,-0.11111111111111116,3,0,1,0,0,1
2016,2,Second Round,VCU,Oklahoma,10,2,-8,-5.9300000000000015,-6.790000000000001,-1.0,-1.0699999999999932,-1.2000000000000028,-0.03300000000000003,2.200000000000001,2.200000000000003,-0.008000000000000007,-0.08933933933933935,0.11111111111111116,-3,1,0,0,0,0
2016,3,Sweet Sixteen,Oregon,Duke,1,4,3,-1.1799999999999997,-1.9499999999999993,-4.900000000000006,2.690000000000012,1.0999999999999943,-0.01200000000000001,-1.700000000000001,1.2000000000000028,0.0010000000000000009,0.12134502923976609,0.16666666666666663,-9,1,0,1,0,1
2016,3,Sweet Sixteen,Duke,Oregon,4,1,-3,1.1799999999999997,1.9499999999999993,4.900000000000006,-2.690000000000012,-1.0999999999999943,0.01200000000000001,1.700000000000001,-1.2000000000000028,-0.0010000000000000009,-0.12134502923976609,-0.16666666666666663,9,0,1,0,1,0
2016,3,Sweet Sixteen,Oklahoma,Texas A&M,2,3,1,1.3100000000000023,2.6900000000000013,1.0999999999999943,-2.190000000000012,2.4000000000000057,0.031000000000000028,-1.5,-3.6000000000000014,-0.05099999999999999,0.027027027027026973,-0.05555555555555558,-2,0,1,0,0,1
2016,3,Sweet Sixteen,Texas A&M,Oklahoma,3,2,-1,-1.3100000000000023,-2.6900000000000013,-1.0999999999999943,2.190000000000012,-2.4000000000000057,-0.031000000000000028,1.5,3.6000000000000014,0.05099999999999999,-0.027027027027026973,0.05555555555555558,2,1,0,0,0,0
2016,4,Elite Eight,Oklahoma,Oregon,2,1,-1,1.7100000000000009,2.5,-1.7999999999999972,2.1699999999999875,1.5,0.018000000000000016,-1.9000000000000004,-3.200000000000003,-0.07600000000000001,-0.03200568990042674,-0.11111111111111116,-4,0,1,0,1,1
2016,4,Elite Eight,Oregon,Oklahoma,1,2,1,-1.7100000000000009,-2.5,1.7999999999999972,-2.1699999999999875,-1.5,-0.018000000000000016,1.9000000000000004,3.200000000000003,0.07600000000000001,0.03200568990042674,0.11111111111111116,4,1,0,1,0,0
2016,6,Championship,Villanova,UNC,2,1,-1,0.639999999999997,-0.9799999999999986,-2.5,3.299999999999997,-2.9000000000000057,0.03500000000000003,-1.700000000000001,-12.299999999999997,0.018000000000000016,0.050000000000000044,0.11111111111111105,-1,1,1,0,1,1
2016,6,Championship,UNC,Villanova,1,2,1,-0.639999999999997,0.9799999999999986,2.5,-3.299999999999997,2.9000000000000057,-0.03500000000000003,1.700000000000001,12.299999999999997,-0.018000000000000016,-0.050000000000000044,-0.11111111111111105,1,1,1,1,0,0
2017,1,First Round,Villanova,Mount St. Mary's,1,16,15,28.09,12.79,18.5,14.019999999999996,-2.8000000000000114,0.06499999999999995,2.1000000000000014,7.0,0.025999999999999968,0.33333333333333326,0.05555555555555558,7,1,1,1,1,1
2017,1,First Round,Mount St. Mary's,Villanova,16,1,-15,-28.09,-12.79,-18.5,-14.019999999999996,2.8000000000000114,-0.06499999999999995,-2.1000000000000014,-7.0,-0.025999999999999968,-0.33333333333333326,-0.05555555555555558,-7,1,1,1,1,0
2017,1,First Round,Wisconsin,Virginia Tech,8,9,1,6.629999999999999,1.0199999999999996,-1.7999999999999972,11.909999999999997,-5.299999999999997,-0.04799999999999993,1.1999999999999993,12.300000000000004,-0.07999999999999996,0.06306306306306309,0.11111111111111105,-1,0,0,0,0,1
2017,1,First Round,Virginia Tech,Wisconsin,9,8,-1,-6.629999999999999,-1.0199999999999996,1.7999999999999972,-11.909999999999997,5.299999999999997,0.04799999999999993,-1.1999999999999993,-12.300000000000004,0.07999999999999996,-0.06306306306306309,-0.11111111111111105,1,0,0,0,0,0
2017,1,First Round,Virginia,UNC Wilmington,5,12,7,12.569999999999999,11.48,-10.199999999999989,21.89,-11.200000000000003,-0.031000000000000028,-1.299999999999999,-4.599999999999998,-0.056999999999999995,-0.15210084033613447,-0.2222222222222222,6,0,1,0,1,1
2017,1,First Round,UNC Wilmington,Virginia,12,5,-7,-12.569999999999999,-11.48,10.199999999999989,-21.89,11.200000000000003,0.031000000000000028,1.299999999999999,4.599999999999998,0.056999999999999995,0.15210084033613447,0.2222222222222222,-6,1,0,1,0,0
2017,1,First Round,Florida,ETSU,4,13,9,15.09,13.12,-0.20000000000000284,10.370000000000005,-1.3000000000000114,-0.039000000000000035,3.4000000000000004,0.5,-0.02999999999999997,-0.021428571428571463,0.0,2,0,1,0,1,1
2017,1,First Round,ETSU,Florida,13,4,-9,-15.09,-13.12,0.20000000000000284,-10.370000000000005,1.3000000000000114,0.039000000000000035,-3.4000000000000004,-0.5,0.02999999999999997,0.021428571428571463,0.0,-2,1,0,1,0,0
2017,1,First Round,USC,SMU,11,6,-5,-7.23,1.9500000000000002,-5.3999999999999915,-6.070000000000007,6.3999999999999915,-0.025000000000000022,0.6000000000000014,-6.200000000000003,0.008000000000000007,-0.13492063492063489,-0.38888888888888884,1,0,1,0,1,1
2017,1,First Round,SMU,USC,6,11,5,7.23,-1.9500000000000002,5.3999999999999915,6.070000000000007,-6.3999999999999915,0.025000000000000022,-0.6000000000000014,6.200000000000003,-0.008000000000000007,0.13492063492063489,0.38888888888888884,-1,1,0,1,0,0
2017,1,First Round,Baylor,New Mexico State,3,14,11,15.09,15.69,-0.5999999999999943,12.569999999999993,-4.700000000000003,-0.0010000000000000009,-0.6000000000000014,3.5,-0.09299999999999997,-0.05210084033613438,-0.11904761904761907,0,0,0,0,1,1
2017,1,First Round,New Mexico State,Baylor,14,3,-11,-15.09,-15.69,0.5999999999999943,-12.569999999999993,4.700000000000003,0.0010000000000000009,0.6000000000000014,-3.5,0.09299999999999997,0.05210084033613438,0.11904761904761907,0,0,0,1,0,0
2017,1,First Round,South Carolina,Marquette,7,10,3,2.26,1.5600000000000005,-12.299999999999997,15.420000000000002,-1.1999999999999886,-0.09899999999999998,0.0,6.5,0.08800000000000002,0.10895270270270274,0.11111111111111105,3,0,0,0,0,1
2017,1,First Round,Marquette,South Carolina,10,7,-3,-2.26,-1.5600000000000005,12.299999999999997,-15.420000000000002,1.1999999999999886,0.09899999999999998,0.0,-6.5,-0.08800000000000002,-0.10895270270270274,-0.11111111111111105,-3,0,0,0,0,0
2017,1,First Round,Duke,Troy,2,15,13,22.029999999999998,14.27,4.700000000000003,14.75,-0.19999999999998863,0.020000000000000018,1.1000000000000014,0.0,0.0,0.16216216216216217,0.05555555555555558,19,0,0,1,1,1
2017,1,First Round,Troy,Duke,15,2,-13,-22.029999999999998,-14.27,-4.700000000000003,-14.75,0.19999999999998863,-0.020000000000000018,-1.1000000000000014,0.0,0.0,-0.16216216216216217,-0.05555555555555558,-19,0,0,1,1,0
2017,2,Second Round,Wisconsin,Villanova,8,1,-7,-4.400000000000002,0.120000000000001,-6.8999999999999915,0.8700000000000045,-1.0999999999999943,-0.05399999999999994,0.6999999999999993,5.700000000000003,-0.020999999999999963,-0.15915915915915912,-0.16666666666666674,-6,0,1,0,1,1
2017,2,Second Round,Villanova,Wisconsin,1,8,7,4.400000000000002,-0.120000000000001,6.8999999999999915,-0.8700000000000045,1.0999999999999943,0.05399999999999994,-0.6999999999999993,-5.700000000000003,0.020999999999999963,0.15915915915915912,0.16666666666666674,6,1,0,1,0,0
2017,2,Second Round,Florida,Virginia,4,5,1,1.7699999999999996,0.08000000000000007,2.0999999999999943,-3.1099999999999994,9.799999999999997,-0.008000000000000007,-0.9000000000000004,3.6000000000000014,0.14200000000000002,0.07352941176470584,0.16666666666666663,-5,0,0,0,0,1
2017,2,Second Round,Virginia,Florida,5,4,-1,-1.7699999999999996,-0.08000000000000007,-2.0999999999999943,3.1099999999999994,-9.799999999999997,0.008000000000000007,0.9000000000000004,-3.6000000000000014,-0.14200000000000002,-0.07352941176470584,-0.16666666666666663,5,0,0,0,0,0
2017,2,Second Round,Baylor,USC,3,11,8,8.27,5.469999999999999,0.29999999999999716,9.030000000000001,-4.799999999999997,0.008000000000000007,-3.400000000000002,9.300000000000004,-0.02999999999999997,0.049206349206349254,0.11111111111111105,-2,0,0,0,0,1
2017,2,Second Round,USC,Baylor,11,3,-8,-8.27,-5.469999999999999,-0.29999999999999716,-9.030000000000001,4.799999999999997,-0.008000000000000007,3.400000000000002,-9.300000000000004,0.02999999999999997,-0.049206349206349254,-0.11111111111111105,2,0,0,0,0,0
2017,2,Second Round,South Carolina,Duke,7,2,-5,-4.039999999999999,-0.75,-12.799999999999997,7.409999999999997,0.0,-0.07100000000000006,-1.3000000000000007,1.8999999999999986,0.0050000000000000044,-0.05405405405405406,0.05555555555555547,-15,0,0,0,1,1
2017,2,Second Round,Duke,South Carolina,2,7,5,4.039999999999999,0.75,12.799999999999997,-7.409999999999997,0.0,0.07100000000000006,1.3000000000000007,-1.8999999999999986,-0.0050000000000000044,0.05405405405405406,-0.05555555555555547,15,0,0,1,0,0
2017,3,Sweet Sixteen,Florida,Wisconsin,4,8,4,3.0,1.6099999999999994,-0.7000000000000028,1.480000000000004,5.599999999999994,-0.0050000000000000044,-0.29999999999999893,-3.900000000000002,0.07300000000000001,0.020270270270270285,0.11111111111111116,1,0,0,0,0,1
2017,3,Sweet Sixteen,Wisconsin,Florida,8,4,-4,-3.0,-1.6099999999999994,0.7000000000000028,-1.480000000000004,-5.599999999999994,0.0050000000000000044,0.29999999999999893,3.900000000000002,-0.07300000000000001,-0.020270270270270285,-0.11111111111111116,-1,0,0,0,0,0
2017,3,Sweet Sixteen,South Carolina,Baylor,7,3,-4,-2.2300000000000004,-1.709999999999999,-8.599999999999994,4.189999999999998,4.6000000000000085,-0.05300000000000005,1.6000000000000014,-6.700000000000003,0.06,-0.06872586872586872,0.0,1,0,0,0,0,1
2017,3,Sweet Sixteen,Baylor,South Carolina,3,7,4,2.2300000000000004,1.709999999999999,8.599999999999994,-4.189999999999998,-4.6000000000000085,0.05300000000000005,-1.6000000000000014,6.700000000000003,-0.06,0.06872586872586872,0.0,-1,0,0,0,0,0
2017,4,Elite Eight,South Carolina,Florida,7,4,-3,-4.879999999999999,-0.8499999999999996,-7.099999999999994,1.3399999999999892,-0.19999999999998863,-0.039000000000000035,-0.9000000000000004,1.6999999999999993,-0.0040000000000000036,-0.04729729729729726,-0.11111111111111116,2,0,0,0,0,1
2017,4,Elite Eight,Florida,South Carolina,4,7,3,4.879999999999999,0.8499999999999996,7.099999999999994,-1.3399999999999892,0.19999999999998863,0.039000000000000035,0.9000000000000004,-1.6999999999999993,0.0040000000000000036,0.04729729729729726,0.11111111111111116,-2,0,0,0,0,0
2017,1,First Round,Kansas,UC Davis,1,16,15,28.740000000000002,16.91,16.5,11.189999999999998,1.2000000000000028,0.07100000000000006,2.5000000000000018,5.0,-0.05199999999999999,0.22222222222222232,0.20138888888888884,6,1,0,0,1,1
2017,1,First Round,UC Davis,Kansas,16,1,-15,-28.740000000000002,-16.91,-16.5,-11.189999999999998,-1.2000000000000028,-0.07100000000000006,-2.5000000000000018,-5.0,0.05199999999999999,-0.22222222222222232,-0.20138888888888884,-6,0,1,1,0,0
2017,1,First Round,Michigan State,Miami,9,8,-1,-0.8100000000000005,0.9299999999999997,-1.2999999999999972,-3.2900000000000063,3.5,0.030000000000000027,-1.3999999999999986,-4.299999999999997,-0.008000000000000007,-0.06493506493506496,0.0,0,0,0,0,0,1
2017,1,First Round,Miami,Michigan State,8,9,1,0.8100000000000005,-0.9299999999999997,1.2999999999999972,3.2900000000000063,-3.5,-0.030000000000000027,1.3999999999999986,4.299999999999997,0.008000000000000007,0.06493506493506496,0.0,0,0,0,0,0,0
2017,1,First Round,Iowa State,Nevada,5,12,7,10.020000000000001,9.91,0.4000000000000057,7.239999999999995,-0.30000000000001137,0.025000000000000022,0.8000000000000007,-4.699999999999999,-0.13699999999999996,-0.11428571428571432,-0.11111111111111116,4,0,1,1,1,1
2017,1,First Round,Nevada,Iowa State,12,5,-7,-10.020000000000001,-9.91,-0.4000000000000057,-7.239999999999995,0.30000000000001137,-0.025000000000000022,-0.8000000000000007,4.699999999999999,0.13699999999999996,0.11428571428571432,0.11111111111111116,-4,1,0,1,1,0
2017,1,First Round,Purdue,Vermont,4,13,9,13.459999999999999,12.059999999999999,0.29999999999999716,8.36,4.599999999999994,0.0030000000000000027,-1.1000000000000014,0.3999999999999986,-0.008000000000000007,-0.05714285714285716,-0.2222222222222222,3,1,1,0,1,1
2017,1,First Round,Vermont,Purdue,13,4,-9,-13.459999999999999,-12.059999999999999,-0.29999999999999716,-8.36,-4.599999999999994,-0.0030000000000000027,1.1000000000000014,-0.3999999999999986,0.008000000000000007,0.05714285714285716,0.2222222222222222,-3,1,1,1,0,0
2017,1,First Round,Rhode Island,Creighton,11,6,-5,-4.389999999999999,-4.329999999999999,-3.5,-0.03999999999999204,-5.5,-0.06899999999999995,1.1999999999999993,7.9999999999999964,0.11499999999999999,0.0,0.16666666666666663,-1,0,0,1,0,1
2017,1,First Round,Creighton,Rhode Island,6,11,5,4.389999999999999,4.329999999999999,3.5,0.03999999999999204,5.5,0.06899999999999995,-1.1999999999999993,-7.9999999999999964,-0.11499999999999999,0.0,-0.16666666666666663,1,0,0,0,1,0
2017,1,First Round,Oregon,Iona,3,14,11,19.72,10.850000000000001,4.299999999999997,16.569999999999993,-3.5,0.020000000000000018,-0.09999999999999964,5.300000000000004,0.03699999999999998,0.2175824175824176,0.28888888888888886,8,1,0,0,1,1
2017,1,First Round,Iona,Oregon,14,3,-11,-19.72,-10.850000000000001,-4.299999999999997,-16.569999999999993,3.5,-0.020000000000000018,0.09999999999999964,-5.300000000000004,-0.03699999999999998,-0.2175824175824176,-0.28888888888888886,-8,0,1,1,0,0
2017,1,First Round,Michigan,Oklahoma State,7,10,3,-0.39000000000000057,-2.0500000000000007,-1.2999999999999972,3.1200000000000045,-8.900000000000006,0.030999999999999917,2.299999999999999,-13.600000000000001,-0.08200000000000002,0.07814992025518341,0.05555555555555558,5,0,0,1,0,1
2017,1,First Round,Oklahoma State,Michigan,10,7,-3,0.39000000000000057,2.0500000000000007,1.2999999999999972,-3.1200000000000045,8.900000000000006,-0.030999999999999917,-2.299999999999999,13.600000000000001,0.08200000000000002,-0.07814992025518341,-0.05555555555555558,-5,0,0,0,1,0
2017,1,First Round,Louisville,Jacksonville State,2,15,13,25.32,14.39,6.299999999999997,19.810000000000002,3.200000000000003,-0.014000000000000012,4.6,5.100000000000001,-0.00599999999999995,0.16386554621848748,0.10416666666666663,5,0,0,0,1,1
2017,1,First Round,Jacksonville State,Louisville,15,2,-13,-25.32,-14.39,-6.299999999999997,-19.810000000000002,-3.200000000000003,0.014000000000000012,-4.6,-5.100000000000001,0.00599999999999995,-0.16386554621848748,-0.10416666666666663,-5,0,0,1,0,0
2017,2,Second Round,Kansas,Michigan State,1,9,8,9.860000000000001,1.7300000000000004,10.400000000000006,2.6899999999999977,3.200000000000003,0.02100000000000002,2.9000000000000004,4.799999999999997,0.024999999999999967,0.28968253968253976,0.33333333333333326,3,1,0,0,0,1
2017,2,Second Round,Michigan State,Kansas,9,1,-8,-9.860000000000001,-1.7300000000000004,-10.400000000000006,-2.6899999999999977,-3.200000000000003,-0.02100000000000002,-2.9000000000000004,-4.799999999999997,-0.024999999999999967,-0.28968253968253976,-0.33333333333333326,-3,0,1,0,0,0
2017,2,Second Round,Purdue,Iowa State,4,5,1,-0.38000000000000256,-3.1500000000000004,0.09999999999999432,1.990000000000009,-0.5999999999999943,0.007000000000000006,-3.5000000000000018,5.099999999999998,0.056999999999999995,0.08571428571428574,0.11111111111111116,-4,1,0,0,1,1
2017,2,Second Round,Iowa State,Purdue,5,4,-1,0.38000000000000256,3.1500000000000004,-0.09999999999999432,-1.990000000000009,0.5999999999999943,-0.007000000000000006,3.5000000000000018,-5.099999999999998,-0.056999999999999995,-0.08571428571428574,-0.11111111111111116,4,0,1,1,0,0
2017,2,Second Round,Oregon,Rhode Island,3,11,8,7.92,3.7600000000000007,5.400000000000006,3.6299999999999955,1.3999999999999915,0.04700000000000004,-0.6999999999999993,-0.5999999999999943,-0.04500000000000004,0.13186813186813184,0.16666666666666663,6,1,0,0,1,1
2017,2,Second Round,Rhode Island,Oregon,11,3,-8,-7.92,-3.7600000000000007,-5.400000000000006,-3.6299999999999955,-1.3999999999999915,-0.04700000000000004,0.6999999999999993,0.5999999999999943,0.04500000000000004,-0.13186813186813184,-0.16666666666666663,-6,0,1,1,0,0
2017,2,Second Round,Michigan,Louisville,7,2,-5,-3.669999999999998,-0.9800000000000004,4.5,-9.010000000000005,-4.700000000000003,0.05599999999999994,0.5999999999999996,-12.100000000000001,-0.039000000000000035,-0.051083591331269385,-0.11111111111111105,3,0,0,1,0,1
2017,2,Second Round,Louisville,Michigan,2,7,5,3.669999999999998,0.9800000000000004,-4.5,9.010000000000005,4.700000000000003,-0.05599999999999994,-0.5999999999999996,12.100000000000001,0.039000000000000035,0.051083591331269385,0.11111111111111105,-3,0,0,0,1,0
2017,3,Sweet Sixteen,Kansas,Purdue,1,4,3,3.400000000000002,3.4400000000000013,2.8000000000000114,-0.8000000000000114,1.4000000000000057,0.0040000000000000036,1.0000000000000018,3.1999999999999993,0.02699999999999997,0.0896825396825397,0.11111111111111105,3,1,1,0,0,1
2017,3,Sweet Sixteen,Purdue,Kansas,4,1,-3,-3.400000000000002,-3.4400000000000013,-2.8000000000000114,0.8000000000000114,-1.4000000000000057,-0.0040000000000000036,-1.0000000000000018,-3.1999999999999993,-0.02699999999999997,-0.0896825396825397,-0.11111111111111105,-3,1,1,0,0,0
2017,3,Sweet Sixteen,Oregon,Michigan,3,7,4,2.0,-1.7899999999999991,-2.299999999999997,6.329999999999998,5.0,-0.015999999999999903,-1.8999999999999986,7.700000000000003,0.045999999999999985,0.16194331983805665,0.33333333333333326,0,1,0,0,1,1
2017,3,Sweet Sixteen,Michigan,Oregon,7,3,-4,-2.0,1.7899999999999991,2.299999999999997,-6.329999999999998,-5.0,0.015999999999999903,1.8999999999999986,-7.700000000000003,-0.045999999999999985,-0.16194331983805665,-0.33333333333333326,0,0,1,1,0,0
2017,4,Elite Eight,Oregon,Kansas,3,1,-2,-2.7300000000000004,-3.8499999999999996,-1.2000000000000028,1.4500000000000028,-2.6000000000000085,-0.007000000000000006,0.40000000000000036,-1.6999999999999957,-0.013000000000000012,-0.014957264957265015,0.0,1,1,1,0,0,1
2017,4,Elite Eight,Kansas,Oregon,1,3,2,2.7300000000000004,3.8499999999999996,1.2000000000000028,-1.4500000000000028,2.6000000000000085,0.007000000000000006,-0.40000000000000036,1.6999999999999957,0.013000000000000012,0.014957264957265015,0.0,-1,1,1,0,0,0
2017,1,First Round,UNC,Texas Southern,1,16,15,31.25,19.57,10.5,20.849999999999994,2.8999999999999915,0.039000000000000035,0.9000000000000004,9.699999999999996,-0.09400000000000003,0.16785714285714282,-0.11111111111111105,8,1,1,0,1,1
2017,1,First Round,Texas Southern,UNC,16,1,-15,-31.25,-19.57,-10.5,-20.849999999999994,-2.8999999999999915,-0.039000000000000035,-0.9000000000000004,-9.699999999999996,0.09400000000000003,-0.16785714285714282,0.11111111111111105,-8,1,1,1,0,0
2017,1,First Round,Arkansas,Seton Hall,8,9,1,1.9399999999999995,-0.6500000000000004,5.799999999999997,-3.6099999999999994,2.700000000000003,0.015000000000000013,2.099999999999998,-4.0000000000000036,0.0050000000000000044,0.08585858585858586,0.11111111111111105,3,0,0,0,0,1
2017,1,First Round,Seton Hall,Arkansas,9,8,-1,-1.9399999999999995,0.6500000000000004,-5.799999999999997,3.6099999999999994,-2.700000000000003,-0.015000000000000013,-2.099999999999998,4.0000000000000036,-0.0050000000000000044,-0.08585858585858586,-0.11111111111111105,-3,0,0,0,0,0
2017,1,First Round,Middle Tennessee,Minnesota,12,5,-7,-4.76,-9.3,7.800000000000011,-7.6499999999999915,-3.8999999999999915,0.05600000000000005,0.40000000000000036,1.0999999999999979,-0.09200000000000003,0.15522875816993464,0.33333333333333326,-2,1,0,1,0,1
2017,1,First Round,Minnesota,Middle Tennessee,5,12,7,4.76,9.3,-7.800000000000011,7.6499999999999915,3.8999999999999915,-0.05600000000000005,-0.40000000000000036,-1.0999999999999979,0.09200000000000003,-0.15522875816993464,-0.33333333333333326,2,0,1,0,1,0
2017,1,First Round,Butler,Winthrop,4,13,9,16.36,16.35,4.299999999999997,8.189999999999998,-4.200000000000003,0.01100000000000001,2.299999999999999,0.0,0.0010000000000000009,-0.05258467023172897,-0.16666666666666674,1,0,1,0,1,1
2017,1,First Round,Winthrop,Butler,13,4,-9,-16.36,-16.35,-4.299999999999997,-8.189999999999998,4.200000000000003,-0.01100000000000001,-2.299999999999999,0.0,-0.0010000000000000009,0.05258467023172897,0.16666666666666674,-1,1,0,1,0,0
2017,1,First Round,Cincinnati,Kansas State,6,11,5,3.629999999999999,-4.99,6.8999999999999915,3.740000000000009,-2.4000000000000057,-0.007000000000000006,3.9000000000000004,6.0,-0.08699999999999997,0.2333333333333334,0.4444444444444444,2,0,0,0,0,1
2017,1,First Round,Kansas State,Cincinnati,11,6,-5,-3.629999999999999,4.99,-6.8999999999999915,-3.740000000000009,2.4000000000000057,0.007000000000000006,-3.9000000000000004,-6.0,0.08699999999999997,-0.2333333333333334,-0.4444444444444444,-2,0,0,0,0,0
2017,1,First Round,UCLA,Kent State,3,14,11,19.790000000000003,8.02,14.0,5.429999999999993,3.5,0.11399999999999999,1.5,-9.800000000000004,-0.06,0.25,0.2777777777777778,7,0,0,0,1,1
2017,1,First Round,Kent State,UCLA,14,3,-11,-19.790000000000003,-8.02,-14.0,-5.429999999999993,-3.5,-0.11399999999999999,-1.5,9.800000000000004,0.06,-0.25,-0.2777777777777778,-7,0,0,1,0,0
2017,1,First Round,Wichita State,Dayton,10,7,-3,8.259999999999998,-1.3099999999999996,7.799999999999997,5.579999999999998,0.0,0.0050000000000000044,1.0999999999999996,8.499999999999996,-0.034999999999999976,0.11111111111111116,0.11111111111111105,-1,1,1,1,0,1
2017,1,First Round,Dayton,Wichita State,7,10,3,-8.259999999999998,1.3099999999999996,-7.799999999999997,-5.579999999999998,0.0,-0.0050000000000000044,-1.0999999999999996,-8.499999999999996,0.034999999999999976,-0.11111111111111116,-0.11111111111111105,1,1,1,0,1,0
2017,1,First Round,Kentucky,Northern Kentucky,2,15,13,24.05,13.33,6.5,16.19999999999999,3.5,0.0,2.9999999999999982,1.5000000000000036,0.045999999999999985,0.15639097744360897,0.2222222222222222,18,1,0,1,1,1
2017,1,First Round,Northern Kentucky,Kentucky,15,2,-13,-24.05,-13.33,-6.5,-16.19999999999999,-3.5,0.0,-2.9999999999999982,-1.5000000000000036,-0.045999999999999985,-0.15639097744360897,-0.2222222222222222,-18,0,1,1,1,0
2017,2,Second Round,UNC,Arkansas,1,8,7,10.8,3.16,5.299999999999997,8.840000000000003,0.8999999999999915,0.0050000000000000044,0.9000000000000004,9.599999999999998,-0.03300000000000003,0.10277777777777775,0.11111111111111116,3,1,0,0,0,1
2017,2,Second Round,Arkansas,UNC,8,1,-7,-10.8,-3.16,-5.299999999999997,-8.840000000000003,-0.8999999999999915,-0.0050000000000000044,-0.9000000000000004,-9.599999999999998,0.03300000000000003,-0.10277777777777775,-0.11111111111111116,-3,0,1,0,0,0
2017,2,Second Round,Butler,Middle Tennessee,4,12,8,7.899999999999999,10.71,0.19999999999998863,2.8299999999999983,0.8999999999999915,0.0030000000000000027,0.1999999999999993,-3.599999999999998,0.067,-0.12581699346405228,-0.2777777777777778,2,0,1,0,1,1
2017,2,Second Round,Middle Tennessee,Butler,12,4,-8,-7.899999999999999,-10.71,-0.19999999999998863,-2.8299999999999983,-0.8999999999999915,-0.0030000000000000027,-0.1999999999999993,3.599999999999998,-0.067,0.12581699346405228,0.2777777777777778,-2,1,0,1,0,0
2017,2,Second Round,UCLA,Cincinnati,3,6,3,2.240000000000002,0.8999999999999995,7.700000000000003,-7.710000000000008,9.100000000000009,0.07799999999999996,-0.5,-6.600000000000001,-0.056999999999999995,0.02777777777777779,-0.05555555555555547,2,0,0,0,0,1
2017,2,Second Round,Cincinnati,UCLA,6,3,-3,-2.240000000000002,-0.8999999999999995,-7.700000000000003,7.710000000000008,-9.100000000000009,-0.07799999999999996,0.5,6.600000000000001,0.056999999999999995,-0.02777777777777779,0.05555555555555547,-2,0,0,0,0,0
2017,2,Second Round,Kentucky,Wichita State,2,10,8,2.6400000000000006,7.53,-2.9000000000000057,-0.4300000000000068,4.8999999999999915,-0.014000000000000012,0.5,-1.0999999999999943,0.007999999999999952,-0.01900584795321647,-0.05555555555555558,16,1,1,1,1,1
2017,2,Second Round,Wichita State,Kentucky,10,2,-8,-2.6400000000000006,-7.53,2.9000000000000057,0.4300000000000068,-4.8999999999999915,0.014000000000000012,-0.5,1.0999999999999943,-0.007999999999999952,0.01900584795321647,0.05555555555555558,-16,1,1,1,1,0
2017,3,Sweet Sixteen,UNC,Butler,1,4,3,7.140000000000001,1.5299999999999994,3.4000000000000057,5.549999999999997,5.299999999999997,-0.027000000000000024,0.0,14.199999999999996,-0.02300000000000002,0.08970588235294108,0.11111111111111116,6,1,0,0,0,1
2017,3,Sweet Sixteen,Butler,UNC,4,1,-3,-7.140000000000001,-1.5299999999999994,-3.4000000000000057,-5.549999999999997,-5.299999999999997,0.027000000000000024,0.0,-14.199999999999996,0.02300000000000002,-0.08970588235294108,-0.11111111111111116,-6,0,1,0,0,0
2017,3,Sweet Sixteen,Kentucky,UCLA,2,3,1,3.2099999999999973,4.1000000000000005,-7.200000000000003,8.909999999999997,0.09999999999999432,-0.06899999999999995,0.0,4.300000000000004,0.14099999999999996,-0.01900584795321647,0.05555555555555547,11,1,0,1,0,1
2017,3,Sweet Sixteen,UCLA,Kentucky,3,2,-1,-3.2099999999999973,-4.1000000000000005,7.200000000000003,-8.909999999999997,-0.09999999999999432,0.06899999999999995,0.0,-4.300000000000004,-0.14099999999999996,0.01900584795321647,-0.05555555555555547,-11,0,1,0,1,0
2017,4,Elite Eight,UNC,Kentucky,1,2,1,0.9600000000000009,1.2699999999999996,2.200000000000003,-0.04999999999999716,-1.7000000000000028,-0.010000000000000009,0.0,8.099999999999994,-0.061,-0.017105263157894735,-0.11111111111111105,-10,1,1,0,1,1
2017,4,Elite Eight,Kentucky,UNC,2,1,-1,-0.9600000000000009,-1.2699999999999996,-2.200000000000003,0.04999999999999716,1.7000000000000028,0.010000000000000009,0.0,-8.099999999999994,0.061,0.017105263157894735,0.11111111111111105,10,1,1,1,0,0
2017,1,First Round,Gonzaga,South Dakota State,1,16,15,27.560000000000002,4.79,6.900000000000006,26.86999999999999,1.7000000000000028,0.029999999999999916,2.1999999999999993,2.400000000000002,-0.014000000000000012,0.43443223443223444,0.4444444444444444,7,1,0,1,1,1
2017,1,First Round,South Dakota State,Gonzaga,16,1,-15,-27.560000000000002,-4.79,-6.900000000000006,-26.86999999999999,-1.7000000000000028,-0.029999999999999916,-2.1999999999999993,-2.400000000000002,0.014000000000000012,-0.43443223443223444,-0.4444444444444444,-7,0,1,1,1,0
2017,1,First Round,Northwestern,Vanderbilt,8,9,1,0.33000000000000007,-2.290000000000001,1.2999999999999972,2.269999999999996,-0.5999999999999943,-0.02400000000000002,2.5,6.0,-0.04299999999999998,0.12380952380952381,0.0,-2,0,0,0,0,1
2017,1,First Round,Vanderbilt,Northwestern,9,8,-1,-0.33000000000000007,2.290000000000001,-1.2999999999999972,-2.269999999999996,0.5999999999999943,0.02400000000000002,-2.5,-6.0,0.04299999999999998,-0.12380952380952381,0.0,2,0,0,0,0,0
2017,1,First Round,Notre Dame,Princeton,5,12,7,11.239999999999998,11.62,4.299999999999997,2.6799999999999926,2.5,-0.0010000000000000009,1.1999999999999993,2.900000000000002,0.043999999999999984,-0.04444444444444451,-0.33333333333333337,0,0,1,0,1,1
2017,1,First Round,Princeton,Notre Dame,12,5,-7,-11.239999999999998,-11.62,-4.299999999999997,-2.6799999999999926,-2.5,0.0010000000000000009,-1.1999999999999993,-2.900000000000002,-0.043999999999999984,0.04444444444444451,0.33333333333333337,0,1,0,1,0,0
2017,1,First Round,West Virginia,Bucknell,4,13,9,18.56,12.15,4.299999999999997,13.75,0.7000000000000028,-0.040000000000000036,2.700000000000001,11.000000000000004,0.017000000000000015,0.013899613899613916,-0.16666666666666674,1,0,1,0,1,1
2017,1,First Round,Bucknell,West Virginia,13,4,-9,-18.56,-12.15,-4.299999999999997,-13.75,-0.7000000000000028,0.040000000000000036,-2.700000000000001,-11.000000000000004,-0.017000000000000015,-0.013899613899613916,0.16666666666666674,-1,1,0,1,0,0
2017,1,First Round,Xavier,Maryland,11,6,-5,2.0100000000000016,3.2200000000000006,1.0,0.30000000000001137,0.10000000000000853,-0.0040000000000000036,0.6000000000000014,3.3999999999999986,0.012999999999999956,-0.09569377990430628,-0.16666666666666663,0,0,0,0,0,1
2017,1,First Round,Maryland,Xavier,6,11,5,-2.0100000000000016,-3.2200000000000006,-1.0,-0.30000000000001137,-0.10000000000000853,0.0040000000000000036,-0.6000000000000014,-3.3999999999999986,-0.012999999999999956,0.09569377990430628,0.16666666666666663,0,0,0,0,0,0
2017,1,First Round,Florida State,Florida Gulf Coast,3,14,11,16.61,12.29,-0.7000000000000028,11.659999999999997,3.299999999999997,-0.017000000000000015,1.200000000000001,-0.29999999999999716,0.05499999999999999,-0.02184873949579824,-0.19047619047619047,7,0,1,0,1,1
2017,1,First Round,Florida Gulf Coast,Florida State,14,3,-11,-16.61,-12.29,0.7000000000000028,-11.659999999999997,-3.299999999999997,0.017000000000000015,-1.200000000000001,0.29999999999999716,-0.05499999999999999,0.02184873949579824,0.19047619047619047,-7,1,0,1,0,0
2017,1,First Round,Saint Mary's,VCU,7,10,3,5.18,-1.58,10.799999999999997,0.4299999999999926,-7.700000000000003,0.06799999999999995,0.10000000000000142,1.8000000000000007,-0.08599999999999997,0.11008403361344532,0.11111111111111105,3,0,0,0,0,1
2017,1,First Round,VCU,Saint Mary's,10,7,-3,-5.18,1.58,-10.799999999999997,-0.4299999999999926,7.700000000000003,-0.06799999999999995,-0.10000000000000142,-1.8000000000000007,0.08599999999999997,-0.11008403361344532,-0.11111111111111105,-3,0,0,0,0,0
2017,1,First Round,Arizona,North Dakota,2,15,13,20.08,13.08,5.0,11.950000000000003,-5.6000000000000085,-0.0050000000000000044,1.1999999999999993,6.300000000000001,0.041000000000000036,0.1773648648648649,0.11111111111111105,10,1,1,1,1,1
2017,1,First Round,North Dakota,Arizona,15,2,-13,-20.08,-13.08,-5.0,-11.950000000000003,5.6000000000000085,0.0050000000000000044,-1.1999999999999993,-6.300000000000001,-0.041000000000000036,-0.1773648648648649,-0.11111111111111105,-10,1,1,1,1,0
2017,2,Second Round,Gonzaga,Northwestern,1,8,7,11.240000000000002,-4.3,9.700000000000003,7.920000000000002,4.400000000000006,0.06999999999999995,-0.3999999999999986,-0.8999999999999986,0.08500000000000002,0.28205128205128205,0.38888888888888884,5,1,0,1,0,1
2017,2,Second Round,Northwestern,Gonzaga,8,1,-7,-11.240000000000002,4.3,-9.700000000000003,-7.920000000000002,-4.400000000000006,-0.06999999999999995,0.3999999999999986,0.8999999999999986,-0.08500000000000002,-0.28205128205128205,-0.38888888888888884,-5,0,1,0,1,0
2017,2,Second Round,West Virginia,Notre Dame,4,5,1,6.640000000000001,-0.10999999999999943,-1.5999999999999943,8.64,3.700000000000003,-0.02300000000000002,-1.799999999999999,10.400000000000002,0.10300000000000004,0.03453453453453459,0.0,0,0,0,0,0,1
2017,2,Second Round,Notre Dame,West Virginia,5,4,-1,-6.640000000000001,0.10999999999999943,1.5999999999999943,-8.64,-3.700000000000003,0.02300000000000002,1.799999999999999,-10.400000000000002,-0.10300000000000004,-0.03453453453453459,0.0,0,0,0,0,0,0
2017,2,Second Round,Xavier,Florida State,11,3,-8,-4.07,2.6400000000000006,-4.0,-2.989999999999995,-4.3999999999999915,-0.018000000000000016,-1.5999999999999996,0.8999999999999986,0.02699999999999997,-0.11127819548872186,-0.16666666666666663,-4,0,0,0,0,1
2017,2,Second Round,Florida State,Xavier,3,11,8,4.07,-2.6400000000000006,4.0,2.989999999999995,4.3999999999999915,0.018000000000000016,1.5999999999999996,-0.8999999999999986,-0.02699999999999997,0.11127819548872186,0.16666666666666663,4,0,0,0,0,0
2017,2,Second Round,Arizona,Saint Mary's,2,7,5,1.5,5.4399999999999995,-3.799999999999997,0.710000000000008,6.0,-0.040999999999999925,0.6999999999999993,0.10000000000000142,0.127,0.01192368839427671,0.0,7,1,0,1,0,1
2017,2,Second Round,Saint Mary's,Arizona,7,2,-5,-1.5,-5.4399999999999995,3.799999999999997,-0.710000000000008,-6.0,0.040999999999999925,-0.6999999999999993,-0.10000000000000142,-0.127,-0.01192368839427671,0.0,-7,0,1,0,1,0
2017,3,Sweet Sixteen,Gonzaga,West Virginia,1,4,3,0.8100000000000023,-5.54,4.299999999999997,1.8599999999999994,-0.5,0.05399999999999994,-0.09999999999999964,-7.900000000000002,0.0010000000000000009,0.19196119196119188,0.2777777777777778,6,1,0,1,0,1
2017,3,Sweet Sixteen,West Virginia,Gonzaga,4,1,-3,-0.8100000000000023,5.54,-4.299999999999997,-1.8599999999999994,0.5,-0.05399999999999994,0.09999999999999964,7.900000000000002,-0.0010000000000000009,-0.19196119196119188,-0.2777777777777778,-6,0,1,0,1,0
2017,3,Sweet Sixteen,Xavier,Arizona,11,2,-9,-3.4499999999999993,3.88,-4.700000000000003,-2.5799999999999983,0.9000000000000057,-0.018000000000000016,-1.1999999999999993,1.3999999999999986,0.00599999999999995,-0.2332859174964439,-0.38888888888888884,-6,0,1,0,1,1
2017,3,Sweet Sixteen,Arizona,Xavier,2,11,9,3.4499999999999993,-3.88,4.700000000000003,2.5799999999999983,-0.9000000000000057,0.018000000000000016,1.1999999999999993,-1.3999999999999986,-0.00599999999999995,0.2332859174964439,0.38888888888888884,6,1,0,1,0,0
2017,4,Elite Eight,Gonzaga,Xavier,1,11,10,10.46,-7.38,7.400000000000006,10.83999999999999,2.700000000000003,0.04799999999999993,1.5,-4.699999999999999,-0.020999999999999963,0.31713900134952766,0.4444444444444444,3,1,0,1,0,1
2017,4,Elite Eight,Xavier,Gonzaga,11,1,-10,-10.46,7.38,-7.400000000000006,-10.83999999999999,-2.700000000000003,-0.04799999999999993,-1.5,4.699999999999999,0.020999999999999963,-0.31713900134952766,-0.4444444444444444,-3,0,1,0,1,0
2017,6,Championship,UNC,Gonzaga,1,1,0,-0.4200000000000017,7.63,-0.5,-4.409999999999997,1.6999999999999886,-0.04799999999999993,0.7999999999999989,11.499999999999996,-0.04200000000000004,-0.12371794871794872,-0.16666666666666663,1,1,1,0,1,1
2017,6,Championship,Gonzaga,UNC,1,1,0,0.4200000000000017,-7.63,0.5,4.409999999999997,-1.6999999999999886,0.04799999999999993,-0.7999999999999989,-11.499999999999996,0.04200000000000004,0.12371794871794872,0.16666666666666663,-1,1,1,1,0,0
2018,1,First Round,Villanova,Radford,1,16,15,29.26,14.33,18.0,12.829999999999998,6.699999999999996,0.10099999999999998,2.8000000000000007,-4.400000000000002,-0.013000000000000012,0.2611111111111112,0.11111111111111116,7,0,0,1,1,1
2018,1,First Round,Radford,Villanova,16,1,-15,-29.26,-14.33,-18.0,-12.829999999999998,-6.699999999999996,-0.10099999999999998,-2.8000000000000007,4.400000000000002,0.013000000000000012,-0.2611111111111112,-0.11111111111111116,-7,0,0,1,1,0
2018,1,First Round,Alabama,Virginia Tech,9,8,-1,-2.01,3.9300000000000006,-10.0,4.290000000000006,0.29999999999999716,-0.05799999999999994,-2.5,5.5,0.05399999999999999,-0.08080808080808077,-0.11111111111111116,4,0,0,0,0,1
2018,1,First Round,Virginia Tech,Alabama,8,9,1,2.01,-3.9300000000000006,10.0,-4.290000000000006,-0.29999999999999716,0.05799999999999994,2.5,-5.5,-0.05399999999999999,0.08080808080808077,0.11111111111111116,-4,0,0,0,0,0
2018,1,First Round,West Virginia,Murray State,5,12,7,13.02,12.91,-2.0999999999999943,8.530000000000001,2.4000000000000057,-0.05400000000000005,2.0,3.799999999999997,-0.068,-0.10979729729729726,-0.2777777777777777,0,0,1,0,1,1
2018,1,First Round,Murray State,West Virginia,12,5,-7,-13.02,-12.91,2.0999999999999943,-8.530000000000001,-2.4000000000000057,0.05400000000000005,-2.0,-3.799999999999997,0.068,0.10979729729729726,0.2777777777777777,0,1,0,1,0,0
2018,1,First Round,Marshall,Wichita State,13,4,-9,-12.369999999999997,-5.02,-8.599999999999994,-4.52000000000001,6.299999999999997,-0.0030000000000000027,-1.4000000000000004,-13.100000000000001,-0.012999999999999956,-0.06313131313131315,-0.11111111111111116,-2,0,0,1,0,1
2018,1,First Round,Wichita State,Marshall,4,13,9,12.369999999999997,5.02,8.599999999999994,4.52000000000001,-6.299999999999997,0.0030000000000000027,1.4000000000000004,13.100000000000001,0.012999999999999956,0.06313131313131315,0.11111111111111116,2,0,0,0,1,0
2018,1,First Round,Florida,St. Bonaventure,6,11,5,7.790000000000001,7.470000000000001,0.09999999999999432,4.47999999999999,-1.0,-0.009000000000000008,2.0,-0.5,-0.07900000000000001,-0.1470588235294117,-0.16666666666666663,2,0,0,0,0,1
2018,1,First Round,St. Bonaventure,Florida,11,6,-5,-7.790000000000001,-7.470000000000001,-0.09999999999999432,-4.47999999999999,1.0,0.009000000000000008,-2.0,0.5,0.07900000000000001,0.1470588235294117,0.16666666666666663,-2,0,0,0,0,0
2018,1,First Round,Texas Tech,Stephen F. Austin,3,14,11,16.72,16.07,-0.7999999999999972,12.329999999999998,-5.5,-0.02400000000000002,2.700000000000001,-0.6000000000000014,-0.0050000000000000044,-0.07027027027027033,-0.16666666666666663,5,0,0,0,1,1
2018,1,First Round,Stephen F. Austin,Texas Tech,14,3,-11,-16.72,-16.07,0.7999999999999972,-12.329999999999998,5.5,0.02400000000000002,-2.700000000000001,0.6000000000000014,0.0050000000000000044,0.07027027027027033,0.16666666666666663,-5,0,0,1,0,0
2018,1,First Round,Butler,Arkansas,10,7,-3,2.160000000000002,0.7000000000000011,-0.7999999999999972,4.75,-1.7000000000000028,0.0020000000000000018,-0.7000000000000011,-1.3000000000000007,-0.11299999999999999,-0.05714285714285716,-0.05555555555555558,-3,0,0,0,0,1
2018,1,First Round,Arkansas,Butler,7,10,3,-2.160000000000002,-0.7000000000000011,0.7999999999999972,-4.75,1.7000000000000028,-0.0020000000000000018,0.7000000000000011,1.3000000000000007,0.11299999999999999,0.05714285714285716,0.05555555555555558,3,0,0,0,0,0
2018,1,First Round,Purdue,CS Fullerton,2,15,13,24.34,9.77,14.900000000000006,11.170000000000002,-1.8000000000000114,0.06099999999999994,4.0,0.6999999999999993,-0.07700000000000001,0.18581081081081086,0.20833333333333337,2,0,0,0,1,1
2018,1,First Round,CS Fullerton,Purdue,15,2,-13,-24.34,-9.77,-14.900000000000006,-11.170000000000002,1.8000000000000114,-0.06099999999999994,-4.0,-0.6999999999999993,0.07700000000000001,-0.18581081081081086,-0.20833333333333337,-2,0,0,1,0,0
2018,2,Second Round,Villanova,Alabama,1,9,8,14.3,-0.40000000000000036,19.299999999999997,1.8399999999999892,-0.10000000000000853,0.07599999999999996,4.5,-0.09999999999999787,-0.125,0.34444444444444444,0.33333333333333337,1,0,0,1,0,1
2018,2,Second Round,Alabama,Villanova,9,1,-8,-14.3,0.40000000000000036,-19.299999999999997,-1.8399999999999892,0.10000000000000853,-0.07599999999999996,-4.5,0.09999999999999787,0.125,-0.34444444444444444,-0.33333333333333337,-1,0,0,0,1,0
2018,2,Second Round,West Virginia,Marshall,5,13,8,15.68,8.940000000000001,4.5,9.77000000000001,-5.799999999999997,-0.04400000000000004,2.1999999999999993,14.299999999999997,-0.02200000000000002,0.008258258258258322,-0.05555555555555547,2,0,0,0,1,1
2018,2,Second Round,Marshall,West Virginia,13,5,-8,-15.68,-8.940000000000001,-4.5,-9.77000000000001,5.799999999999997,0.04400000000000004,-2.1999999999999993,-14.299999999999997,0.02200000000000002,-0.008258258258258322,0.05555555555555547,-2,0,0,1,0,0
2018,2,Second Round,Texas Tech,Florida,3,6,3,2.719999999999999,-0.4800000000000004,-1.1999999999999886,5.829999999999998,-0.10000000000000853,0.013000000000000012,-3.0999999999999996,4.199999999999999,0.067,0.11208267090620028,0.0,3,0,0,0,0,1
2018,2,Second Round,Florida,Texas Tech,6,3,-3,-2.719999999999999,0.4800000000000004,1.1999999999999886,-5.829999999999998,0.10000000000000853,-0.013000000000000012,3.0999999999999996,-4.199999999999999,-0.067,-0.11208267090620028,0.0,-3,0,0,0,0,0
2018,2,Second Round,Purdue,Butler,2,10,8,6.489999999999998,-1.8100000000000005,6.700000000000003,2.25,-1.5,0.03699999999999992,-0.09999999999999964,0.40000000000000213,0.09499999999999997,0.21081081081081088,0.33333333333333337,1,0,0,0,0,1
2018,2,Second Round,Butler,Purdue,10,2,-8,-6.489999999999998,1.8100000000000005,-6.700000000000003,-2.25,1.5,-0.03699999999999992,0.09999999999999964,-0.40000000000000213,-0.09499999999999997,-0.21081081081081088,-0.33333333333333337,-1,0,0,0,0,0
2018,3,Sweet Sixteen,Villanova,West Virginia,1,5,4,6.75,0.8599999999999994,9.099999999999994,1.279999999999987,-0.4000000000000057,0.09099999999999997,0.0,-7.4999999999999964,-0.019000000000000017,0.19729729729729728,0.16666666666666663,5,0,0,1,0,1
2018,3,Sweet Sixteen,West Virginia,Villanova,5,1,-4,-6.75,-0.8599999999999994,-9.099999999999994,-1.279999999999987,0.4000000000000057,-0.09099999999999997,0.0,7.4999999999999964,0.019000000000000017,-0.19729729729729728,-0.16666666666666663,-5,0,0,0,1,0
2018,3,Sweet Sixteen,Texas Tech,Purdue,3,2,-1,-4.030000000000001,0.8599999999999994,-9.299999999999997,3.9199999999999875,0.20000000000000284,-0.05699999999999994,-1.4000000000000004,5.099999999999998,0.03700000000000003,-0.08108108108108114,-0.2222222222222222,3,0,0,0,0,1
2018,3,Sweet Sixteen,Purdue,Texas Tech,2,3,1,4.030000000000001,-0.8599999999999994,9.299999999999997,-3.9199999999999875,-0.20000000000000284,0.05699999999999994,1.4000000000000004,-5.099999999999998,-0.03700000000000003,0.08108108108108114,0.2222222222222222,-3,0,0,0,0,0
2018,4,Elite Eight,Villanova,Texas Tech,1,3,2,7.260000000000002,0.6400000000000006,13.899999999999991,-4.109999999999999,1.7999999999999972,0.07499999999999996,2.0999999999999996,-3.599999999999998,-0.09900000000000003,0.1702702702702703,0.16666666666666663,1,0,0,1,0,1
2018,4,Elite Eight,Texas Tech,Villanova,3,1,-2,-7.260000000000002,-0.6400000000000006,-13.899999999999991,4.109999999999999,-1.7999999999999972,-0.07499999999999996,-2.0999999999999996,3.599999999999998,0.09900000000000003,-0.1702702702702703,-0.16666666666666663,-1,0,0,0,1,0
2018,1,First Round,Kansas,Penn,1,16,15,19.15,15.040000000000001,10.200000000000003,5.390000000000001,0.0,0.041999999999999926,0.20000000000000107,5.699999999999999,-0.064,0.06759906759906753,-0.13492063492063489,6,1,1,1,1,1
2018,1,First Round,Penn,Kansas,16,1,-15,-19.15,-15.040000000000001,-10.200000000000003,-5.390000000000001,0.0,-0.041999999999999926,-0.20000000000000107,-5.699999999999999,0.064,-0.06759906759906753,0.13492063492063489,-6,1,1,1,1,0
2018,1,First Round,Seton Hall,NC State,8,9,1,2.76,3.4099999999999993,-1.2999999999999972,3.489999999999995,-1.0,-0.0050000000000000044,-0.8999999999999986,0.8000000000000043,0.009999999999999953,0.010695187165775444,-0.05555555555555558,3,0,0,0,0,1
2018,1,First Round,NC State,Seton Hall,9,8,-1,-2.76,-3.4099999999999993,1.2999999999999972,-3.489999999999995,1.0,0.0050000000000000044,0.8999999999999986,-0.8000000000000043,-0.009999999999999953,-0.010695187165775444,0.05555555555555558,-3,0,0,0,0,0
2018,1,First Round,Clemson,New Mexico State,5,12,7,8.1,10.35,1.0,5.200000000000003,-2.5999999999999943,0.010000000000000009,-0.10000000000000142,-7.100000000000001,0.04800000000000004,-0.10924369747899154,-0.24603174603174593,-2,0,1,0,1,1
2018,1,First Round,New Mexico State,Clemson,12,5,-7,-8.1,-10.35,-1.0,-5.200000000000003,2.5999999999999943,-0.010000000000000009,0.10000000000000142,7.100000000000001,-0.04800000000000004,0.10924369747899154,0.24603174603174593,2,1,0,1,0,0
2018,1,First Round,Auburn,College of Charleston,4,13,9,14.14,10.58,0.4000000000000057,8.879999999999995,7.5,-0.019000000000000017,-0.9000000000000004,6.300000000000001,0.031000000000000028,0.0,-0.05555555555555558,2,1,1,0,1,1
2018,1,First Round,College of Charleston,Auburn,13,4,-9,-14.14,-10.58,-0.4000000000000057,-8.879999999999995,-7.5,0.019000000000000017,0.9000000000000004,-6.300000000000001,-0.031000000000000028,0.0,0.05555555555555558,-2,1,1,1,0,0
2018,1,First Round,Syracuse,TCU,11,6,-5,-3.4899999999999984,0.33999999999999986,-12.699999999999989,8.969999999999999,-5.799999999999997,-0.09699999999999998,-0.7999999999999989,0.5,0.063,-0.014742014742014753,-0.05555555555555558,-1,0,0,0,0,1
2018,1,First Round,TCU,Syracuse,6,11,5,3.4899999999999984,-0.33999999999999986,12.699999999999989,-8.969999999999999,5.799999999999997,0.09699999999999998,0.7999999999999989,-0.5,-0.063,0.014742014742014753,0.05555555555555558,1,0,0,0,0,0
2018,1,First Round,Michigan State,Bucknell,3,14,11,17.92,10.559999999999999,7.0,11.840000000000003,-4.300000000000011,0.029999999999999916,-1.299999999999999,10.0,-0.066,0.1428571428571428,0.0,5,1,1,0,1,1
2018,1,First Round,Bucknell,Michigan State,14,3,-11,-17.92,-10.559999999999999,-7.0,-11.840000000000003,4.300000000000011,-0.029999999999999916,1.299999999999999,-10.0,0.066,-0.1428571428571428,0.0,-5,1,1,1,0,0
2018,1,First Round,Rhode Island,Oklahoma,7,10,3,-2.0,-5.95,-0.7999999999999972,3.240000000000009,-7.299999999999997,-0.02400000000000002,2.0999999999999996,2.6000000000000014,-0.031000000000000028,0.20220588235294112,0.38888888888888895,0,1,0,0,0,1
2018,1,First Round,Oklahoma,Rhode Island,10,7,-3,2.0,5.95,0.7999999999999972,-3.240000000000009,7.299999999999997,0.02400000000000002,-2.0999999999999996,-2.6000000000000014,0.031000000000000028,-0.20220588235294112,-0.38888888888888895,0,0,1,0,0,0
2018,1,First Round,Duke,Iona,2,15,13,23.68,11.889999999999999,9.399999999999991,17.400000000000006,-0.9000000000000057,0.020000000000000018,-0.3999999999999986,14.399999999999999,0.043999999999999984,0.1955484896661367,0.11111111111111105,16,0,0,0,1,1
2018,1,First Round,Iona,Duke,15,2,-13,-23.68,-11.889999999999999,-9.399999999999991,-17.400000000000006,0.9000000000000057,-0.020000000000000018,0.3999999999999986,-14.399999999999999,-0.043999999999999984,-0.1955484896661367,-0.11111111111111105,-16,0,0,1,0,0
2018,2,Second Round,Kansas,Seton Hall,1,8,7,5.720000000000001,1.7700000000000014,4.5,2.0800000000000125,-0.8999999999999915,0.04599999999999993,0.5999999999999996,-4.900000000000002,-0.08199999999999996,0.14781297134238303,0.16666666666666663,3,1,0,1,0,1
2018,2,Second Round,Seton Hall,Kansas,8,1,-7,-5.720000000000001,-1.7700000000000014,-4.5,-2.0800000000000125,0.8999999999999915,-0.04599999999999993,-0.5999999999999996,4.900000000000002,0.08199999999999996,-0.14781297134238303,-0.16666666666666663,-3,0,1,0,1,0
2018,2,Second Round,Clemson,Auburn,5,4,-1,1.1899999999999995,1.96,-3.0,4.790000000000006,-5.900000000000006,0.02100000000000002,-1.200000000000001,-4.899999999999999,-0.063,-0.05042016806722682,-0.11111111111111105,-4,0,1,0,0,1
2018,2,Second Round,Auburn,Clemson,4,5,1,-1.1899999999999995,-1.96,3.0,-4.790000000000006,5.900000000000006,-0.02100000000000002,1.200000000000001,4.899999999999999,0.063,0.05042016806722682,0.11111111111111105,4,1,0,0,0,0
2018,2,Second Round,Syracuse,Michigan State,11,3,-8,-9.52,2.92,-14.899999999999991,0.9699999999999989,-3.8999999999999915,-0.09999999999999998,0.1999999999999993,-2.3999999999999986,0.04600000000000004,-0.2355212355212355,-0.4444444444444444,-3,0,1,0,0,1
2018,2,Second Round,Michigan State,Syracuse,3,11,8,9.52,-2.92,14.899999999999991,-0.9699999999999989,3.8999999999999915,0.09999999999999998,-0.1999999999999993,2.3999999999999986,-0.04600000000000004,0.2355212355212355,0.4444444444444444,3,1,0,0,0,0
2018,2,Second Round,Duke,Rhode Island,2,7,5,12.62,5.089999999999999,9.599999999999994,4.859999999999999,1.3999999999999915,0.04800000000000004,-1.5999999999999996,7.799999999999997,0.044999999999999984,0.019077901430842648,-0.11111111111111116,14,0,1,0,0,1
2018,2,Second Round,Rhode Island,Duke,7,2,-5,-12.62,-5.089999999999999,-9.599999999999994,-4.859999999999999,-1.3999999999999915,-0.04800000000000004,1.5999999999999996,-7.799999999999997,-0.044999999999999984,-0.019077901430842648,0.11111111111111116,-14,1,0,0,0,0
2018,3,Sweet Sixteen,Kansas,Clemson,1,5,4,4.23,2.630000000000001,7.0,-3.75,2.700000000000003,0.04599999999999993,0.7000000000000011,2.1999999999999993,-0.065,0.08058608058608052,0.11111111111111105,5,1,0,1,0,1
2018,3,Sweet Sixteen,Clemson,Kansas,5,1,-4,-4.23,-2.630000000000001,-7.0,3.75,-2.700000000000003,-0.04599999999999993,-0.7000000000000011,-2.1999999999999993,0.065,-0.08058608058608052,-0.11111111111111105,-5,0,1,0,1,0
2018,3,Sweet Sixteen,Duke,Syracuse,2,11,9,11.54,-0.3200000000000003,16.19999999999999,-1.019999999999996,6.3999999999999915,0.09000000000000008,1.5,4.199999999999996,-0.05900000000000005,0.16216216216216217,0.2777777777777778,14,0,0,0,0,1
2018,3,Sweet Sixteen,Syracuse,Duke,11,2,-9,-11.54,0.3200000000000003,-16.19999999999999,1.019999999999996,-6.3999999999999915,-0.09000000000000008,-1.5,-4.199999999999996,0.05900000000000005,-0.16216216216216217,-0.2777777777777778,-14,0,0,0,0,0
2018,4,Elite Eight,Kansas,Duke,1,2,1,-3.039999999999999,2.1800000000000015,-3.0999999999999943,-3.3599999999999994,-0.3999999999999915,0.015999999999999903,0.09999999999999964,-9.499999999999996,-0.07599999999999996,0.011088011088011052,0.0,-10,1,0,1,0,1
2018,4,Elite Eight,Duke,Kansas,2,1,-1,3.039999999999999,-2.1800000000000015,3.0999999999999943,3.3599999999999994,0.3999999999999915,-0.015999999999999903,-0.09999999999999964,9.499999999999996,0.07599999999999996,-0.011088011088011052,0.0,10,0,1,0,1,0
2018,1,First Round,UMBC,Virginia,16,1,-15,-24.22,-12.89,-4.900000000000006,-21.340000000000003,8.600000000000001,0.0040000000000000036,-3.1999999999999993,-0.09999999999999787,0.062,-0.2173202614379085,-0.19444444444444442,-9,0,1,1,1,1
2018,1,First Round,Virginia,UMBC,1,16,15,24.22,12.89,4.900000000000006,21.340000000000003,-8.600000000000001,-0.0040000000000000036,3.1999999999999993,0.09999999999999787,-0.062,0.2173202614379085,0.19444444444444442,9,1,0,1,1,0
2018,1,First Round,Kansas State,Creighton,9,8,-1,-3.5000000000000018,0.6400000000000006,-7.3999999999999915,2.6500000000000057,-6.200000000000003,-0.04999999999999993,-1.4000000000000004,3.3000000000000007,0.07900000000000001,0.039312039312039304,0.0,-1,0,0,0,0,1
2018,1,First Round,Creighton,Kansas State,8,9,1,3.5000000000000018,-0.6400000000000006,7.3999999999999915,-2.6500000000000057,6.200000000000003,0.04999999999999993,1.4000000000000004,-3.3000000000000007,-0.07900000000000001,-0.039312039312039304,0.0,1,0,0,0,0,0
2018,1,First Round,Kentucky,Davidson,5,12,7,6.219999999999999,8.16,-6.1000000000000085,9.039999999999992,4.5,-0.05599999999999994,-2.700000000000001,12.899999999999999,0.194,0.06633906633906639,-0.16666666666666663,15,0,0,1,1,1
2018,1,First Round,Davidson,Kentucky,12,5,-7,-6.219999999999999,-8.16,6.1000000000000085,-9.039999999999992,-4.5,0.05599999999999994,2.700000000000001,-12.899999999999999,-0.194,-0.06633906633906639,0.16666666666666663,-15,0,0,1,1,0
2018,1,First Round,Buffalo,Arizona,13,4,-9,-7.68,-6.59,-2.1999999999999886,-4.510000000000005,5.300000000000011,-0.013999999999999901,1.0,-1.4999999999999964,-0.07200000000000001,-0.021428571428571463,0.05555555555555558,-7,1,1,1,1,1
2018,1,First Round,Arizona,Buffalo,4,13,9,7.68,6.59,2.1999999999999886,4.510000000000005,-5.300000000000011,0.013999999999999901,-1.0,1.4999999999999964,0.07200000000000001,0.021428571428571463,-0.05555555555555558,7,1,1,1,1,0
2018,1,First Round,Loyola Chicago,Miami,11,6,-5,-2.460000000000001,-5.16,0.6999999999999886,-1.460000000000008,-1.8999999999999915,0.04599999999999993,-2.700000000000001,-6.700000000000003,0.028000000000000025,0.1546052631578947,0.2222222222222222,-3,1,0,1,0,1
2018,1,First Round,Miami,Loyola Chicago,6,11,5,2.460000000000001,5.16,-0.6999999999999886,1.460000000000008,1.8999999999999915,-0.04599999999999993,2.700000000000001,6.700000000000003,-0.028000000000000025,-0.1546052631578947,-0.2222222222222222,3,0,1,0,1,0
2018,1,First Round,Tennessee,Wright State,3,14,11,17.62,13.76,7.8999999999999915,7.439999999999998,-2.8000000000000114,0.017000000000000015,1.1000000000000014,4.399999999999999,-0.0030000000000000027,0.02857142857142858,-0.05555555555555558,7,1,0,0,1,1
2018,1,First Round,Wright State,Tennessee,14,3,-11,-17.62,-13.76,-7.8999999999999915,-7.439999999999998,2.8000000000000114,-0.017000000000000015,-1.1000000000000014,-4.399999999999999,0.0030000000000000027,-0.02857142857142858,0.05555555555555558,-7,0,1,1,0,0
2018,1,First Round,Nevada,Texas,7,10,3,0.47999999999999865,-5.74,11.599999999999994,-7.8799999999999955,3.5999999999999943,0.04800000000000004,2.5999999999999996,-3.1000000000000014,0.032999999999999974,0.22496025437201905,0.38888888888888895,-2,1,0,0,0,1
2018,1,First Round,Texas,Nevada,10,7,-3,-0.47999999999999865,5.74,-11.599999999999994,7.8799999999999955,-3.5999999999999943,-0.04800000000000004,-2.5999999999999996,3.1000000000000014,-0.032999999999999974,-0.22496025437201905,-0.38888888888888895,2,0,1,0,0,0
2018,1,First Round,Cincinnati,Georgia State,2,15,13,17.03,6.31,3.5,17.060000000000002,-1.8000000000000114,-0.028000000000000025,0.40000000000000036,12.5,0.056999999999999995,0.17539682539682544,0.2222222222222222,4,1,0,1,1,1
2018,1,First Round,Georgia State,Cincinnati,15,2,-13,-17.03,-6.31,-3.5,-17.060000000000002,1.8000000000000114,0.028000000000000025,-0.40000000000000036,-12.5,-0.056999999999999995,-0.17539682539682544,-0.2222222222222222,-4,0,1,1,1,0
2018,2,Second Round,Kansas State,UMBC,9,16,7,14.87,12.58,0.8000000000000114,10.670000000000002,-2.6000000000000085,-0.006000000000000005,0.1999999999999993,-1.0,0.031000000000000028,-0.018768768768768762,-0.19444444444444442,2,0,0,0,1,1
2018,2,Second Round,UMBC,Kansas State,16,9,-7,-14.87,-12.58,-0.8000000000000114,-10.670000000000002,2.6000000000000085,0.006000000000000005,-0.1999999999999993,1.0,-0.031000000000000028,0.018768768768768762,0.19444444444444442,-2,0,0,1,0,0
2018,2,Second Round,Kentucky,Buffalo,5,13,8,9.249999999999998,10.48,-3.8000000000000114,9.659999999999997,-4.1000000000000085,-0.031000000000000028,-1.5,3.6999999999999993,0.14200000000000002,-0.04729729729729726,-0.2777777777777778,15,0,1,1,1,1
2018,2,Second Round,Buffalo,Kentucky,13,5,-8,-9.249999999999998,-10.48,3.8000000000000114,-9.659999999999997,4.1000000000000085,0.031000000000000028,1.5,-3.6999999999999993,-0.14200000000000002,0.04729729729729726,0.2777777777777778,-15,1,0,1,1,0
2018,2,Second Round,Loyola Chicago,Tennessee,11,3,-8,-7.83,-8.319999999999999,-0.7000000000000028,-5.590000000000003,-1.1999999999999886,0.06899999999999995,-2.1000000000000014,-10.899999999999999,-0.035999999999999976,0.09924812030075181,0.11111111111111116,-7,1,1,1,0,1
2018,2,Second Round,Tennessee,Loyola Chicago,3,11,8,7.83,8.319999999999999,0.7000000000000028,5.590000000000003,1.1999999999999886,-0.06899999999999995,2.1000000000000014,10.899999999999999,0.035999999999999976,-0.09924812030075181,-0.11111111111111116,7,1,1,0,1,0
2018,2,Second Round,Nevada,Cincinnati,7,2,-5,-5.8100000000000005,1.4,3.200000000000003,-15.009999999999991,4.400000000000006,0.03600000000000003,2.0999999999999996,-12.100000000000001,0.0030000000000000027,-0.07732732732732739,-0.05555555555555547,-1,1,1,0,1,1
2018,2,Second Round,Cincinnati,Nevada,2,7,5,5.8100000000000005,-1.4,-3.200000000000003,15.009999999999991,-4.400000000000006,-0.03600000000000003,-2.0999999999999996,12.100000000000001,-0.0030000000000000027,0.07732732732732739,0.05555555555555547,1,1,1,1,0,0
2018,3,Sweet Sixteen,Kansas State,Kentucky,9,5,-4,-4.389999999999999,-1.9900000000000002,-3.1999999999999886,-0.4899999999999949,-3.200000000000003,0.007000000000000006,0.5,-9.7,-0.10199999999999998,-0.027027027027027084,0.0,-13,0,0,0,1,1
2018,3,Sweet Sixteen,Kentucky,Kansas State,5,9,4,4.389999999999999,1.9900000000000002,3.1999999999999886,0.4899999999999949,3.200000000000003,-0.007000000000000006,-0.5,9.7,0.10199999999999998,0.027027027027027084,0.0,13,0,0,1,0,0
2018,3,Sweet Sixteen,Loyola Chicago,Nevada,11,7,-4,-4.07,-3.13,-6.900000000000006,4.039999999999992,-4.599999999999994,0.028999999999999915,-5.300000000000001,-4.0,-0.043999999999999984,0.05832147937411092,0.0,-3,1,1,1,0,1
2018,3,Sweet Sixteen,Nevada,Loyola Chicago,7,11,4,4.07,3.13,6.900000000000006,-4.039999999999992,4.599999999999994,-0.028999999999999915,5.300000000000001,4.0,0.043999999999999984,-0.05832147937411092,0.0,3,1,1,0,1,0
2018,4,Elite Eight,Loyola Chicago,Kansas State,11,9,-2,-2.4800000000000004,-6.94,2.1999999999999886,-2.230000000000004,-0.6999999999999886,0.051999999999999935,-2.0,-3.400000000000002,-0.019000000000000017,0.16642958748221903,0.2777777777777778,-2,1,0,1,0,1
2018,4,Elite Eight,Kansas State,Loyola Chicago,9,11,2,2.4800000000000004,6.94,-2.1999999999999886,2.230000000000004,0.6999999999999886,-0.051999999999999935,2.0,3.400000000000002,0.019000000000000017,-0.16642958748221903,-0.2777777777777778,2,0,1,0,1,0
2018,1,First Round,Xavier,Texas Southern,1,16,15,26.59,14.96,9.700000000000003,16.83,-0.4000000000000057,0.05400000000000005,-0.09999999999999964,1.8000000000000007,-0.019000000000000017,0.3841269841269842,0.16666666666666674,3,1,0,0,1,1
2018,1,First Round,Texas Southern,Xavier,16,1,-15,-26.59,-14.96,-9.700000000000003,-16.83,0.4000000000000057,-0.05400000000000005,0.09999999999999964,-1.8000000000000007,0.019000000000000017,-0.3841269841269842,-0.16666666666666674,-3,0,1,1,0,0
2018,1,First Round,Florida State,Missouri,9,8,-1,1.9699999999999989,-0.6899999999999995,2.299999999999997,0.030000000000001137,4.900000000000006,-0.0050000000000000044,2.9000000000000004,0.8000000000000007,-0.020000000000000018,0.05108225108225106,-0.05555555555555558,6,0,0,0,0,1
2018,1,First Round,Missouri,Florida State,8,9,1,-1.9699999999999989,0.6899999999999995,-2.299999999999997,-0.030000000000001137,-4.900000000000006,0.0050000000000000044,-2.9000000000000004,-0.8000000000000007,0.020000000000000018,-0.05108225108225106,0.05555555555555558,-6,0,0,0,0,0
2018,1,First Round,Ohio State,South Dakota State,5,12,7,10.830000000000002,9.4,-4.700000000000003,11.170000000000002,-4.3999999999999915,-0.013000000000000012,-2.5999999999999996,5.300000000000001,-0.04299999999999998,-0.06470588235294117,-0.09523809523809523,3,0,1,0,1,1
2018,1,First Round,South Dakota State,Ohio State,12,5,-7,-10.830000000000002,-9.4,4.700000000000003,-11.170000000000002,4.3999999999999915,0.013000000000000012,2.5999999999999996,-5.300000000000001,0.04299999999999998,0.06470588235294117,0.09523809523809523,-3,1,0,1,0,0
2018,1,First Round,Gonzaga,UNC Greensboro,4,13,9,13.900000000000002,6.470000000000001,11.100000000000009,3.010000000000005,2.799999999999997,0.04499999999999993,3.200000000000001,-1.3000000000000043,0.055999999999999994,0.09343629343629345,0.11111111111111105,8,1,1,1,1,1
2018,1,First Round,UNC Greensboro,Gonzaga,13,4,-9,-13.900000000000002,-6.470000000000001,-11.100000000000009,-3.010000000000005,-2.799999999999997,-0.04499999999999993,-3.200000000000001,1.3000000000000043,-0.055999999999999994,-0.09343629343629345,-0.11111111111111105,-8,1,1,1,1,0
2018,1,First Round,Houston,San Diego State,6,11,5,3.76,0.25,2.4000000000000057,2.1799999999999926,-1.9000000000000057,0.014000000000000012,-0.3000000000000007,1.7000000000000028,-0.030999999999999972,0.10476190476190483,0.16666666666666663,1,0,0,0,1,1
2018,1,First Round,San Diego State,Houston,11,6,-5,-3.76,-0.25,-2.4000000000000057,-2.1799999999999926,1.9000000000000057,-0.014000000000000012,0.3000000000000007,-1.7000000000000028,0.030999999999999972,-0.10476190476190483,-0.16666666666666663,-1,0,0,1,0,0
2018,1,First Round,Michigan,Montana,3,14,11,12.740000000000002,11.65,2.200000000000003,9.89,-4.200000000000003,0.03200000000000003,2.5999999999999996,-7.899999999999999,-0.07900000000000001,0.04017216642754673,-0.16666666666666663,9,0,1,1,1,1
2018,1,First Round,Montana,Michigan,14,3,-11,-12.740000000000002,-11.65,-2.200000000000003,-9.89,4.200000000000003,-0.03200000000000003,-2.5999999999999996,7.899999999999999,0.07900000000000001,-0.04017216642754673,0.16666666666666663,-9,1,0,1,1,0
2018,1,First Round,Texas A&M,Providence,7,10,3,4.1800000000000015,0.3899999999999988,2.0,3.039999999999992,1.4000000000000057,0.018000000000000016,-1.200000000000001,5.099999999999998,-0.066,0.02857142857142858,-0.05555555555555558,1,0,0,0,0,1
2018,1,First Round,Providence,Texas A&M,10,7,-3,-4.1800000000000015,-0.3899999999999988,-2.0,-3.039999999999992,-1.4000000000000057,-0.018000000000000016,1.200000000000001,-5.099999999999998,0.066,-0.02857142857142858,0.05555555555555558,-1,0,0,0,0,0
2018,1,First Round,UNC,Lipscomb,2,15,13,22.17,15.579999999999998,8.400000000000006,10.849999999999994,-5.299999999999997,0.0020000000000000018,2.8999999999999986,9.099999999999998,-0.125,0.005733005733005725,-0.10317460317460314,5,0,0,0,1,1
2018,1,First Round,Lipscomb,UNC,15,2,-13,-22.17,-15.579999999999998,-8.400000000000006,-10.849999999999994,5.299999999999997,-0.0020000000000000018,-2.8999999999999986,-9.099999999999998,0.125,-0.005733005733005725,0.10317460317460314,-5,0,0,1,0,0
2018,2,Second Round,Florida State,Xavier,9,1,-8,-3.2799999999999994,-0.9299999999999997,-6.0,1.6099999999999994,-0.09999999999999432,-0.027000000000000024,-0.20000000000000107,1.8000000000000007,-0.03999999999999998,-0.17142857142857149,-0.33333333333333337,6,0,1,0,0,1
2018,2,Second Round,Xavier,Florida State,1,9,8,3.2799999999999994,0.9299999999999997,6.0,-1.6099999999999994,0.09999999999999432,0.027000000000000024,0.20000000000000107,-1.8000000000000007,0.03999999999999998,0.17142857142857149,0.33333333333333337,-6,1,0,0,0,0
2018,2,Second Round,Gonzaga,Ohio State,4,5,1,0.7699999999999996,-6.42,7.200000000000003,-1.0400000000000063,1.7999999999999972,0.028999999999999915,1.0,2.799999999999997,0.010000000000000009,0.12957074721780604,0.11111111111111105,5,1,0,1,0,1
2018,2,Second Round,Ohio State,Gonzaga,5,4,-1,-0.7699999999999996,6.42,-7.200000000000003,1.0400000000000063,-1.7999999999999972,-0.028999999999999915,-1.0,-2.799999999999997,-0.010000000000000009,-0.12957074721780604,-0.11111111111111105,-5,0,1,0,1,0
2018,2,Second Round,Michigan,Houston,3,6,3,3.040000000000001,5.25,-1.0,3.8400000000000034,-2.799999999999997,0.01200000000000001,2.5,-8.200000000000003,-0.019000000000000017,0.03344947735191639,-0.05555555555555558,5,0,0,1,0,1
2018,2,Second Round,Houston,Michigan,6,3,-3,-3.040000000000001,-5.25,1.0,-3.8400000000000034,2.799999999999997,-0.01200000000000001,-2.5,8.200000000000003,0.019000000000000017,-0.03344947735191639,0.05555555555555558,-5,0,0,0,1,0
2018,2,Second Round,Texas A&M,UNC,7,2,-5,-4.77,-1.1600000000000001,-7.300000000000011,1.8900000000000006,-0.7999999999999972,-0.006000000000000005,-2.3000000000000007,-3.5,0.03999999999999998,-0.07413127413127418,-0.11111111111111116,-4,0,0,0,0,1
2018,2,Second Round,UNC,Texas A&M,2,7,5,4.77,1.1600000000000001,7.300000000000011,-1.8900000000000006,0.7999999999999972,0.006000000000000005,2.3000000000000007,3.5,-0.03999999999999998,0.07413127413127418,0.11111111111111116,4,0,0,0,0,0
2018,3,Sweet Sixteen,Florida State,Gonzaga,9,4,-5,-2.660000000000002,5.9,-8.700000000000003,-1.0499999999999972,2.5,-0.03799999999999992,-1.5,-0.8999999999999986,0.04899999999999999,-0.20772200772200777,-0.4444444444444444,1,0,1,0,1,1
2018,3,Sweet Sixteen,Gonzaga,Florida State,4,9,5,2.660000000000002,-5.9,8.700000000000003,1.0499999999999972,-2.5,0.03799999999999992,1.5,0.8999999999999986,-0.04899999999999999,0.20772200772200777,0.4444444444444444,-1,1,0,1,0,0
2018,3,Sweet Sixteen,Michigan,Texas A&M,3,7,4,3.7300000000000004,-1.209999999999999,4.900000000000006,2.760000000000005,-5.200000000000003,0.031000000000000028,3.9000000000000004,-8.5,-0.013000000000000012,0.1763066202090593,0.2222222222222222,7,0,0,1,0,1
2018,3,Sweet Sixteen,Texas A&M,Michigan,7,3,-4,-3.7300000000000004,1.209999999999999,-4.900000000000006,-2.760000000000005,5.200000000000003,-0.031000000000000028,-3.9000000000000004,8.5,0.013000000000000012,-0.1763066202090593,-0.2222222222222222,-7,0,0,0,1,0
2018,4,Elite Eight,Michigan,Florida State,3,9,6,3.2500000000000018,0.9100000000000001,1.5,5.719999999999999,-6.5,0.013000000000000012,3.0,-6.600000000000001,-0.063,0.14773519163763071,0.2222222222222222,0,0,0,1,0,1
2018,4,Elite Eight,Florida State,Michigan,9,3,-6,-3.2500000000000018,-0.9100000000000001,-1.5,-5.719999999999999,6.5,-0.013000000000000012,-3.0,6.600000000000001,0.063,-0.14773519163763071,-0.2222222222222222,0,0,0,0,1,0
2018,6,Championship,Villanova,Michigan,1,3,2,7.609999999999999,0.8300000000000001,11.299999999999997,-3.0400000000000063,4.3999999999999915,0.04999999999999993,-0.9000000000000004,3.900000000000002,-0.013000000000000012,0.09512195121951217,0.05555555555555558,-2,0,0,1,1,1
2018,6,Championship,Michigan,Villanova,3,1,-2,-7.609999999999999,-0.8300000000000001,-11.299999999999997,3.0400000000000063,-4.3999999999999915,-0.04999999999999993,0.9000000000000004,-3.900000000000002,0.013000000000000012,-0.09512195121951217,-0.05555555555555558,2,0,0,1,1,0
2019,1,First Round,Duke,North Dakota State,1,16,15,30.909999999999997,14.05,4.099999999999994,25.820000000000007,6.400000000000006,-0.0040000000000000036,-0.6000000000000014,14.699999999999996,0.014000000000000012,0.2992481203007519,0.2152777777777778,16,0,0,1,1,1
2019,1,First Round,North Dakota State,Duke,16,1,-15,-30.909999999999997,-14.05,-4.099999999999994,-25.820000000000007,-6.400000000000006,0.0040000000000000036,0.6000000000000014,-14.699999999999996,-0.014000000000000012,-0.2992481203007519,-0.2152777777777778,-16,0,0,1,1,0
2019,1,First Round,UCF,VCU,9,8,-1,1.4099999999999984,2.71,5.0,-5.760000000000005,-1.7000000000000028,0.028000000000000025,1.8000000000000007,-2.0,0.09600000000000003,-0.030303030303030276,-0.16666666666666663,-1,0,1,0,0,1
2019,1,First Round,VCU,UCF,8,9,1,-1.4099999999999984,-2.71,-5.0,5.760000000000005,1.7000000000000028,-0.028000000000000025,-1.8000000000000007,2.0,-0.09600000000000003,0.030303030303030276,0.16666666666666663,1,1,0,0,0,0
2019,1,First Round,Liberty,Mississippi St.,12,5,-7,-10.690000000000001,-12.95,0.8999999999999915,-4.740000000000009,-3.1999999999999886,0.02299999999999991,1.4000000000000004,-9.5,-0.061,0.12908496732026142,0.3194444444444444,-3,1,0,1,0,1
2019,1,First Round,Mississippi St.,Liberty,5,12,7,10.690000000000001,12.95,-0.8999999999999915,4.740000000000009,3.1999999999999886,-0.02299999999999991,-1.4000000000000004,9.5,0.061,-0.12908496732026142,-0.3194444444444444,3,0,1,0,1,0
2019,1,First Round,Virginia Tech,Saint Louis,4,13,9,14.220000000000002,5.5600000000000005,13.899999999999991,3.0600000000000023,-2.5999999999999943,0.08900000000000002,0.8000000000000007,-6.5000000000000036,-0.07500000000000001,0.10396825396825404,0.11111111111111105,1,0,0,0,1,1
2019,1,First Round,Saint Louis,Virginia Tech,13,4,-9,-14.220000000000002,-5.5600000000000005,-13.899999999999991,-3.0600000000000023,2.5999999999999943,-0.08900000000000002,-0.8000000000000007,6.5000000000000036,0.07500000000000001,-0.10396825396825404,-0.11111111111111105,-1,0,0,1,0,0
2019,1,First Round,Maryland,Belmont,6,11,5,6.890000000000002,12.69,-8.900000000000006,10.560000000000002,-7.6000000000000085,-0.06599999999999995,-2.8000000000000007,8.899999999999999,0.04200000000000004,-0.14171122994652408,-0.23888888888888882,2,0,1,0,0,1
2019,1,First Round,Belmont,Maryland,11,6,-5,-6.890000000000002,-12.69,8.900000000000006,-10.560000000000002,7.6000000000000085,0.06599999999999995,2.8000000000000007,-8.899999999999999,-0.04200000000000004,0.14171122994652408,0.23888888888888882,-2,1,0,0,0,0
2019,1,First Round,LSU,Yale,3,14,11,10.98,10.4,1.3999999999999915,7.650000000000006,-2.3000000000000114,-0.04400000000000004,0.8000000000000007,10.400000000000002,0.064,0.06666666666666676,0.17460317460317454,7,1,1,0,1,1
2019,1,First Round,Yale,LSU,14,3,-11,-10.98,-10.4,-1.3999999999999915,-7.650000000000006,2.3000000000000114,0.04400000000000004,-0.8000000000000007,-10.400000000000002,-0.064,-0.06666666666666676,-0.17460317460317454,-7,1,1,1,0,0
2019,1,First Round,Minnesota,Louisville,10,7,-3,-4.760000000000002,0.23000000000000043,-3.700000000000003,-3.0799999999999983,-0.5,-0.027000000000000024,0.5999999999999996,1.8999999999999986,0.067,0.022875816993464082,-0.10555555555555557,-2,0,0,0,0,1
2019,1,First Round,Louisville,Minnesota,7,10,3,4.760000000000002,-0.23000000000000043,3.700000000000003,3.0799999999999983,0.5,0.027000000000000024,-0.5999999999999996,-1.8999999999999986,-0.067,-0.022875816993464082,0.10555555555555557,2,0,0,0,0,0
2019,1,First Round,Michigan State,Bradley,2,15,13,25.009999999999998,13.24,12.899999999999991,14.89,1.8999999999999915,0.05500000000000005,0.6999999999999993,6.300000000000004,-0.022999999999999965,0.2490842490842491,0.30000000000000004,4,1,0,1,1,1
2019,1,First Round,Bradley,Michigan State,15,2,-13,-25.009999999999998,-13.24,-12.899999999999991,-14.89,-1.8999999999999915,-0.05500000000000005,-0.6999999999999993,-6.300000000000004,0.022999999999999965,-0.2490842490842491,-0.30000000000000004,-4,0,1,1,1,0
2019,2,Second Round,Duke,UCF,1,9,8,13.53,6.4,5.5,7.840000000000003,5.900000000000006,0.007000000000000006,0.6999999999999993,6.299999999999997,-0.121,0.1148325358851674,0.05555555555555558,15,0,0,1,0,1
2019,2,Second Round,UCF,Duke,9,1,-8,-13.53,-6.4,-5.5,-7.840000000000003,-5.900000000000006,-0.007000000000000006,-0.6999999999999993,-6.299999999999997,0.121,-0.1148325358851674,-0.05555555555555558,-15,0,0,0,1,0
2019,2,Second Round,Virginia Tech,Liberty,4,12,8,14.010000000000002,11.67,0.5,8.490000000000009,-1.0,-0.0129999999999999,-0.09999999999999964,4.099999999999998,0.05399999999999999,-0.0626984126984127,-0.20833333333333337,2,0,1,0,1,1
2019,2,Second Round,Liberty,Virginia Tech,12,4,-8,-14.010000000000002,-11.67,-0.5,-8.490000000000009,1.0,0.0129999999999999,0.09999999999999964,-4.099999999999998,-0.05399999999999999,0.0626984126984127,0.20833333333333337,-2,1,0,1,0,0
2019,2,Second Round,LSU,Maryland,3,6,3,0.48999999999999844,-0.9299999999999997,3.799999999999997,-3.269999999999996,4.0,-0.0020000000000000018,1.4000000000000004,2.200000000000003,0.04299999999999998,0.12352941176470589,0.23888888888888882,5,1,0,0,0,1
2019,2,Second Round,Maryland,LSU,6,3,-3,-0.48999999999999844,0.9299999999999997,-3.799999999999997,3.269999999999996,-4.0,0.0020000000000000018,-1.4000000000000004,-2.200000000000003,-0.04299999999999998,-0.12352941176470589,-0.23888888888888882,-5,0,1,0,0,0
2019,2,Second Round,Michigan State,Minnesota,2,10,8,12.41,1.0700000000000003,9.399999999999991,7.209999999999994,0.19999999999998863,0.07000000000000006,-1.4000000000000004,2.3000000000000043,-0.07999999999999996,0.20940170940170932,0.35000000000000003,2,1,0,1,0,1
2019,2,Second Round,Minnesota,Michigan State,10,2,-8,-12.41,-1.0700000000000003,-9.399999999999991,-7.209999999999994,-0.19999999999998863,-0.07000000000000006,1.4000000000000004,-2.3000000000000043,0.07999999999999996,-0.20940170940170932,-0.35000000000000003,-2,0,1,0,1,0
2019,3,Sweet Sixteen,Duke,Virginia Tech,1,4,3,7.619999999999997,4.19,-0.7000000000000028,6.299999999999997,8.799999999999997,-0.020000000000000018,0.3999999999999986,6.099999999999998,0.013000000000000012,0.09924812030075181,0.11111111111111116,14,0,0,1,0,1
2019,3,Sweet Sixteen,Virginia Tech,Duke,4,1,-3,-7.619999999999997,-4.19,0.7000000000000028,-6.299999999999997,-8.799999999999997,0.020000000000000018,-0.3999999999999986,-6.099999999999998,-0.013000000000000012,-0.09924812030075181,-0.11111111111111116,-14,0,0,0,1,0
2019,3,Sweet Sixteen,Michigan State,LSU,2,3,1,8.43,3.1799999999999997,2.0,7.939999999999998,-2.5,0.040000000000000036,-0.9000000000000004,-3.0,-0.034999999999999976,0.02051282051282044,-0.0888888888888888,-4,1,1,1,0,1
2019,3,Sweet Sixteen,LSU,Michigan State,3,2,-1,-8.43,-3.1799999999999997,-2.0,-7.939999999999998,2.5,-0.040000000000000036,0.9000000000000004,3.0,0.034999999999999976,-0.02051282051282044,0.0888888888888888,4,1,1,0,1,0
2019,4,Elite Eight,Michigan State,Duke,2,1,-1,-1.9699999999999989,0.35999999999999943,0.5,-2.010000000000005,-5.1000000000000085,0.016000000000000014,-1.1999999999999993,-2.0999999999999943,0.0040000000000000036,-0.021592442645074206,0.022222222222222254,-12,1,0,1,1,1
2019,4,Elite Eight,Duke,Michigan State,1,2,1,1.9699999999999989,-0.35999999999999943,-0.5,2.010000000000005,5.1000000000000085,-0.016000000000000014,1.1999999999999993,2.0999999999999943,-0.0040000000000000036,0.021592442645074206,-0.022222222222222254,12,0,1,1,1,0
2019,1,First Round,UNC,Iona,1,16,15,28.720000000000002,16.85,5.299999999999997,21.570000000000007,4.5,-0.0010000000000000009,0.8000000000000007,10.499999999999996,-0.066,0.29040404040404044,0.2222222222222222,5,1,1,0,1,1
2019,1,First Round,Iona,UNC,16,1,-15,-28.720000000000002,-16.85,-5.299999999999997,-21.570000000000007,-4.5,0.0010000000000000009,-0.8000000000000007,-10.499999999999996,0.066,-0.29040404040404044,-0.2222222222222222,-5,1,1,1,0,0
2019,1,First Round,Washington,Utah State,9,8,-1,0.02999999999999936,6.12,-8.399999999999991,3.6099999999999994,-2.5999999999999943,-0.017000000000000015,-1.5999999999999979,-3.099999999999998,-0.020000000000000018,-0.050000000000000044,0.0,2,1,1,0,1,1
2019,1,First Round,Utah State,Washington,8,9,1,-0.02999999999999936,-6.12,8.399999999999991,-3.6099999999999994,2.5999999999999943,0.017000000000000015,1.5999999999999979,3.099999999999998,0.020000000000000018,0.050000000000000044,0.0,-2,1,1,1,0,0
2019,1,First Round,Auburn,New Mexico State,5,12,7,10.79,13.3,0.19999999999998863,6.150000000000006,0.9000000000000057,0.0050000000000000044,0.3999999999999986,-5.100000000000001,-0.029000000000000026,-0.1071428571428571,-0.32638888888888884,6,0,1,1,1,1
2019,1,First Round,New Mexico State,Auburn,12,5,-7,-10.79,-13.3,-0.19999999999998863,-6.150000000000006,-0.9000000000000057,-0.0050000000000000044,-0.3999999999999986,5.100000000000001,0.029000000000000026,0.1071428571428571,0.32638888888888884,-6,1,0,1,1,0
2019,1,First Round,Kansas,Northeastern,4,13,9,14.400000000000002,13.489999999999998,-5.200000000000003,14.399999999999991,4.0,-0.038999999999999924,-1.0000000000000018,7.399999999999999,-0.018000000000000016,0.04575163398692805,-0.11111111111111116,5,0,0,0,1,1
2019,1,First Round,Northeastern,Kansas,13,4,-9,-14.400000000000002,-13.489999999999998,5.200000000000003,-14.399999999999991,-4.0,0.038999999999999924,1.0000000000000018,-7.399999999999999,0.018000000000000016,-0.04575163398692805,0.11111111111111116,-5,0,0,1,0,0
2019,1,First Round,Ohio State,Iowa State,11,6,-5,-4.18,1.6999999999999993,-9.5,2.490000000000009,-1.5,-0.04500000000000004,-2.4999999999999982,-0.7999999999999972,0.03700000000000003,-0.08571428571428574,-0.09999999999999998,-2,0,0,0,1,1
2019,1,First Round,Iowa State,Ohio State,6,11,5,4.18,-1.6999999999999993,9.5,-2.490000000000009,1.5,0.04500000000000004,2.4999999999999982,0.7999999999999972,-0.03700000000000003,0.08571428571428574,0.09999999999999998,2,0,0,1,0,0
2019,1,First Round,Houston,Georgia State,3,14,11,16.47,3.9600000000000004,4.700000000000003,13.549999999999997,-4.0,-0.02200000000000002,0.5999999999999996,10.699999999999996,-0.03699999999999998,0.18600953895071537,0.16666666666666663,5,1,1,0,1,1
2019,1,First Round,Georgia State,Houston,14,3,-11,-16.47,-3.9600000000000004,-4.700000000000003,-13.549999999999997,4.0,0.02200000000000002,-0.5999999999999996,-10.699999999999996,0.03699999999999998,-0.18600953895071537,-0.16666666666666663,-5,1,1,1,0,0
2019,1,First Round,Wofford,Seton Hall,7,10,3,3.67,-7.54,15.200000000000003,-2.75,-1.5999999999999943,0.08099999999999996,1.6999999999999993,2.8999999999999986,-0.07399999999999995,0.26890756302521,0.5,-3,1,0,1,0,1
2019,1,First Round,Seton Hall,Wofford,10,7,-3,-3.67,7.54,-15.200000000000003,2.75,1.5999999999999943,-0.08099999999999996,-1.6999999999999993,-2.8999999999999986,0.07399999999999995,-0.26890756302521,-0.5,3,0,1,0,1,0
2019,1,First Round,Kentucky,Abilene Christian,2,15,13,23.34,17.63,3.200000000000003,15.420000000000002,0.09999999999999432,-0.0050000000000000044,-0.40000000000000036,7.599999999999998,0.08299999999999996,0.016693163751987372,0.05555555555555558,12,0,0,0,1,1
2019,1,First Round,Abilene Christian,Kentucky,15,2,-13,-23.34,-17.63,-3.200000000000003,-15.420000000000002,-0.09999999999999432,0.0050000000000000044,0.40000000000000036,-7.599999999999998,-0.08299999999999996,-0.016693163751987372,-0.05555555555555558,-12,0,0,1,0,0
2019,2,Second Round,UNC,Washington,1,9,8,11.930000000000001,4.34,9.5,2.0700000000000074,8.5,0.008000000000000007,2.799999999999999,5.9999999999999964,-0.044999999999999984,0.05555555555555558,0.05555555555555547,1,1,1,0,0,1
2019,2,Second Round,Washington,UNC,9,1,-8,-11.930000000000001,-4.34,-9.5,-2.0700000000000074,-8.5,-0.008000000000000007,-2.799999999999999,-5.9999999999999964,0.044999999999999984,-0.05555555555555558,-0.05555555555555547,-1,1,1,0,0,0
2019,2,Second Round,Auburn,Kansas,5,4,-1,2.4899999999999984,-1.8699999999999992,7.599999999999994,-2.4399999999999977,-1.0999999999999943,0.017000000000000015,1.8000000000000007,1.7000000000000028,-0.013000000000000012,0.02777777777777779,-0.05555555555555547,2,0,0,1,0,1
2019,2,Second Round,Kansas,Auburn,4,5,1,-2.4899999999999984,1.8699999999999992,-7.599999999999994,2.4399999999999977,1.0999999999999943,-0.017000000000000015,-1.8000000000000007,-1.7000000000000028,0.013000000000000012,-0.02777777777777779,0.05555555555555547,-2,0,0,0,1,0
2019,2,Second Round,Houston,Ohio State,3,11,8,5.02,-6.39,8.599999999999994,2.309999999999988,0.5999999999999943,0.018000000000000016,2.4999999999999982,6.199999999999996,-0.02100000000000002,0.3204633204633205,0.4888888888888888,2,1,0,0,0,1
2019,2,Second Round,Ohio State,Houston,11,3,-8,-5.02,6.39,-8.599999999999994,-2.309999999999988,-0.5999999999999943,-0.018000000000000016,-2.4999999999999982,-6.199999999999996,0.02100000000000002,-0.3204633204633205,-0.4888888888888888,-2,0,1,0,0,0
2019,2,Second Round,Kentucky,Wofford,2,7,5,7.51,9.489999999999998,-7.299999999999997,9.740000000000009,-1.2000000000000028,-0.04999999999999993,-2.4000000000000004,3.8999999999999986,0.14799999999999996,-0.04633204633204624,-0.16666666666666663,12,0,1,0,1,1
2019,2,Second Round,Wofford,Kentucky,7,2,-5,-7.51,-9.489999999999998,7.299999999999997,-9.740000000000009,1.2000000000000028,0.04999999999999993,2.4000000000000004,-3.8999999999999986,-0.14799999999999996,0.04633204633204624,0.16666666666666663,-12,1,0,1,0,0
2019,3,Sweet Sixteen,Auburn,UNC,5,1,-4,-3.1000000000000014,-0.4299999999999997,1.3999999999999915,-3.4000000000000057,-6.700000000000003,0.014000000000000012,0.29999999999999893,-3.1999999999999957,0.010000000000000009,-0.05555555555555558,-0.2777777777777777,2,0,1,1,0,1
2019,3,Sweet Sixteen,UNC,Auburn,1,5,4,3.1000000000000014,0.4299999999999997,-1.3999999999999915,3.4000000000000057,6.700000000000003,-0.014000000000000012,-0.29999999999999893,3.1999999999999957,-0.010000000000000009,0.05555555555555558,0.2777777777777777,-2,1,0,0,1,0
2019,3,Sweet Sixteen,Kentucky,Houston,2,3,1,2.5199999999999996,5.679999999999999,0.10000000000000853,0.960000000000008,0.0,0.009000000000000008,-2.0,2.6000000000000014,0.10299999999999998,-0.08108108108108103,-0.05555555555555547,7,0,1,0,0,1
2019,3,Sweet Sixteen,Houston,Kentucky,3,2,-1,-2.5199999999999996,-5.679999999999999,-0.10000000000000853,-0.960000000000008,0.0,-0.009000000000000008,2.0,-2.6000000000000014,-0.10299999999999998,0.08108108108108103,0.05555555555555547,-7,1,0,0,0,0
2019,4,Elite Eight,Auburn,Kentucky,5,2,-3,-0.5899999999999999,0.6300000000000008,2.1999999999999886,-4.340000000000003,1.9000000000000057,0.013000000000000012,1.5999999999999996,-4.799999999999997,-0.10699999999999998,-0.060810810810810856,-0.2222222222222222,-5,0,0,1,0,1
2019,4,Elite Eight,Kentucky,Auburn,2,5,3,0.5899999999999999,-0.6300000000000008,-2.1999999999999886,4.340000000000003,-1.9000000000000057,-0.013000000000000012,-1.5999999999999996,4.799999999999997,0.10699999999999998,0.060810810810810856,0.2222222222222222,5,0,0,0,1,0
2019,1,First Round,Virginia,Gardner-Webb,1,16,15,28.07,14.58,5.3999999999999915,21.819999999999993,-7.700000000000003,-0.006000000000000005,2.1999999999999993,5.199999999999999,-0.08700000000000002,0.2639097744360902,0.24183006535947704,8,1,0,0,1,1
2019,1,First Round,Gardner-Webb,Virginia,16,1,-15,-28.07,-14.58,-5.3999999999999915,-21.819999999999993,7.700000000000003,0.006000000000000005,-2.1999999999999993,-5.199999999999999,0.08700000000000002,-0.2639097744360902,-0.24183006535947704,-8,0,1,1,0,0
2019,1,First Round,Oklahoma,Ole Miss,9,8,-1,2.9800000000000004,4.08,-6.0,5.269999999999996,0.09999999999999432,-0.027000000000000024,1.0,-4.5,0.0040000000000000036,-0.017825311942959,-0.16666666666666669,0,0,0,0,0,1
2019,1,First Round,Ole Miss,Oklahoma,8,9,1,-2.9800000000000004,-4.08,6.0,-5.269999999999996,-0.09999999999999432,0.027000000000000024,-1.0,4.5,-0.0040000000000000036,0.017825311942959,0.16666666666666669,0,0,0,0,0,0
2019,1,First Round,Oregon,Wisconsin,12,5,-7,-3.9499999999999993,-4.88,2.299999999999997,-3.1199999999999903,0.7000000000000028,0.009000000000000008,-2.4000000000000004,4.800000000000001,0.020999999999999963,-0.018575851393188847,-0.14444444444444438,2,0,0,1,0,1
2019,1,First Round,Wisconsin,Oregon,5,12,7,3.9499999999999993,4.88,-2.299999999999997,3.1199999999999903,-0.7000000000000028,-0.009000000000000008,2.4000000000000004,-4.800000000000001,-0.020999999999999963,0.018575851393188847,0.14444444444444438,-2,0,0,0,1,0
2019,1,First Round,UC Irvine,Kansas State,13,4,-9,-9.690000000000001,-11.48,6.5,-10.379999999999995,1.2999999999999972,0.02300000000000002,0.0,5.600000000000001,-0.010000000000000009,0.10254372019077895,0.1597222222222222,-2,1,1,1,0,1
2019,1,First Round,Kansas State,UC Irvine,4,13,9,9.690000000000001,11.48,-6.5,10.379999999999995,-1.2999999999999972,-0.02300000000000002,0.0,-5.600000000000001,0.010000000000000009,-0.10254372019077895,-0.1597222222222222,2,1,1,0,1,0
2019,1,First Round,Villanova,Saint Mary's,6,11,5,1.75,3.5699999999999994,0.0,-0.6500000000000057,0.7000000000000028,-0.006000000000000005,-0.09999999999999964,-0.6999999999999993,0.05299999999999999,0.07516339869281041,0.03472222222222221,3,1,0,1,1,1
2019,1,First Round,Saint Mary's,Villanova,11,6,-5,-1.75,-3.5699999999999994,0.0,0.6500000000000057,-0.7000000000000028,0.006000000000000005,0.09999999999999964,0.6999999999999993,-0.05299999999999999,-0.07516339869281041,-0.03472222222222221,-3,0,1,1,1,0
2019,1,First Round,Purdue,Old Dominion,3,14,11,17.659999999999997,13.17,14.300000000000011,2.0999999999999943,0.5,0.06500000000000006,1.5,1.9999999999999964,0.010000000000000009,-0.020634920634920673,0.07777777777777783,1,1,1,0,1,1
2019,1,First Round,Old Dominion,Purdue,14,3,-11,-17.659999999999997,-13.17,-14.300000000000011,-2.0999999999999943,-0.5,-0.06500000000000006,-1.5,-1.9999999999999964,-0.010000000000000009,0.020634920634920673,-0.07777777777777783,-1,1,1,1,0,0
2019,1,First Round,Iowa,Cincinnati,10,7,-3,-0.2599999999999998,4.34,0.9000000000000057,-6.650000000000006,5.200000000000003,0.03700000000000003,-1.799999999999999,-7.399999999999999,0.046999999999999986,-0.1428571428571429,-0.2777777777777778,2,0,0,0,1,1
2019,1,First Round,Cincinnati,Iowa,7,10,3,0.2599999999999998,-4.34,-0.9000000000000057,6.650000000000006,-5.200000000000003,-0.03700000000000003,1.799999999999999,7.399999999999999,-0.046999999999999986,0.1428571428571429,0.2777777777777778,-2,0,0,1,0,0
2019,1,First Round,Tennessee,Colgate,2,15,13,20.32,13.99,5.799999999999997,13.040000000000006,1.6000000000000085,-0.0050000000000000044,3.1000000000000014,1.7999999999999972,0.051000000000000045,0.1521235521235521,0.11111111111111116,8,0,1,0,1,1
2019,1,First Round,Colgate,Tennessee,15,2,-13,-20.32,-13.99,-5.799999999999997,-13.040000000000006,-1.6000000000000085,0.0050000000000000044,-3.1000000000000014,-1.7999999999999972,-0.051000000000000045,-0.1521235521235521,-0.11111111111111116,-8,1,0,1,0,0
2019,2,Second Round,Virginia,Oklahoma,1,9,8,10.16,-2.0600000000000005,13.899999999999991,4.739999999999995,-8.5,0.04800000000000004,2.1999999999999993,4.099999999999998,-0.02200000000000002,0.33281733746130027,0.49999999999999994,7,1,0,0,0,1
2019,2,Second Round,Oklahoma,Virginia,9,1,-8,-10.16,2.0600000000000005,-13.899999999999991,-4.739999999999995,8.5,-0.04800000000000004,-2.1999999999999993,-4.099999999999998,0.02200000000000002,-0.33281733746130027,-0.49999999999999994,-7,0,1,0,0,0
2019,2,Second Round,Oregon,UC Irvine,12,13,1,8.25,8.43,-1.5999999999999943,7.290000000000006,-0.7000000000000028,0.0040000000000000036,-0.20000000000000107,-4.899999999999999,-0.0020000000000000018,-0.17994310099573252,-0.3819444444444444,5,0,1,1,1,1
2019,2,Second Round,UC Irvine,Oregon,13,12,-1,-8.25,-8.43,1.5999999999999943,-7.290000000000006,0.7000000000000028,-0.0040000000000000036,0.20000000000000107,4.899999999999999,0.0020000000000000018,0.17994310099573252,0.3819444444444444,-5,1,0,1,1,0
2019,2,Second Round,Purdue,Villanova,3,6,3,7.0699999999999985,4.0200000000000005,2.200000000000003,4.5,1.0999999999999943,0.0040000000000000036,0.6999999999999993,3.6999999999999957,-0.044999999999999984,0.0,0.07777777777777783,-3,1,1,0,1,1
2019,2,Second Round,Villanova,Purdue,6,3,-3,-7.0699999999999985,-4.0200000000000005,-2.200000000000003,-4.5,-1.0999999999999943,-0.0040000000000000036,-0.6999999999999993,-3.6999999999999957,0.044999999999999984,0.0,-0.07777777777777783,3,1,1,1,0,0
2019,2,Second Round,Tennessee,Iowa,2,10,8,7.280000000000001,0.3200000000000003,5.699999999999989,6.150000000000006,-0.7999999999999972,0.027000000000000024,1.4000000000000004,1.3999999999999986,-0.08999999999999997,0.1806949806949807,0.33333333333333337,4,0,0,0,0,1
2019,2,Second Round,Iowa,Tennessee,10,2,-8,-7.280000000000001,-0.3200000000000003,-5.699999999999989,-6.150000000000006,0.7999999999999972,-0.027000000000000024,-1.4000000000000004,-1.3999999999999986,0.08999999999999997,-0.1806949806949807,-0.33333333333333337,-4,0,0,0,0,0
2019,3,Sweet Sixteen,Virginia,Oregon,1,12,11,11.510000000000002,4.0200000000000005,10.099999999999994,3.7299999999999898,-4.700000000000003,0.03200000000000003,2.5999999999999996,0.5999999999999979,-0.0030000000000000027,0.26315789473684204,0.33333333333333326,3,1,0,0,1,1
2019,3,Sweet Sixteen,Oregon,Virginia,12,1,-11,-11.510000000000002,-4.0200000000000005,-10.099999999999994,-3.7299999999999898,4.700000000000003,-0.03200000000000003,-2.5999999999999996,-0.5999999999999979,0.0030000000000000027,-0.26315789473684204,-0.33333333333333326,-3,0,1,1,0,0
2019,3,Sweet Sixteen,Purdue,Tennessee,3,2,-1,-0.15000000000000213,1.83,-1.6999999999999886,0.4200000000000017,-3.3000000000000114,-0.018000000000000016,0.1999999999999993,2.8999999999999986,-0.03400000000000003,-0.11561561561561562,-0.033333333333333326,-6,1,0,0,0,1
2019,3,Sweet Sixteen,Tennessee,Purdue,2,3,1,0.15000000000000213,-1.83,1.6999999999999886,-0.4200000000000017,3.3000000000000114,0.018000000000000016,-0.1999999999999993,-2.8999999999999986,0.03400000000000003,0.11561561561561562,0.033333333333333326,6,0,1,0,0,0
2019,4,Elite Eight,Virginia,Purdue,1,3,2,4.060000000000002,-1.8399999999999999,1.8999999999999915,6.599999999999994,-5.299999999999997,0.016000000000000014,0.6999999999999993,-4.099999999999998,-0.008000000000000007,0.19883040935672514,0.0888888888888888,6,1,1,0,0,1
2019,4,Elite Eight,Purdue,Virginia,3,1,-2,-4.060000000000002,1.8399999999999999,-1.8999999999999915,-6.599999999999994,5.299999999999997,-0.016000000000000014,-0.6999999999999993,4.099999999999998,0.008000000000000007,-0.19883040935672514,-0.0888888888888888,-6,1,1,0,0,0
2019,1,First Round,Gonzaga,FDU,1,16,15,33.879999999999995,12.25,14.700000000000003,24.570000000000007,3.0,0.04599999999999993,4.200000000000001,1.5999999999999979,-0.009000000000000008,0.2918918918918919,0.33333333333333337,9,1,1,0,1,1
2019,1,First Round,FDU,Gonzaga,16,1,-15,-33.879999999999995,-12.25,-14.700000000000003,-24.570000000000007,-3.0,-0.04599999999999993,-4.200000000000001,-1.5999999999999979,0.009000000000000008,-0.2918918918918919,-0.33333333333333337,-9,1,1,1,0,0
2019,1,First Round,Baylor,Syracuse,9,8,-1,-0.34999999999999964,-0.8300000000000001,4.199999999999989,-4.13000000000001,-0.7000000000000028,0.016000000000000014,-0.4999999999999982,7.600000000000001,-0.044999999999999984,0.0,0.0,1,0,0,0,0,1
2019,1,First Round,Syracuse,Baylor,8,9,1,0.34999999999999964,0.8300000000000001,-4.199999999999989,4.13000000000001,0.7000000000000028,-0.016000000000000014,0.4999999999999982,-7.600000000000001,0.044999999999999984,0.0,0.0,-1,0,0,0,0,0
2019,1,First Round,Murray State,Marquette,12,5,-7,-5.8199999999999985,-10.07,6.799999999999997,-6.140000000000001,1.0999999999999943,0.02200000000000002,2.1999999999999993,2.1999999999999993,-0.01599999999999996,0.142602495543672,0.2222222222222222,0,1,0,1,0,1
2019,1,First Round,Marquette,Murray State,5,12,7,5.8199999999999985,10.07,-6.799999999999997,6.140000000000001,-1.0999999999999943,-0.02200000000000002,-2.1999999999999993,-2.1999999999999993,0.01599999999999996,-0.142602495543672,-0.2222222222222222,0,0,1,0,1,0
2019,1,First Round,Florida State,Vermont,4,13,9,13.11,14.44,-3.9000000000000057,11.819999999999993,3.0,-0.025000000000000022,-1.5999999999999996,4.9999999999999964,-0.0010000000000000009,-0.010333863275039712,-0.1527777777777778,9,0,1,0,1,1
2019,1,First Round,Vermont,Florida State,13,4,-9,-13.11,-14.44,3.9000000000000057,-11.819999999999993,-3.0,0.025000000000000022,1.5999999999999996,-4.9999999999999964,0.0010000000000000009,0.010333863275039712,0.1527777777777778,-9,1,0,1,0,0
2019,1,First Round,Buffalo,Arizona State,6,11,5,5.280000000000001,-3.42,7.3999999999999915,0.8499999999999943,2.0,0.029000000000000026,2.3000000000000007,0.5,-0.11099999999999999,0.21241830065359468,0.2222222222222222,-3,1,0,1,0,1
2019,1,First Round,Arizona State,Buffalo,11,6,-5,-5.280000000000001,3.42,-7.3999999999999915,-0.8499999999999943,-2.0,-0.029000000000000026,-2.3000000000000007,-0.5,0.11099999999999999,-0.21241830065359468,-0.2222222222222222,3,0,1,0,1,0
2019,1,First Round,Texas Tech,Northern Kentucky,3,14,11,18.119999999999997,11.92,-4.5,19.480000000000004,-2.4000000000000057,-0.018000000000000016,-0.20000000000000107,-4.300000000000001,-0.024999999999999967,0.07293233082706763,0.05555555555555558,5,1,1,0,1,1
2019,1,First Round,Northern Kentucky,Texas Tech,14,3,-11,-18.119999999999997,-11.92,4.5,-19.480000000000004,2.4000000000000057,0.018000000000000016,0.20000000000000107,4.300000000000001,0.024999999999999967,-0.07293233082706763,-0.05555555555555558,-5,1,1,1,0,0
2019,1,First Round,Florida,Nevada,10,7,-3,-0.5800000000000001,8.540000000000001,-9.5,2.8900000000000006,-6.0,-0.039000000000000035,-2.5,3.5,-0.10899999999999999,-0.2973856209150326,-0.33333333333333337,-1,0,1,0,0,1
2019,1,First Round,Nevada,Florida,7,10,3,0.5800000000000001,-8.540000000000001,9.5,-2.8900000000000006,6.0,0.039000000000000035,2.5,-3.5,0.10899999999999999,0.2973856209150326,0.33333333333333337,1,1,0,0,0,0
2019,1,First Round,Michigan,Montana,2,15,13,20.32,15.600000000000001,-4.099999999999994,20.430000000000007,-3.1999999999999886,-0.04799999999999993,3.0999999999999996,-2.700000000000003,-0.03799999999999998,0.06795366795366797,-0.050000000000000044,9,0,1,0,1,1
2019,1,First Round,Montana,Michigan,15,2,-13,-20.32,-15.600000000000001,4.099999999999994,-20.430000000000007,3.1999999999999886,0.04799999999999993,-3.0999999999999996,2.700000000000003,0.03799999999999998,-0.06795366795366797,0.050000000000000044,-9,1,0,1,0,0
2019,2,Second Round,Gonzaga,Baylor,1,9,8,14.409999999999998,-4.25,14.600000000000009,8.63000000000001,5.200000000000003,0.07799999999999996,3.299999999999999,-7.200000000000003,0.02999999999999997,0.3036565977742448,0.4444444444444444,4,1,0,0,0,1
2019,2,Second Round,Baylor,Gonzaga,9,1,-8,-14.409999999999998,4.25,-14.600000000000009,-8.63000000000001,-5.200000000000003,-0.07799999999999996,-3.299999999999999,7.200000000000003,-0.02999999999999997,-0.3036565977742448,-0.4444444444444444,-4,0,1,0,0,0
2019,2,Second Round,Florida State,Murray State,4,12,8,9.029999999999998,13.37,-8.700000000000003,10.670000000000002,-2.299999999999997,-0.052000000000000046,-1.5,0.9999999999999964,0.022999999999999965,-0.06470106470106474,-0.16666666666666663,8,0,1,0,1,1
2019,2,Second Round,Murray State,Florida State,12,4,-8,-9.029999999999998,-13.37,8.700000000000003,-10.670000000000002,2.299999999999997,0.052000000000000046,1.5,-0.9999999999999964,-0.022999999999999965,0.06470106470106474,0.16666666666666663,-8,1,0,1,0,0
2019,2,Second Round,Texas Tech,Buffalo,3,6,3,7.229999999999999,6.909999999999999,-5.8999999999999915,12.38000000000001,-6.900000000000006,0.0,-2.0,-5.5,0.0020000000000000018,-0.07309941520467833,-0.11111111111111105,4,1,1,0,1,1
2019,2,Second Round,Buffalo,Texas Tech,6,3,-3,-7.229999999999999,-6.909999999999999,5.8999999999999915,-12.38000000000001,6.900000000000006,0.0,2.0,5.5,-0.0020000000000000018,0.07309941520467833,0.11111111111111105,-4,1,1,1,0,0
2019,2,Second Round,Michigan,Florida,2,10,8,6.4,-0.6699999999999999,2.799999999999997,6.63000000000001,0.7000000000000028,0.018000000000000016,3.0999999999999996,-6.700000000000003,-0.023999999999999966,0.2552552552552553,0.25,7,0,0,0,0,1
2019,2,Second Round,Florida,Michigan,10,2,-8,-6.4,0.6699999999999999,-2.799999999999997,-6.63000000000001,-0.7000000000000028,-0.018000000000000016,-3.0999999999999996,6.700000000000003,0.023999999999999966,-0.2552552552552553,-0.25,-7,0,0,0,0,0
2019,3,Sweet Sixteen,Gonzaga,Florida State,1,4,3,9.8,-5.25,15.900000000000006,1.1800000000000068,2.200000000000003,0.08499999999999996,3.0999999999999996,-1.8999999999999986,-0.0050000000000000044,0.10810810810810811,0.2777777777777778,-1,1,0,0,0,1
2019,3,Sweet Sixteen,Florida State,Gonzaga,4,1,-3,-9.8,5.25,-15.900000000000006,-1.1800000000000068,-2.200000000000003,-0.08499999999999996,-3.0999999999999996,1.8999999999999986,0.0050000000000000044,-0.10810810810810811,-0.2777777777777778,1,0,1,0,0,0
2019,3,Sweet Sixteen,Texas Tech,Michigan,3,2,-1,0.9699999999999989,-1.0200000000000014,0.4000000000000057,1.1899999999999977,2.1999999999999886,0.019000000000000017,-3.5,2.400000000000002,0.05399999999999999,0.004978662873399653,0.02777777777777779,-4,1,0,0,0,1
2019,3,Sweet Sixteen,Michigan,Texas Tech,2,3,1,-0.9699999999999989,1.0200000000000014,-0.4000000000000057,-1.1899999999999977,-2.1999999999999886,-0.019000000000000017,3.5,-2.400000000000002,-0.05399999999999999,-0.004978662873399653,-0.02777777777777779,4,0,1,0,0,0
2019,4,Elite Eight,Texas Tech,Gonzaga,3,1,-2,-5.0,4.52,-15.299999999999997,4.969999999999999,-4.1000000000000085,-0.05499999999999994,-2.700000000000001,-4.099999999999998,-0.023999999999999966,-0.07610241820768138,-0.2222222222222222,-4,1,1,0,0,1
2019,4,Elite Eight,Gonzaga,Texas Tech,1,3,2,5.0,-4.52,15.299999999999997,-4.969999999999999,4.1000000000000085,0.05499999999999994,2.700000000000001,4.099999999999998,0.023999999999999966,0.07610241820768138,0.2222222222222222,4,1,1,0,0,0
2019,6,Championship,Virginia,Texas Tech,1,3,2,2.6700000000000017,0.620000000000001,9.399999999999991,-3.8200000000000074,-6.799999999999997,0.017000000000000015,3.0,3.3999999999999986,-0.038000000000000034,0.10526315789473684,0.11111111111111105,3,1,1,0,0,1
2019,6,Championship,Texas Tech,Virginia,3,1,-2,-2.6700000000000017,-0.620000000000001,-9.399999999999991,3.8200000000000074,6.799999999999997,-0.017000000000000015,-3.0,-3.3999999999999986,0.038000000000000034,-0.10526315789473684,-0.11111111111111105,-3,1,1,0,0,0
2021,1,First Round,Michigan,Texas Southern,1,16,15,28.15,20.28,11.700000000000003,17.86,-6.1000000000000085,0.06500000000000006,3.1000000000000014,-3.0,-0.07500000000000001,0.16758241758241754,0.05429864253393657,7,1,0,0,1,1
2021,1,First Round,Texas Southern,Michigan,16,1,-15,-28.15,-20.28,-11.700000000000003,-17.86,6.1000000000000085,-0.06500000000000006,-3.1000000000000014,3.0,0.07500000000000001,-0.16758241758241754,-0.05429864253393657,-7,0,1,1,0,0
2021,1,First Round,LSU,St. Bonaventure,8,9,1,2.26,4.65,4.799999999999997,-7.659999999999997,7.299999999999997,0.025000000000000022,0.5,-1.5000000000000036,0.06,-0.10673234811165844,-0.08627450980392148,5,0,1,0,1,1
2021,1,First Round,St. Bonaventure,LSU,9,8,-1,-2.26,-4.65,-4.799999999999997,7.659999999999997,-7.299999999999997,-0.025000000000000022,-0.5,1.5000000000000036,-0.06,0.10673234811165844,0.08627450980392148,-5,1,0,1,0,0
2021,1,First Round,Colorado,Georgetown,5,12,7,8.749999999999998,-0.7899999999999991,8.900000000000006,3.259999999999991,-3.9000000000000057,0.030000000000000027,3.5,-1.2999999999999972,-0.013000000000000012,0.21875,0.26249999999999996,4,0,0,0,1,1
2021,1,First Round,Georgetown,Colorado,12,5,-7,-8.749999999999998,0.7899999999999991,-8.900000000000006,-3.259999999999991,3.9000000000000057,-0.030000000000000027,-3.5,1.2999999999999972,0.013000000000000012,-0.21875,-0.26249999999999996,-4,0,0,1,0,0
2021,1,First Round,Florida State,UNC Greensboro,4,13,9,13.64,11.31,6.0,5.569999999999993,-0.5,0.061000000000000054,-4.500000000000002,2.3000000000000043,0.08700000000000002,0.020000000000000018,0.011111111111111072,5,0,1,0,1,1
2021,1,First Round,UNC Greensboro,Florida State,13,4,-9,-13.64,-11.31,-6.0,-5.569999999999993,0.5,-0.061000000000000054,4.500000000000002,-2.3000000000000043,-0.08700000000000002,-0.020000000000000018,-0.011111111111111072,-5,1,0,1,0,0
2021,1,First Round,UCLA,BYU,11,6,-5,1.1100000000000012,4.109999999999999,-1.3999999999999915,-1.9500000000000028,-4.799999999999997,-0.03600000000000003,2.799999999999999,0.5999999999999979,0.04099999999999998,-0.0532407407407407,-0.08502024291497978,7,0,0,0,0,1
2021,1,First Round,BYU,UCLA,6,11,5,-1.1100000000000012,-4.109999999999999,1.3999999999999915,1.9500000000000028,4.799999999999997,0.03600000000000003,-2.799999999999999,-0.5999999999999979,-0.04099999999999998,0.0532407407407407,0.08502024291497978,-7,0,0,0,0,0
2021,1,First Round,Abilene Christian,Texas,14,3,-11,-9.24,-15.73,-0.29999999999999716,-0.9900000000000091,2.5,-0.017000000000000015,1.8000000000000007,0.40000000000000213,0.0,0.12388250319284799,0.2196078431372549,-4,0,0,1,1,1
2021,1,First Round,Texas,Abilene Christian,3,14,11,9.24,15.73,0.29999999999999716,0.9900000000000091,-2.5,0.017000000000000015,-1.8000000000000007,-0.40000000000000213,0.0,-0.12388250319284799,-0.2196078431372549,4,0,0,1,1,0
2021,1,First Round,Maryland,UConn,10,7,-3,-1.83,3.380000000000001,-3.3999999999999915,-2.680000000000007,-0.29999999999999716,0.04800000000000004,-0.8000000000000007,-16.8,0.039000000000000035,-0.10378681626928477,-0.1970588235294118,-7,0,0,0,0,1
2021,1,First Round,UConn,Maryland,7,10,3,1.83,-3.380000000000001,3.3999999999999915,2.680000000000007,0.29999999999999716,-0.04800000000000004,0.8000000000000007,16.8,-0.039000000000000035,0.10378681626928477,0.1970588235294118,7,0,0,0,0,0
2021,1,First Round,Alabama,Iona,2,15,13,20.779999999999998,16.43,4.299999999999997,14.450000000000003,4.799999999999997,0.010000000000000009,3.4000000000000004,-0.40000000000000213,-0.056999999999999995,0.12121212121212122,0.2222222222222222,7,1,0,1,1,1
2021,1,First Round,Iona,Alabama,15,2,-13,-20.779999999999998,-16.43,-4.299999999999997,-14.450000000000003,-4.799999999999997,-0.010000000000000009,-3.4000000000000004,0.40000000000000213,0.056999999999999995,-0.12121212121212122,-0.2222222222222222,-7,0,1,1,1,0
2021,2,Second Round,Michigan,LSU,1,8,7,6.300000000000001,2.1099999999999994,-0.7999999999999972,11.629999999999995,-4.799999999999997,0.02400000000000002,-1.1999999999999993,-2.3000000000000007,-0.03600000000000003,0.16625615763546797,0.17647058823529405,2,1,0,0,0,1
2021,2,Second Round,LSU,Michigan,8,1,-7,-6.300000000000001,-2.1099999999999994,0.7999999999999972,-11.629999999999995,4.799999999999997,-0.02400000000000002,1.1999999999999993,2.3000000000000007,0.03600000000000003,-0.16625615763546797,-0.17647058823529405,-2,0,1,0,0,0
2021,2,Second Round,Florida State,Colorado,4,5,1,-1.759999999999998,-0.41000000000000014,-0.8000000000000114,-1.2199999999999989,3.5,0.016000000000000014,-2.6000000000000014,3.1000000000000014,0.029000000000000026,0.0012499999999999734,0.033333333333333326,0,0,0,0,0,1
2021,2,Second Round,Colorado,Florida State,5,4,-1,1.759999999999998,0.41000000000000014,0.8000000000000114,1.2199999999999989,-3.5,-0.016000000000000014,2.6000000000000014,-3.1000000000000014,-0.029000000000000026,-0.0012499999999999734,-0.033333333333333326,0,0,0,0,0,0
2021,2,Second Round,UCLA,Abilene Christian,11,14,3,10.030000000000001,17.71,3.200000000000003,-1.2199999999999989,-6.599999999999994,0.008000000000000007,2.5999999999999996,-2.1000000000000014,-0.02300000000000002,-0.1400862068965517,-0.1824561403508772,7,0,0,0,1,1
2021,2,Second Round,Abilene Christian,UCLA,14,11,-3,-10.030000000000001,-17.71,-3.200000000000003,1.2199999999999989,6.599999999999994,-0.008000000000000007,-2.5999999999999996,2.1000000000000014,0.02300000000000002,0.1400862068965517,0.1824561403508772,-7,0,0,1,0,0
2021,2,Second Round,Alabama,Maryland,2,10,8,5.639999999999999,-1.9600000000000009,1.8999999999999915,7.780000000000001,8.799999999999997,-0.02100000000000002,-0.5999999999999996,11.600000000000001,-0.041000000000000036,0.23949169110459434,0.43888888888888883,5,1,0,1,0,1
2021,2,Second Round,Maryland,Alabama,10,2,-8,-5.639999999999999,1.9600000000000009,-1.8999999999999915,-7.780000000000001,-8.799999999999997,0.02100000000000002,0.5999999999999996,-11.600000000000001,0.041000000000000036,-0.23949169110459434,-0.43888888888888883,-5,0,1,0,1,0
2021,3,Sweet Sixteen,Michigan,Florida State,1,4,3,4.879999999999999,2.09,2.200000000000003,4.170000000000002,-2.200000000000003,0.007000000000000006,2.900000000000002,-4.800000000000004,-0.020000000000000018,0.10142857142857142,0.09019607843137256,2,1,0,0,0,1
2021,3,Sweet Sixteen,Florida State,Michigan,4,1,-3,-4.879999999999999,-2.09,-2.200000000000003,-4.170000000000002,2.200000000000003,-0.007000000000000006,-2.900000000000002,4.800000000000004,0.020000000000000018,-0.10142857142857142,-0.09019607843137256,-2,0,1,0,0,0
2021,3,Sweet Sixteen,UCLA,Alabama,11,2,-9,-3.2799999999999976,1.33,2.1000000000000085,-7.590000000000003,-9.299999999999997,0.0030000000000000027,2.3000000000000007,-2.6000000000000014,0.028000000000000025,-0.10037878787878785,-0.20467836257309935,0,0,1,0,1,1
2021,3,Sweet Sixteen,Alabama,UCLA,2,11,9,3.2799999999999976,-1.33,-2.1000000000000085,7.590000000000003,9.299999999999997,-0.0030000000000000027,-2.3000000000000007,2.6000000000000014,-0.028000000000000025,0.10037878787878785,0.20467836257309935,0,1,0,1,0,0
2021,4,Elite Eight,UCLA,Michigan,11,1,-10,-5.699999999999999,0.08999999999999986,-2.8999999999999915,-6.730000000000004,-2.3999999999999915,-0.027000000000000024,1.0999999999999996,0.3000000000000007,0.01200000000000001,-0.1339285714285714,-0.13931888544891635,0,0,1,0,0,1
2021,4,Elite Eight,Michigan,UCLA,1,11,10,5.699999999999999,-0.08999999999999986,2.8999999999999915,6.730000000000004,2.3999999999999915,0.027000000000000024,-1.0999999999999996,-0.3000000000000007,-0.01200000000000001,0.1339285714285714,0.13931888544891635,0,1,0,0,0,0
2021,1,First Round,Illinois,Drexel,1,16,15,24.22,15.26,5.200000000000003,18.89999999999999,5.200000000000003,0.02300000000000002,1.3000000000000007,3.6000000000000014,0.10599999999999998,0.17419354838709677,0.3555555555555556,2,0,0,1,1,1
2021,1,First Round,Drexel,Illinois,16,1,-15,-24.22,-15.26,-5.200000000000003,-18.89999999999999,-5.200000000000003,-0.02300000000000002,-1.3000000000000007,-3.6000000000000014,-0.10599999999999998,-0.17419354838709677,-0.3555555555555556,-2,0,0,1,1,0
2021,1,First Round,Loyola Chicago,Georgia Tech,8,9,1,2.33,-6.54,2.700000000000003,7.719999999999999,-4.1000000000000085,0.026999999999999913,-1.9999999999999982,1.5999999999999979,0.038000000000000034,0.18486352357320102,0.24183006535947704,-2,1,0,1,1,1
2021,1,First Round,Georgia Tech,Loyola Chicago,9,8,-1,-2.33,6.54,-2.700000000000003,-7.719999999999999,4.1000000000000085,-0.026999999999999913,1.9999999999999982,-1.5999999999999979,-0.038000000000000034,-0.18486352357320102,-0.24183006535947704,2,0,1,1,1,0
2021,1,First Round,Oregon State,Tennessee,12,5,-7,-5.390000000000001,2.3599999999999994,1.1000000000000085,-9.64,-2.5,0.0020000000000000018,0.5999999999999996,-1.4000000000000021,0.0050000000000000044,-0.06060606060606055,-0.08823529411764708,-5,0,0,1,0,1
2021,1,First Round,Tennessee,Oregon State,5,12,7,5.390000000000001,-2.3599999999999994,-1.1000000000000085,9.64,2.5,-0.0020000000000000018,-0.5999999999999996,1.4000000000000021,-0.0050000000000000044,0.06060606060606055,0.08823529411764708,5,0,0,0,1,0
2021,1,First Round,Oklahoma State,Liberty,4,13,9,9.59,15.919999999999998,-11.899999999999991,11.61999999999999,8.099999999999994,-0.06799999999999995,-4.299999999999999,7.700000000000003,0.139,-0.09310344827586214,-0.23504273504273498,1,0,1,0,1,1
2021,1,First Round,Liberty,Oklahoma State,13,4,-9,-9.59,-15.919999999999998,11.899999999999991,-11.61999999999999,-8.099999999999994,0.06799999999999995,4.299999999999999,-7.700000000000003,-0.139,0.09310344827586214,0.23504273504273498,-1,1,0,1,0,0
2021,1,First Round,Syracuse,San Diego State,11,6,-5,-1.0899999999999999,5.6,-2.0,-3.4099999999999966,2.3999999999999915,-0.014000000000000012,0.09999999999999964,-0.1999999999999993,-0.052000000000000046,-0.1785714285714285,-0.26102941176470584,0,0,1,0,1,1
2021,1,First Round,San Diego State,Syracuse,6,11,5,1.0899999999999999,-5.6,2.0,3.4099999999999966,-2.3999999999999915,0.014000000000000012,-0.09999999999999964,0.1999999999999993,0.052000000000000046,0.1785714285714285,0.26102941176470584,0,1,0,1,0,0
2021,1,First Round,West Virginia,Morehead State,3,14,11,16.31,14.38,6.6000000000000085,4.25,3.5,-0.03600000000000003,5.700000000000001,3.8000000000000007,0.025000000000000022,-0.08676307007786432,-0.20294117647058818,1,0,0,0,1,1
2021,1,First Round,Morehead State,West Virginia,14,3,-11,-16.31,-14.38,-6.6000000000000085,-4.25,-3.5,0.03600000000000003,-5.700000000000001,-3.8000000000000007,-0.025000000000000022,0.08676307007786432,0.20294117647058818,-1,0,0,1,0,0
2021,1,First Round,Rutgers,Clemson,10,7,-3,1.6500000000000004,3.01,1.5,0.3200000000000074,3.3999999999999915,0.0010000000000000009,2.400000000000002,0.9000000000000021,0.03900000000000001,-0.09523809523809523,-0.125,-1,0,0,0,0,1
2021,1,First Round,Clemson,Rutgers,7,10,3,-1.6500000000000004,-3.01,-1.5,-0.3200000000000074,-3.3999999999999915,-0.0010000000000000009,-2.400000000000002,-0.9000000000000021,-0.03900000000000001,0.09523809523809523,0.125,1,0,0,0,0,0
2021,1,First Round,Houston,Cleveland State,2,15,13,26.78,10.190000000000001,12.5,15.86,-1.5,0.0050000000000000044,3.0,8.899999999999999,-0.02200000000000002,0.17129629629629628,0.0235294117647058,5,0,1,1,1,1
2021,1,First Round,Cleveland State,Houston,15,2,-13,-26.78,-10.190000000000001,-12.5,-15.86,1.5,-0.0050000000000000044,-3.0,-8.899999999999999,0.02200000000000002,-0.17129629629629628,-0.0235294117647058,-5,1,0,1,1,0
2021,2,Second Round,Loyola Chicago,Illinois,8,1,-7,-8.13,-9.969999999999999,-1.2000000000000028,-1.3100000000000023,-7.400000000000006,0.010999999999999899,-0.5999999999999979,-6.100000000000001,-0.056999999999999995,0.06451612903225812,0.0888888888888888,-2,1,0,1,1,1
2021,2,Second Round,Illinois,Loyola Chicago,1,8,7,8.13,9.969999999999999,1.2000000000000028,1.3100000000000023,7.400000000000006,-0.010999999999999899,0.5999999999999979,6.100000000000001,0.056999999999999995,-0.06451612903225812,-0.0888888888888888,2,0,1,1,1,0
2021,2,Second Round,Oregon State,Oklahoma State,12,4,-8,-2.17,1.040000000000001,3.0,-5.989999999999995,-6.799999999999997,-0.014000000000000012,3.0999999999999996,-1.2000000000000028,-0.027000000000000024,-0.09393939393939388,-0.11111111111111116,0,0,0,1,0,1
2021,2,Second Round,Oklahoma State,Oregon State,4,12,8,2.17,-1.040000000000001,-3.0,5.989999999999995,6.799999999999997,0.014000000000000012,-3.0999999999999996,1.2000000000000028,0.027000000000000024,0.09393939393939388,0.11111111111111116,0,0,0,0,1,0
2021,2,Second Round,Syracuse,West Virginia,11,3,-8,-2.09,-1.4600000000000009,-0.7000000000000028,0.3199999999999932,-1.2999999999999972,0.02300000000000002,-0.20000000000000107,-6.699999999999999,-0.09600000000000003,-0.01231527093596052,-0.0845588235294118,0,0,0,0,0,1
2021,2,Second Round,West Virginia,Syracuse,3,11,8,2.09,1.4600000000000009,0.7000000000000028,-0.3199999999999932,1.2999999999999972,-0.02300000000000002,0.20000000000000107,6.699999999999999,0.09600000000000003,0.01231527093596052,0.0845588235294118,0,0,0,0,0,0
2021,2,Second Round,Houston,Rutgers,2,10,8,7.52,-7.13,14.099999999999994,1.539999999999992,-2.200000000000003,0.009000000000000008,1.5,12.099999999999998,0.03199999999999997,0.3035714285714286,0.32352941176470584,5,0,0,1,0,1
2021,2,Second Round,Rutgers,Houston,10,2,-8,-7.52,7.13,-14.099999999999994,-1.539999999999992,2.200000000000003,-0.009000000000000008,-1.5,-12.099999999999998,-0.03199999999999997,-0.3035714285714286,-0.32352941176470584,-5,0,0,0,1,0
2021,3,Sweet Sixteen,Oregon State,Loyola Chicago,12,8,-4,-3.639999999999999,9.45,-4.799999999999997,-7.6299999999999955,2.4000000000000057,-0.06899999999999995,1.299999999999999,4.0,0.02699999999999997,-0.2326490713587488,-0.38888888888888884,1,0,1,1,1,1
2021,3,Sweet Sixteen,Loyola Chicago,Oregon State,8,12,4,3.639999999999999,-9.45,4.799999999999997,7.6299999999999955,-2.4000000000000057,0.06899999999999995,-1.299999999999999,-4.0,-0.02699999999999997,0.2326490713587488,0.38888888888888884,-1,1,0,1,1,0
2021,3,Sweet Sixteen,Houston,Syracuse,2,11,9,8.39,-3.2199999999999998,7.599999999999994,6.75,-3.200000000000003,-0.0020000000000000018,1.1000000000000014,10.599999999999998,0.020000000000000018,0.2321428571428571,0.26102941176470584,4,0,0,1,0,1
2021,3,Sweet Sixteen,Syracuse,Houston,11,2,-9,-8.39,3.2199999999999998,-7.599999999999994,-6.75,3.200000000000003,0.0020000000000000018,-1.1000000000000014,-10.599999999999998,-0.020000000000000018,-0.2321428571428571,-0.26102941176470584,-4,0,0,0,1,0
2021,4,Elite Eight,Houston,Oregon State,2,12,10,10.18,-5.45,9.399999999999991,8.469999999999999,-0.10000000000000853,0.01200000000000001,1.9000000000000004,9.5,-0.045999999999999985,0.2689393939393939,0.32352941176470584,5,0,0,1,1,1
2021,4,Elite Eight,Oregon State,Houston,12,2,-10,-10.18,5.45,-9.399999999999991,-8.469999999999999,0.10000000000000853,-0.01200000000000001,-1.9000000000000004,-9.5,0.045999999999999985,-0.2689393939393939,-0.32352941176470584,-5,0,0,1,1,0
2021,1,First Round,Baylor,Hartford,1,16,15,28.279999999999998,12.350000000000001,21.0,10.22999999999999,2.5999999999999943,0.06599999999999995,3.5,12.099999999999998,-0.020999999999999963,0.30833333333333335,0.3571428571428572,10,1,0,0,1,1
2021,1,First Round,Hartford,Baylor,16,1,-15,-28.279999999999998,-12.350000000000001,-21.0,-10.22999999999999,-2.5999999999999943,-0.06599999999999995,-3.5,-12.099999999999998,0.020999999999999963,-0.30833333333333335,-0.3571428571428572,-10,0,1,1,0,0
2021,1,First Round,Wisconsin,UNC,9,8,-1,2.4299999999999997,2.41,0.6000000000000085,1.5700000000000074,-6.0,0.016000000000000014,4.500000000000002,-17.0,-0.08000000000000002,-0.04004449388209119,-0.125,-1,0,0,0,0,1
2021,1,First Round,UNC,Wisconsin,8,9,1,-2.4299999999999997,-2.41,-0.6000000000000085,-1.5700000000000074,6.0,-0.016000000000000014,-4.500000000000002,17.0,0.08000000000000002,0.04004449388209119,0.125,1,0,0,0,0,0
2021,1,First Round,Villanova,Winthrop,5,12,7,12.779999999999998,16.34,4.5,3.0799999999999983,-6.799999999999997,0.006000000000000005,4.299999999999999,-7.5,-0.055999999999999994,-0.20000000000000007,-0.21111111111111114,5,1,1,0,1,1
2021,1,First Round,Winthrop,Villanova,12,5,-7,-12.779999999999998,-16.34,-4.5,-3.0799999999999983,6.799999999999997,-0.006000000000000005,-4.299999999999999,7.5,0.055999999999999994,0.20000000000000007,0.21111111111111114,-5,1,1,1,0,0
2021,1,First Round,North Texas,Purdue,13,4,-9,-7.970000000000001,-10.21,0.29999999999999716,-3.539999999999992,-1.2999999999999972,0.03400000000000003,-1.3999999999999986,-4.5,-0.045999999999999985,0.0,-0.041353383458646586,-2,0,0,1,0,1
2021,1,First Round,Purdue,North Texas,4,13,9,7.970000000000001,10.21,-0.29999999999999716,3.539999999999992,1.2999999999999972,-0.03400000000000003,1.3999999999999986,4.5,0.045999999999999985,0.0,0.041353383458646586,2,0,0,0,1,0
2021,1,First Round,Texas Tech,Utah State,6,11,5,5.6,5.96,2.6999999999999886,0.9300000000000068,-2.4000000000000057,-0.006000000000000005,3.1999999999999993,-2.6000000000000014,0.08000000000000002,-0.06896551724137934,-0.23529411764705876,-1,0,0,0,0,1
2021,1,First Round,Utah State,Texas Tech,11,6,-5,-5.6,-5.96,-2.6999999999999886,-0.9300000000000068,2.4000000000000057,0.006000000000000005,-3.1999999999999993,2.6000000000000014,-0.08000000000000002,0.06896551724137934,0.23529411764705876,1,0,0,0,0,0
2021,1,First Round,Arkansas,Colgate,3,14,11,4.140000000000001,9.08,-8.299999999999997,8.650000000000006,2.3999999999999915,-0.05799999999999994,-1.6999999999999993,3.6999999999999993,0.018000000000000016,-0.09375,-0.1519607843137255,7,0,1,0,1,1
2021,1,First Round,Colgate,Arkansas,14,3,-11,-4.140000000000001,-9.08,8.299999999999997,-8.650000000000006,-2.3999999999999915,0.05799999999999994,1.6999999999999993,-3.6999999999999993,-0.018000000000000016,0.09375,0.1519607843137255,-7,1,0,1,0,0
2021,1,First Round,Florida,Virginia Tech,7,10,3,1.1099999999999994,3.3200000000000003,-2.1000000000000085,0.39000000000000057,4.199999999999989,0.008000000000000007,-3.5999999999999996,2.8000000000000007,0.0050000000000000044,-0.08181818181818179,-0.1298076923076923,5,0,0,0,0,1
2021,1,First Round,Virginia Tech,Florida,10,7,-3,-1.1099999999999994,-3.3200000000000003,2.1000000000000085,-0.39000000000000057,-4.199999999999989,-0.008000000000000007,3.5999999999999996,-2.8000000000000007,-0.0050000000000000044,0.08181818181818179,0.1298076923076923,-5,0,0,0,0,0
2021,1,First Round,Oral Roberts,Ohio State,15,2,-13,-16.52,-12.229999999999999,-3.0,-9.920000000000002,6.0,0.010000000000000009,-0.40000000000000036,-6.300000000000001,-0.09699999999999998,-0.05672969966629582,0.06666666666666665,-5,0,0,1,0,1
2021,1,First Round,Ohio State,Oral Roberts,2,15,13,16.52,12.229999999999999,3.0,9.920000000000002,-6.0,-0.010000000000000009,0.40000000000000036,6.300000000000001,0.09699999999999998,0.05672969966629582,-0.06666666666666665,5,0,0,0,1,0
2021,2,Second Round,Baylor,Wisconsin,1,9,8,7.609999999999999,-4.529999999999999,13.199999999999989,-1.690000000000012,3.799999999999997,0.06599999999999995,-1.9000000000000004,12.799999999999997,0.0030000000000000027,0.35268817204301073,0.4285714285714286,7,1,0,0,0,1
2021,2,Second Round,Wisconsin,Baylor,9,1,-8,-7.609999999999999,4.529999999999999,-13.199999999999989,1.690000000000012,-3.799999999999997,-0.06599999999999995,1.9000000000000004,-12.799999999999997,-0.0030000000000000027,-0.35268817204301073,-0.4285714285714286,-7,0,1,0,0,0
2021,2,Second Round,Villanova,North Texas,5,13,8,9.889999999999999,8.17,7.200000000000003,0.75,0.5,-0.01200000000000001,5.299999999999999,-0.6000000000000014,0.02899999999999997,0.07714285714285707,0.09047619047619038,5,1,0,0,1,1
2021,2,Second Round,North Texas,Villanova,13,5,-8,-9.889999999999999,-8.17,-7.200000000000003,-0.75,-0.5,0.01200000000000001,-5.299999999999999,0.6000000000000014,-0.02899999999999997,-0.07714285714285707,-0.09047619047619038,-5,0,1,1,0,0
2021,2,Second Round,Arkansas,Texas Tech,3,6,3,1.2100000000000009,-0.10000000000000053,0.9000000000000057,-0.01999999999999602,8.0,0.014000000000000012,-1.0,-1.4999999999999964,-0.05199999999999999,0.1605603448275862,0.23529411764705876,6,0,0,0,0,1
2021,2,Second Round,Texas Tech,Arkansas,6,3,-3,-1.2100000000000009,0.10000000000000053,-0.9000000000000057,0.01999999999999602,-8.0,-0.014000000000000012,1.0,1.4999999999999964,0.05199999999999999,-0.1605603448275862,-0.23529411764705876,-6,0,0,0,0,0
2021,2,Second Round,Oral Roberts,Florida,15,7,-8,-11.969999999999999,-9.86,5.1000000000000085,-12.079999999999998,3.0,0.008000000000000007,4.799999999999999,-7.700000000000003,-0.064,0.020689655172413834,0.10416666666666663,-5,0,0,1,0,1
2021,2,Second Round,Florida,Oral Roberts,7,15,8,11.969999999999999,9.86,-5.1000000000000085,12.079999999999998,-3.0,-0.008000000000000007,-4.799999999999999,7.700000000000003,0.064,-0.020689655172413834,-0.10416666666666663,5,0,0,0,1,0
2021,3,Sweet Sixteen,Baylor,Villanova,1,5,4,7.359999999999999,-1.7899999999999991,5.299999999999997,4.759999999999991,3.8999999999999915,0.03299999999999992,-1.9000000000000004,8.899999999999999,-0.034999999999999976,0.21333333333333337,0.19523809523809532,5,1,1,0,0,1
2021,3,Sweet Sixteen,Villanova,Baylor,5,1,-4,-7.359999999999999,1.7899999999999991,-5.299999999999997,-4.759999999999991,-3.8999999999999915,-0.03299999999999992,1.9000000000000004,-8.899999999999999,0.034999999999999976,-0.21333333333333337,-0.19523809523809532,-5,1,1,0,0,0
2021,3,Sweet Sixteen,Arkansas,Oral Roberts,3,15,12,16.07,7.22,-1.7000000000000028,16.03,1.5,-0.031000000000000028,-0.7999999999999989,8.400000000000002,0.05199999999999999,0.1605603448275862,0.0980392156862745,7,0,0,0,1,1
2021,3,Sweet Sixteen,Oral Roberts,Arkansas,15,3,-12,-16.07,-7.22,1.7000000000000028,-16.03,-1.5,0.031000000000000028,0.7999999999999989,-8.400000000000002,-0.05199999999999999,-0.1605603448275862,-0.0980392156862745,-7,0,0,1,0,0
2021,4,Elite Eight,Baylor,Arkansas,1,3,2,7.029999999999998,0.22000000000000064,10.599999999999994,-1.1600000000000108,-5.5,0.05699999999999994,0.6999999999999993,5.099999999999998,-0.062,0.15208333333333335,0.16386554621848748,3,1,0,0,0,1
2021,4,Elite Eight,Arkansas,Baylor,3,1,-2,-7.029999999999998,-0.22000000000000064,-10.599999999999994,1.1600000000000108,5.5,-0.05699999999999994,-0.6999999999999993,-5.099999999999998,0.062,-0.15208333333333335,-0.16386554621848748,-3,0,1,0,0,0
2021,1,First Round,Gonzaga,Norfolk State,1,16,15,33.36,14.43,19.799999999999997,14.420000000000002,2.5999999999999943,0.118,1.299999999999999,1.8999999999999986,-0.01200000000000001,0.28874999999999995,0.33333333333333337,9,1,1,1,1,1
2021,1,First Round,Norfolk State,Gonzaga,16,1,-15,-33.36,-14.43,-19.799999999999997,-14.420000000000002,-2.5999999999999943,-0.118,-1.299999999999999,-1.8999999999999986,0.01200000000000001,-0.28874999999999995,-0.33333333333333337,-9,1,1,1,1,0
2021,1,First Round,Oklahoma,Missouri,8,9,1,1.1500000000000004,-2.01,2.9000000000000057,-0.11999999999999034,-1.2000000000000028,0.0,2.6999999999999993,-1.6000000000000014,-0.07800000000000001,-0.02279202279202286,0.02941176470588236,-2,0,0,0,0,1
2021,1,First Round,Missouri,Oklahoma,9,8,-1,-1.1500000000000004,2.01,-2.9000000000000057,0.11999999999999034,1.2000000000000028,0.0,-2.6999999999999993,1.6000000000000014,0.07800000000000001,0.02279202279202286,-0.02941176470588236,2,0,0,0,0,0
2021,1,First Round,Creighton,UC Santa Barbara,5,12,7,8.48,10.62,-3.700000000000003,4.670000000000002,2.3999999999999915,0.009000000000000008,0.1999999999999993,-5.199999999999999,-0.08300000000000002,-0.10513739545997602,-0.13333333333333341,0,0,1,0,1,1
2021,1,First Round,UC Santa Barbara,Creighton,12,5,-7,-8.48,-10.62,3.700000000000003,-4.670000000000002,-2.3999999999999915,-0.009000000000000008,-0.1999999999999993,5.199999999999999,0.08300000000000002,0.10513739545997602,0.13333333333333341,0,1,0,1,0,0
2021,1,First Round,Ohio,Virginia,13,4,-9,-9.79,-8.16,-0.9000000000000057,-8.919999999999987,10.799999999999997,-0.006000000000000005,-1.3000000000000007,5.599999999999998,0.07799999999999999,-0.039999999999999925,-0.12184873949579822,-4,0,1,1,0,1
2021,1,First Round,Virginia,Ohio,4,13,9,9.79,8.16,0.9000000000000057,8.919999999999987,-10.799999999999997,0.006000000000000005,1.3000000000000007,-5.599999999999998,-0.07799999999999999,0.039999999999999925,0.12184873949579822,4,1,0,0,1,0
2021,1,First Round,USC,Drake,6,11,5,11.08,11.13,-3.799999999999997,11.61,0.9000000000000057,-0.014000000000000012,-2.0999999999999996,3.299999999999997,0.124,-0.0811339198435973,-0.08333333333333337,5,0,0,0,0,1
2021,1,First Round,Drake,USC,11,6,-5,-11.08,-11.13,3.799999999999997,-11.61,-0.9000000000000057,0.014000000000000012,2.0999999999999996,-3.299999999999997,-0.124,0.0811339198435973,0.08333333333333337,-5,0,0,0,0,0
2021,1,First Round,Kansas,Eastern Washington,3,14,11,11.259999999999998,13.41,-4.700000000000003,12.469999999999999,-2.0999999999999943,-0.041000000000000036,-0.3000000000000007,7.5,-0.0040000000000000036,0.033333333333333326,-0.13333333333333341,7,0,0,0,1,1
2021,1,First Round,Eastern Washington,Kansas,14,3,-11,-11.259999999999998,-13.41,4.700000000000003,-12.469999999999999,2.0999999999999943,0.041000000000000036,0.3000000000000007,-7.5,0.0040000000000000036,-0.033333333333333326,0.13333333333333341,-7,0,0,1,0,0
2021,1,First Round,Oregon,VCU,7,10,3,4.849999999999998,4.890000000000001,8.700000000000003,-5.1699999999999875,-2.299999999999997,0.03300000000000003,3.6000000000000014,0.8000000000000007,-0.08000000000000002,0.019230769230769273,0.06349206349206349,1,1,0,0,0,1
2021,1,First Round,VCU,Oregon,10,7,-3,-4.849999999999998,-4.890000000000001,-8.700000000000003,5.1699999999999875,2.299999999999997,-0.03300000000000003,-3.6000000000000014,-0.8000000000000007,0.08000000000000002,-0.019230769230769273,-0.06349206349206349,-1,0,1,0,0,0
2021,1,First Round,Iowa,Grand Canyon,2,15,13,16.29,13.89,6.799999999999997,0.8499999999999943,2.799999999999997,0.0,4.699999999999999,-1.8999999999999986,0.006000000000000005,0.0013440860215053752,-0.050000000000000044,4,0,1,0,1,1
2021,1,First Round,Grand Canyon,Iowa,15,2,-13,-16.29,-13.89,-6.799999999999997,-0.8499999999999943,-2.799999999999997,0.0,-4.699999999999999,1.8999999999999986,-0.006000000000000005,-0.0013440860215053752,0.050000000000000044,-4,1,0,1,0,0
2021,2,Second Round,Gonzaga,Oklahoma,1,8,7,13.68,-2.9399999999999995,15.299999999999997,4.599999999999994,5.3999999999999915,0.10199999999999998,-0.6000000000000014,2.5,0.065,0.37615740740740744,0.47058823529411764,8,1,0,1,0,1
2021,2,Second Round,Oklahoma,Gonzaga,8,1,-7,-13.68,2.9399999999999995,-15.299999999999997,-4.599999999999994,-5.3999999999999915,-0.10199999999999998,0.6000000000000014,-2.5,-0.065,-0.37615740740740744,-0.47058823529411764,-8,0,1,0,1,0
2021,2,Second Round,Creighton,Ohio,5,13,8,10.8,9.11,-2.299999999999997,10.449999999999989,-2.0,0.0020000000000000018,0.8000000000000007,-3.8999999999999986,-0.03799999999999998,0.029677419354838697,0.05714285714285705,2,0,0,0,1,1
2021,2,Second Round,Ohio,Creighton,13,5,-8,-10.8,-9.11,2.299999999999997,-10.449999999999989,2.0,-0.0020000000000000018,-0.8000000000000007,3.8999999999999986,0.03799999999999998,-0.029677419354838697,-0.05714285714285705,-2,0,0,1,0,0
2021,2,Second Round,USC,Kansas,6,3,-3,5.210000000000001,0.39000000000000057,4.700000000000003,2.8299999999999983,-2.0,0.029000000000000026,-0.5999999999999996,3.8999999999999986,0.065,0.05757575757575761,0.08333333333333337,-2,0,0,0,0,1
2021,2,Second Round,Kansas,USC,3,6,3,-5.210000000000001,-0.39000000000000057,-4.700000000000003,-2.8299999999999983,2.0,-0.029000000000000026,0.5999999999999996,-3.8999999999999986,-0.065,-0.05757575757575761,-0.08333333333333337,2,0,0,0,0,0
2021,2,Second Round,Iowa,Oregon,2,7,5,5.25,0.7799999999999994,7.599999999999994,-1.5200000000000102,2.799999999999997,0.0050000000000000044,3.1999999999999993,1.6999999999999993,0.06,-0.040322580645161255,-0.07777777777777783,1,0,1,0,0,1
2021,2,Second Round,Oregon,Iowa,7,2,-5,-5.25,-0.7799999999999994,-7.599999999999994,1.5200000000000102,-2.799999999999997,-0.0050000000000000044,-3.1999999999999993,-1.6999999999999993,-0.06,0.040322580645161255,0.07777777777777783,-1,1,0,0,0,0
2021,3,Sweet Sixteen,Gonzaga,Creighton,1,5,4,10.919999999999998,-2.619999999999999,13.200000000000003,1.980000000000004,5.0,0.05999999999999994,-0.3000000000000007,4.899999999999999,0.10099999999999998,0.25907258064516125,0.30000000000000004,6,1,0,1,0,1
2021,3,Sweet Sixteen,Creighton,Gonzaga,5,1,-4,-10.919999999999998,2.619999999999999,-13.200000000000003,-1.980000000000004,-5.0,-0.05999999999999994,0.3000000000000007,-4.899999999999999,-0.10099999999999998,-0.25907258064516125,-0.30000000000000004,-6,0,1,0,1,0
2021,3,Sweet Sixteen,USC,Iowa,6,2,-4,-0.8999999999999986,0.22000000000000064,-8.5,8.670000000000002,-3.299999999999997,-0.019000000000000017,-3.9000000000000004,3.8999999999999986,0.04299999999999998,0.047898338220918824,0.050000000000000044,1,0,0,0,0,1
2021,3,Sweet Sixteen,Iowa,USC,2,6,4,0.8999999999999986,-0.22000000000000064,8.5,-8.670000000000002,3.299999999999997,0.019000000000000017,3.9000000000000004,-3.8999999999999986,-0.04299999999999998,-0.047898338220918824,-0.050000000000000044,-1,0,0,0,0,0
2021,4,Elite Eight,Gonzaga,USC,1,6,5,6.699999999999999,-4.73,12.5,-2.6099999999999994,6.8999999999999915,0.08199999999999996,1.0999999999999996,-5.199999999999999,-0.0050000000000000044,0.21117424242424243,0.25,4,1,0,1,0,1
2021,4,Elite Eight,USC,Gonzaga,6,1,-5,-6.699999999999999,4.73,-12.5,2.6099999999999994,-6.8999999999999915,-0.08199999999999996,-1.0999999999999996,5.199999999999999,0.0050000000000000044,-0.21117424242424243,-0.25,-4,0,1,0,1,0
2021,6,Championship,Baylor,Gonzaga,1,1,0,-2.370000000000001,1.4800000000000004,-2.9000000000000057,-0.2600000000000051,-5.0,-0.04500000000000004,0.3000000000000007,7.199999999999999,-0.09299999999999997,-0.03541666666666665,-0.0714285714285714,1,1,1,0,1,1
2021,6,Championship,Gonzaga,Baylor,1,1,0,2.370000000000001,-1.4800000000000004,2.9000000000000057,0.2600000000000051,5.0,0.04500000000000004,-0.3000000000000007,-7.199999999999999,0.09299999999999997,0.03541666666666665,0.0714285714285714,-1,1,1,1,0,0
2022,1,First Round,Baylor,Norfolk State,1,16,15,25.64,18.060000000000002,6.5,16.5,-2.1000000000000085,0.006000000000000005,2.200000000000001,5.599999999999998,-0.08100000000000002,0.01992409867172673,-0.0793650793650793,10,1,1,0,1,1
2022,1,First Round,Norfolk State,Baylor,16,1,-15,-25.64,-18.060000000000002,-6.5,-16.5,2.1000000000000085,-0.006000000000000005,-2.200000000000001,-5.599999999999998,0.08100000000000002,-0.01992409867172673,0.0793650793650793,-10,1,1,1,0,0
2022,1,First Round,UNC,Marquette,8,9,1,4.140000000000001,-0.07000000000000028,7.0,0.6500000000000057,-1.2999999999999972,-0.006000000000000005,1.3000000000000007,9.3,0.04099999999999998,0.1498397435897436,0.17105263157894735,0,0,0,0,0,1
2022,1,First Round,Marquette,UNC,9,8,-1,-4.140000000000001,0.07000000000000028,-7.0,-0.6500000000000057,1.2999999999999972,0.006000000000000005,-1.3000000000000007,-9.3,-0.04099999999999998,-0.1498397435897436,-0.17105263157894735,0,0,0,0,0,0
2022,1,First Round,Saint Mary's,Indiana,5,12,7,2.1099999999999994,-1.5,3.299999999999997,0.5500000000000114,-2.4000000000000057,0.02200000000000002,0.0,0.8000000000000007,-0.09500000000000003,0.16470588235294115,0.35000000000000003,-2,0,0,0,0,1
2022,1,First Round,Indiana,Saint Mary's,12,5,-7,-2.1099999999999994,1.5,-3.299999999999997,-0.5500000000000114,2.4000000000000057,-0.02200000000000002,0.0,-0.8000000000000007,0.09500000000000003,-0.16470588235294115,-0.35000000000000003,2,0,0,0,0,0
2022,1,First Round,UCLA,Akron,4,13,9,18.39,12.29,1.6000000000000085,13.36,2.4000000000000057,-0.028000000000000025,4.1,0.7999999999999972,-0.09600000000000003,0.06554621848739495,0.050000000000000044,6,0,0,0,1,1
2022,1,First Round,Akron,UCLA,13,4,-9,-18.39,-12.29,-1.6000000000000085,-13.36,-2.4000000000000057,0.028000000000000025,-4.1,-0.7999999999999972,0.09600000000000003,-0.06554621848739495,-0.050000000000000044,-6,0,0,1,0,0
2022,1,First Round,Texas,Virginia Tech,6,11,5,2.530000000000001,2.389999999999999,-5.099999999999994,6.280000000000001,0.8999999999999986,-0.050000000000000044,-0.3000000000000007,3.6000000000000014,0.07500000000000001,0.008169934640522958,0.005555555555555536,3,0,0,0,1,1
2022,1,First Round,Virginia Tech,Texas,11,6,-5,-2.530000000000001,-2.389999999999999,5.099999999999994,-6.280000000000001,-0.8999999999999986,0.050000000000000044,0.3000000000000007,-3.6000000000000014,-0.07500000000000001,-0.008169934640522958,-0.005555555555555536,-3,0,0,1,0,0
2022,1,First Round,Purdue,Yale,3,14,11,19.25,9.57,16.0,4.0,-3.5999999999999943,0.06399999999999995,1.1000000000000014,9.500000000000004,0.061,0.17088055797733215,-0.08571428571428574,0,0,0,0,1,1
2022,1,First Round,Yale,Purdue,14,3,-11,-19.25,-9.57,-16.0,-4.0,3.5999999999999943,-0.06399999999999995,-1.1000000000000014,-9.500000000000004,-0.061,-0.17088055797733215,0.08571428571428574,0,0,0,1,0,0
2022,1,First Round,Murray State,San Francisco,7,10,3,-4.25,-8.31,6.799999999999997,-3.8299999999999983,-2.6000000000000085,0.0050000000000000044,1.5,5.599999999999998,0.03500000000000003,0.2058823529411764,0.375,-2,1,0,1,0,1
2022,1,First Round,San Francisco,Murray State,10,7,-3,4.25,8.31,-6.799999999999997,3.8299999999999983,2.6000000000000085,-0.0050000000000000044,-1.5,-5.599999999999998,-0.03500000000000003,-0.2058823529411764,-0.375,2,0,1,0,1,0
2022,1,First Round,Saint Peter's,Kentucky,15,2,-13,-17.939999999999998,-8.49,-14.299999999999997,-2.280000000000001,-2.5,-0.051000000000000045,-3.1999999999999993,-6.400000000000002,0.09099999999999997,-0.11764705882352933,-0.07777777777777783,-12,0,0,1,0,1
2022,1,First Round,Kentucky,Saint Peter's,2,15,13,17.939999999999998,8.49,14.299999999999997,2.280000000000001,2.5,0.051000000000000045,3.1999999999999993,6.400000000000002,-0.09099999999999997,0.11764705882352933,0.07777777777777783,12,0,0,0,1,0
2022,2,Second Round,UNC,Baylor,8,1,-7,-6.23,0.13000000000000078,-1.7999999999999972,-4.909999999999997,1.7000000000000028,-0.013000000000000012,0.9000000000000004,-4.4999999999999964,0.013000000000000012,-0.05052790346907987,-0.02777777777777779,-6,0,1,0,0,1
2022,2,Second Round,Baylor,UNC,1,8,7,6.23,-0.13000000000000078,1.7999999999999972,4.909999999999997,-1.7000000000000028,0.013000000000000012,-0.9000000000000004,4.4999999999999964,-0.013000000000000012,0.05052790346907987,0.02777777777777779,6,1,0,0,0,0
2022,2,Second Round,UCLA,Saint Mary's,4,5,1,4.48,1.7799999999999994,4.900000000000006,0.06999999999999318,1.0,-0.02300000000000002,3.8999999999999986,3.599999999999998,0.05399999999999999,0.006722689075630339,-0.050000000000000044,6,0,0,0,0,1
2022,2,Second Round,Saint Mary's,UCLA,5,4,-1,-4.48,-1.7799999999999994,-4.900000000000006,-0.06999999999999318,-1.0,0.02300000000000002,-3.8999999999999986,-3.599999999999998,-0.05399999999999999,-0.006722689075630339,0.050000000000000044,-6,0,0,0,0,0
2022,2,Second Round,Purdue,Texas,3,6,3,2.139999999999997,-0.6399999999999988,11.899999999999991,-7.180000000000007,2.200000000000003,0.06399999999999995,0.3000000000000007,3.700000000000003,0.062,0.13672496025437197,0.14444444444444438,-1,0,0,0,0,1
2022,2,Second Round,Texas,Purdue,6,3,-3,-2.139999999999997,0.6399999999999988,-11.899999999999991,7.180000000000007,-2.200000000000003,-0.06399999999999995,-0.3000000000000007,-3.700000000000003,-0.062,-0.13672496025437197,-0.14444444444444438,1,0,0,0,0,0
2022,2,Second Round,Saint Peter's,Murray State,15,7,-8,-6.909999999999999,2.5999999999999996,-15.799999999999997,1.7800000000000011,-1.5999999999999943,-0.062000000000000055,-3.0999999999999996,-4.4999999999999964,0.045999999999999985,-0.2647058823529411,-0.30000000000000004,0,0,1,1,1,1
2022,2,Second Round,Murray State,Saint Peter's,7,15,8,6.909999999999999,-2.5999999999999996,15.799999999999997,-1.7800000000000011,1.5999999999999943,0.062000000000000055,3.0999999999999996,4.4999999999999964,-0.045999999999999985,0.2647058823529411,0.30000000000000004,0,1,0,1,1,0
2022,3,Sweet Sixteen,UNC,UCLA,8,4,-4,-3.8000000000000007,0.5300000000000011,-1.7000000000000028,-3.239999999999995,3.799999999999997,0.010000000000000009,-2.8999999999999986,0.40000000000000213,0.009000000000000008,-0.02783882783882785,0.0,-3,0,0,0,0,1
2022,3,Sweet Sixteen,UCLA,UNC,4,8,4,3.8000000000000007,-0.5300000000000011,1.7000000000000028,3.239999999999995,-3.799999999999997,-0.010000000000000009,2.8999999999999986,-0.40000000000000213,-0.009000000000000008,0.02783882783882785,0.0,3,0,0,0,0,0
2022,3,Sweet Sixteen,Saint Peter's,Purdue,15,3,-12,-16.189999999999998,-8.700000000000001,-18.099999999999994,1.2000000000000028,0.0,-0.08499999999999996,-2.1999999999999993,-3.900000000000002,-0.01100000000000001,-0.13672496025437197,0.0,-2,0,0,1,0,1
2022,3,Sweet Sixteen,Purdue,Saint Peter's,3,15,12,16.189999999999998,8.700000000000001,18.099999999999994,-1.2000000000000028,0.0,0.08499999999999996,2.1999999999999993,3.900000000000002,0.01100000000000001,0.13672496025437197,0.0,2,0,0,0,1,0
2022,4,Elite Eight,UNC,Saint Peter's,8,15,7,12.54,9.360000000000001,10.0,1.2000000000000028,3.5999999999999943,0.03500000000000003,3.0,0.5,-0.068,0.09653092006033182,0.050000000000000044,4,0,0,0,1,1
2022,4,Elite Eight,Saint Peter's,UNC,15,8,-7,-12.54,-9.360000000000001,-10.0,-1.2000000000000028,-3.5999999999999943,-0.03500000000000003,-3.0,-0.5,0.068,-0.09653092006033182,-0.050000000000000044,-4,0,0,1,0,0
2022,1,First Round,Kansas,Texas Southern,1,16,15,25.580000000000002,17.54,12.900000000000006,10.340000000000003,-0.20000000000000284,0.05600000000000005,3.299999999999999,-0.10000000000000142,-0.013000000000000012,0.25625,0.05555555555555558,7,1,0,1,1,1
2022,1,First Round,Texas Southern,Kansas,16,1,-15,-25.580000000000002,-17.54,-12.900000000000006,-10.340000000000003,0.20000000000000284,-0.05600000000000005,-3.299999999999999,0.10000000000000142,0.013000000000000012,-0.25625,-0.05555555555555558,-7,0,1,1,1,0
2022,1,First Round,Creighton,San Diego State,9,8,-1,-1.790000000000001,2.6899999999999995,1.5,-6.5800000000000125,2.799999999999997,0.019000000000000017,-1.0999999999999979,-1.1000000000000014,-0.043999999999999984,-0.06160714285714286,-0.1331269349845201,2,0,0,0,0,1
2022,1,First Round,San Diego State,Creighton,8,9,1,1.790000000000001,-2.6899999999999995,-1.5,6.5800000000000125,-2.799999999999997,-0.019000000000000017,1.0999999999999979,1.1000000000000014,0.043999999999999984,0.06160714285714286,0.1331269349845201,-2,0,0,0,0,0
2022,1,First Round,Richmond,Iowa,12,5,-7,-11.829999999999998,-2.3899999999999997,-12.700000000000003,-2.780000000000001,-2.8999999999999915,-0.02200000000000002,-1.9000000000000004,-9.800000000000004,0.010000000000000009,-0.07357357357357353,-0.0444444444444444,-1,0,0,1,1,1
2022,1,First Round,Iowa,Richmond,5,12,7,11.829999999999998,2.3899999999999997,12.700000000000003,2.780000000000001,2.8999999999999915,0.02200000000000002,1.9000000000000004,9.800000000000004,-0.010000000000000009,0.07357357357357353,0.0444444444444444,1,0,0,1,1,0
2022,1,First Round,Providence,South Dakota State,4,13,9,6.48,11.52,-12.899999999999991,12.039999999999992,-5.799999999999997,-0.09999999999999998,-0.8999999999999986,6.300000000000001,0.03699999999999998,-0.03896103896103886,-0.17647058823529416,2,1,1,0,1,1
2022,1,First Round,South Dakota State,Providence,13,4,-9,-6.48,-11.52,12.899999999999991,-12.039999999999992,5.799999999999997,0.09999999999999998,0.8999999999999986,-6.300000000000001,-0.03699999999999998,0.03896103896103886,0.17647058823529416,-2,1,1,1,0,0
2022,1,First Round,Iowa State,LSU,11,6,-5,-5.0699999999999985,1.0299999999999994,-5.3999999999999915,-2.030000000000001,-3.200000000000003,-0.0020000000000000018,-0.1999999999999993,-5.5,-0.063,-0.01848739495798324,-0.1111111111111111,1,0,0,0,0,1
2022,1,First Round,LSU,Iowa State,6,11,5,5.0699999999999985,-1.0299999999999994,5.3999999999999915,2.030000000000001,3.200000000000003,0.0020000000000000018,0.1999999999999993,5.5,0.063,0.01848739495798324,0.1111111111111111,-1,0,0,0,0,0
2022,1,First Round,Wisconsin,Colgate,3,14,11,12.15,15.530000000000001,-7.0,13.319999999999993,-0.5999999999999943,-0.08200000000000007,3.4000000000000004,-0.6000000000000014,0.062,0.10043290043290043,-0.13888888888888884,2,1,1,0,1,1
2022,1,First Round,Colgate,Wisconsin,14,3,-11,-12.15,-15.530000000000001,7.0,-13.319999999999993,0.5999999999999943,0.08200000000000007,-3.4000000000000004,0.6000000000000014,-0.062,-0.10043290043290043,0.13888888888888884,-2,1,1,1,0,0
2022,1,First Round,Miami,USC,10,7,-3,-1.2799999999999994,1.5300000000000002,2.0999999999999943,-4.930000000000007,0.29999999999999716,0.02100000000000002,2.6000000000000014,-11.100000000000001,-0.02100000000000002,-0.06200317965023838,0.0,-1,0,0,0,0,1
2022,1,First Round,USC,Miami,7,10,3,1.2799999999999994,-1.5300000000000002,-2.0999999999999943,4.930000000000007,-0.29999999999999716,-0.02100000000000002,-2.6000000000000014,11.100000000000001,0.02100000000000002,0.06200317965023838,0.0,1,0,0,0,0,0
2022,1,First Round,Auburn,Jacksonville State,2,15,13,19.39,11.96,-0.5,16.950000000000003,4.3999999999999915,-0.050000000000000044,2.6999999999999993,4.100000000000001,0.008000000000000007,0.16727941176470584,0.02083333333333337,6,1,1,0,0,1
2022,1,First Round,Jacksonville State,Auburn,15,2,-13,-19.39,-11.96,0.5,-16.950000000000003,-4.3999999999999915,0.050000000000000044,-2.6999999999999993,-4.100000000000001,-0.008000000000000007,-0.16727941176470584,-0.02083333333333337,-6,1,1,0,0,0
2022,2,Second Round,Kansas,Creighton,1,9,8,10.940000000000001,2.7600000000000016,11.0,1.2900000000000063,1.4000000000000057,0.03200000000000003,2.9999999999999982,4.5,0.055999999999999994,0.19285714285714284,0.14619883040935677,4,1,0,1,0,1
2022,2,Second Round,Creighton,Kansas,9,1,-8,-10.940000000000001,-2.7600000000000016,-11.0,-1.2900000000000063,-1.4000000000000057,-0.03200000000000003,-2.9999999999999982,-4.5,-0.055999999999999994,-0.19285714285714284,-0.14619883040935677,-4,0,1,0,1,0
2022,2,Second Round,Providence,Richmond,4,12,8,6.01,3.2699999999999996,1.6000000000000085,5.86999999999999,-1.5,-0.01100000000000001,-1.6999999999999993,7.900000000000002,0.06,0.16953316953316955,0.26797385620915026,1,1,0,0,1,1
2022,2,Second Round,Richmond,Providence,12,4,-8,-6.01,-3.2699999999999996,-1.6000000000000085,-5.86999999999999,1.5,0.01100000000000001,1.6999999999999993,-7.900000000000002,-0.06,-0.16953316953316955,-0.26797385620915026,-1,0,1,1,0,0
2022,2,Second Round,Iowa State,Wisconsin,11,3,-8,-0.75,0.16999999999999993,-7.5,4.469999999999999,0.20000000000000284,0.014000000000000012,-6.499999999999998,2.3999999999999986,-0.05299999999999999,-0.129004329004329,-0.3611111111111111,1,0,1,0,0,1
2022,2,Second Round,Wisconsin,Iowa State,3,11,8,0.75,-0.16999999999999993,7.5,-4.469999999999999,-0.20000000000000284,-0.014000000000000012,6.499999999999998,-2.3999999999999986,0.05299999999999999,0.129004329004329,0.3611111111111111,-1,1,0,0,0,0
2022,2,Second Round,Miami,Auburn,10,2,-8,-7.979999999999999,-0.5499999999999998,0.5,-11.36,-3.5,0.03400000000000003,1.5,-11.200000000000003,-0.028000000000000025,-0.1208267090620031,-0.13333333333333341,-3,0,1,0,0,1
2022,2,Second Round,Auburn,Miami,2,10,8,7.979999999999999,0.5499999999999998,-0.5,11.36,3.5,-0.03400000000000003,-1.5,11.200000000000003,0.028000000000000025,0.1208267090620031,0.13333333333333341,3,1,0,0,0,0
2022,3,Sweet Sixteen,Kansas,Providence,1,4,3,9.200000000000001,3.5500000000000007,5.099999999999994,3.0400000000000063,3.5999999999999943,0.038000000000000034,-0.20000000000000107,2.599999999999998,-0.046999999999999986,0.031818181818181746,-0.04575163398692805,5,1,1,1,0,1
2022,3,Sweet Sixteen,Providence,Kansas,4,1,-3,-9.200000000000001,-3.5500000000000007,-5.099999999999994,-3.0400000000000063,-3.5999999999999943,-0.038000000000000034,0.20000000000000107,-2.599999999999998,0.046999999999999986,-0.031818181818181746,0.04575163398692805,-5,1,1,0,1,0
2022,3,Sweet Sixteen,Miami,Iowa State,10,11,1,-1.1600000000000001,-1.71,11.699999999999989,-11.469999999999999,0.5999999999999943,0.04200000000000004,5.199999999999999,-6.0,0.01699999999999996,0.07413127413127418,0.31111111111111106,0,0,0,0,0,1
2022,3,Sweet Sixteen,Iowa State,Miami,11,10,-1,1.1600000000000001,1.71,-11.699999999999989,11.469999999999999,-0.5999999999999943,-0.04200000000000004,-5.199999999999999,6.0,-0.01699999999999996,-0.07413127413127418,-0.31111111111111106,0,0,0,0,0,0
2022,4,Elite Eight,Kansas,Miami,1,10,9,11.06,3.6800000000000006,2.9000000000000057,8.61,1.7000000000000028,0.0050000000000000044,-2.200000000000001,10.5,0.03500000000000003,0.14729729729729724,0.07777777777777783,4,1,0,1,0,1
2022,4,Elite Eight,Miami,Kansas,10,1,-9,-11.06,-3.6800000000000006,-2.9000000000000057,-8.61,-1.7000000000000028,-0.0050000000000000044,2.200000000000001,-10.5,-0.03500000000000003,-0.14729729729729724,-0.07777777777777783,-4,0,1,0,1,0
2022,1,First Round,Arizona,Wright State,1,16,15,24.69,11.95,6.400000000000006,17.879999999999995,2.700000000000003,0.040000000000000036,-0.6000000000000014,3.8000000000000007,0.030999999999999972,0.2807807807807807,0.21818181818181825,7,1,0,1,1,1
2022,1,First Round,Wright State,Arizona,16,1,-15,-24.69,-11.95,-6.400000000000006,-17.879999999999995,-2.700000000000003,-0.040000000000000036,0.6000000000000014,-3.8000000000000007,-0.030999999999999972,-0.2807807807807807,-0.21818181818181825,-7,0,1,1,1,0
2022,1,First Round,TCU,Seton Hall,9,8,-1,0.9700000000000006,1.6400000000000006,-3.200000000000003,0.5099999999999909,-1.5,0.006000000000000005,-2.9999999999999982,5.199999999999996,0.0020000000000000018,-0.03860294117647056,-0.13450292397660824,1,0,0,0,0,1
2022,1,First Round,Seton Hall,TCU,8,9,1,-0.9700000000000006,-1.6400000000000006,3.200000000000003,-0.5099999999999909,1.5,-0.006000000000000005,2.9999999999999982,-5.199999999999996,-0.0020000000000000018,0.03860294117647056,0.13450292397660824,-1,0,0,0,0,0
2022,1,First Round,Houston,UAB,5,12,7,11.65,6.609999999999999,1.0,11.469999999999999,-5.400000000000006,0.0010000000000000009,-0.29999999999999893,4.0,0.006000000000000005,0.07067669172932323,0.05555555555555558,4,1,0,1,1,1
2022,1,First Round,UAB,Houston,12,5,-7,-11.65,-6.609999999999999,-1.0,-11.469999999999999,5.400000000000006,-0.0010000000000000009,0.29999999999999893,-4.0,-0.006000000000000005,-0.07067669172932323,-0.05555555555555558,-4,0,1,1,1,0
2022,1,First Round,Illinois,Chattanooga,4,13,9,10.57,10.42,-2.799999999999997,6.800000000000011,1.9000000000000057,-0.006000000000000005,-1.3000000000000007,0.3999999999999986,0.05399999999999999,-0.07445887445887445,-0.02777777777777779,3,1,1,0,1,1
2022,1,First Round,Chattanooga,Illinois,13,4,-9,-10.57,-10.42,2.799999999999997,-6.800000000000011,-1.9000000000000057,0.006000000000000005,1.3000000000000007,-0.3999999999999986,-0.05399999999999999,0.07445887445887445,0.02777777777777779,-3,1,1,1,0,0
2022,1,First Round,Michigan,Colorado State,11,6,-5,2.75,6.25,-2.700000000000003,3.1899999999999977,1.5,-0.030000000000000027,-1.299999999999999,8.899999999999999,-0.0020000000000000018,-0.24762808349146104,-0.22777777777777775,3,0,0,0,0,1
2022,1,First Round,Colorado State,Michigan,6,11,5,-2.75,-6.25,2.700000000000003,-3.1899999999999977,-1.5,0.030000000000000027,1.299999999999999,-8.899999999999999,0.0020000000000000018,0.24762808349146104,0.22777777777777775,-3,0,0,0,0,0
2022,1,First Round,Tennessee,Longwood,3,14,11,20.810000000000002,16.05,-4.599999999999994,20.260000000000005,0.7999999999999972,-0.014000000000000012,-0.09999999999999964,-1.7000000000000028,-0.05499999999999999,-0.01645021645021638,-0.1597222222222222,5,0,1,1,1,1
2022,1,First Round,Longwood,Tennessee,14,3,-11,-20.810000000000002,-16.05,4.599999999999994,-20.260000000000005,-0.7999999999999972,0.014000000000000012,0.09999999999999964,1.7000000000000028,0.05499999999999999,0.01645021645021638,0.1597222222222222,-5,1,0,1,1,0
2022,1,First Round,Ohio State,Loyola Chicago,7,10,3,0.7799999999999994,6.15,1.7000000000000028,-5.449999999999989,-0.6000000000000085,-0.015000000000000013,1.299999999999999,4.199999999999999,0.02100000000000002,-0.13257575757575757,-0.12222222222222223,4,0,0,0,1,1
2022,1,First Round,Loyola Chicago,Ohio State,10,7,-3,-0.7799999999999994,-6.15,-1.7000000000000028,5.449999999999989,0.6000000000000085,0.015000000000000013,-1.299999999999999,-4.199999999999999,-0.02100000000000002,0.13257575757575757,0.12222222222222223,-4,0,0,1,0,0
2022,1,First Round,Villanova,Delaware,2,15,13,18.99,12.11,5.200000000000003,14.920000000000002,-4.399999999999999,-0.02100000000000002,2.9000000000000004,4.300000000000001,-0.041000000000000036,0.16090225563909777,0.24444444444444446,4,0,0,1,1,1
2022,1,First Round,Delaware,Villanova,15,2,-13,-18.99,-12.11,-5.200000000000003,-14.920000000000002,4.399999999999999,0.02100000000000002,-2.9000000000000004,-4.300000000000001,0.041000000000000036,-0.16090225563909777,-0.24444444444444446,-4,0,0,1,1,0
2022,2,Second Round,Arizona,TCU,1,9,8,9.03,-3.3200000000000003,13.600000000000009,1.480000000000004,5.5,0.06900000000000006,2.099999999999998,-3.1999999999999957,0.034999999999999976,0.27424483306836245,0.4555555555555556,5,1,0,1,0,1
2022,2,Second Round,TCU,Arizona,9,1,-8,-9.03,3.3200000000000003,-13.600000000000009,-1.480000000000004,-5.5,-0.06900000000000006,-2.099999999999998,3.1999999999999957,-0.034999999999999976,-0.27424483306836245,-0.4555555555555556,-5,0,1,0,1,0
2022,2,Second Round,Houston,Illinois,5,4,-1,5.859999999999999,-3.0100000000000007,5.1000000000000085,5.489999999999995,-2.9000000000000057,0.006000000000000005,1.4000000000000004,4.600000000000001,-0.030000000000000027,0.14513556618819767,0.08333333333333337,2,1,1,1,0,1
2022,2,Second Round,Illinois,Houston,4,5,1,-5.859999999999999,3.0100000000000007,-5.1000000000000085,-5.489999999999995,2.9000000000000057,-0.006000000000000005,-1.4000000000000004,-4.600000000000001,0.030000000000000027,-0.14513556618819767,-0.08333333333333337,-2,1,1,0,1,0
2022,2,Second Round,Michigan,Tennessee,11,3,-8,-6.200000000000001,1.08,1.5,-10.36,-1.0999999999999943,0.014000000000000012,0.09999999999999964,-1.5,0.0040000000000000036,-0.21260504201680674,-0.22777777777777775,1,0,0,0,1,1
2022,2,Second Round,Tennessee,Michigan,3,11,8,6.200000000000001,-1.08,-1.5,10.36,1.0999999999999943,-0.014000000000000012,-0.09999999999999964,1.5,-0.0040000000000000036,0.21260504201680674,0.22777777777777775,-1,0,0,1,0,0
2022,2,Second Round,Villanova,Ohio State,2,7,5,5.139999999999999,1.209999999999999,1.5,5.909999999999997,-1.499999999999993,-0.028000000000000025,1.6999999999999993,1.8999999999999986,-0.03600000000000003,0.16447368421052633,0.20000000000000007,0,0,0,1,0,1
2022,2,Second Round,Ohio State,Villanova,7,2,-5,-5.139999999999999,-1.209999999999999,-1.5,-5.909999999999997,1.499999999999993,0.028000000000000025,-1.6999999999999993,-1.8999999999999986,0.03600000000000003,-0.16447368421052633,-0.20000000000000007,0,0,0,0,1,0
2022,3,Sweet Sixteen,Houston,Arizona,5,1,-4,-0.1999999999999993,-0.3700000000000001,-0.7999999999999972,3.4200000000000017,-7.700000000000003,-0.025000000000000022,1.700000000000001,3.1000000000000014,-0.059,-0.049786628733997196,-0.06666666666666665,-2,1,1,1,1,1
2022,3,Sweet Sixteen,Arizona,Houston,1,5,4,0.1999999999999993,0.3700000000000001,0.7999999999999972,-3.4200000000000017,7.700000000000003,0.025000000000000022,-1.700000000000001,-3.1000000000000014,0.059,0.049786628733997196,0.06666666666666665,2,1,1,1,1,0
2022,3,Sweet Sixteen,Villanova,Michigan,2,11,9,5.049999999999999,-0.7300000000000004,4.700000000000003,4.469999999999999,-3.8999999999999986,-0.006000000000000005,1.6999999999999993,0.1999999999999993,0.0040000000000000036,0.2306501547987616,0.25,-2,0,0,1,0,1
2022,3,Sweet Sixteen,Michigan,Villanova,11,2,-9,-5.049999999999999,0.7300000000000004,-4.700000000000003,-4.469999999999999,3.8999999999999986,0.006000000000000005,-1.6999999999999993,-0.1999999999999993,-0.0040000000000000036,-0.2306501547987616,-0.25,2,0,0,0,1,0
2022,4,Elite Eight,Villanova,Houston,2,5,3,-3.240000000000002,3.8199999999999994,-1.5,-5.019999999999996,-1.3999999999999986,-0.016000000000000014,0.6999999999999993,-6.5000000000000036,0.008000000000000007,-0.05263157894736836,-0.033333333333333326,-1,0,1,1,1,1
2022,4,Elite Eight,Houston,Villanova,5,2,-3,3.240000000000002,-3.8199999999999994,1.5,5.019999999999996,1.3999999999999986,0.016000000000000014,-0.6999999999999993,6.5000000000000036,-0.008000000000000007,0.05263157894736836,0.033333333333333326,1,1,0,1,1,0
2022,1,First Round,Gonzaga,Georgia State,1,16,15,26.57,5.84,16.39999999999999,13.680000000000007,5.200000000000003,0.12599999999999995,0.1999999999999993,-4.799999999999997,0.01100000000000001,0.2543103448275862,0.2857142857142857,7,1,0,1,1,1
2022,1,First Round,Georgia State,Gonzaga,16,1,-15,-26.57,-5.84,-16.39999999999999,-13.680000000000007,-5.200000000000003,-0.12599999999999995,-0.1999999999999993,4.799999999999997,-0.01100000000000001,-0.2543103448275862,-0.2857142857142857,-7,0,1,1,1,0
2022,1,First Round,Memphis,Boise State,9,8,-1,2.74,2.6400000000000006,1.7000000000000028,0.14000000000000057,6.099999999999994,0.01100000000000001,-3.200000000000001,6.799999999999997,0.028000000000000025,-0.10476190476190483,-0.11111111111111116,5,0,1,0,1,1
2022,1,First Round,Boise State,Memphis,8,9,1,-2.74,-2.6400000000000006,-1.7000000000000028,-0.14000000000000057,-6.099999999999994,-0.01100000000000001,3.200000000000001,-6.799999999999997,-0.028000000000000025,0.10476190476190483,0.11111111111111116,-5,1,0,1,0,0
2022,1,First Round,New Mexico State,UConn,12,5,-7,-9.29,-5.64,-4.200000000000003,-4.299999999999997,1.5,0.028000000000000025,-3.299999999999999,-4.700000000000003,0.03600000000000003,0.09714795008912647,0.08049535603715163,-9,1,0,1,0,1
2022,1,First Round,UConn,New Mexico State,5,12,7,9.29,5.64,4.200000000000003,4.299999999999997,-1.5,-0.028000000000000025,3.299999999999999,4.700000000000003,-0.03600000000000003,-0.09714795008912647,-0.08049535603715163,9,0,1,0,1,0
2022,1,First Round,Arkansas,Vermont,4,13,9,8.46,14.32,-9.600000000000009,10.620000000000005,6.900000000000006,-0.08399999999999996,-1.4000000000000004,5.199999999999999,0.10699999999999998,-0.06677265500794904,-0.2222222222222222,7,0,1,0,1,1
2022,1,First Round,Vermont,Arkansas,13,4,-9,-8.46,-14.32,9.600000000000009,-10.620000000000005,-6.900000000000006,0.08399999999999996,1.4000000000000004,-5.199999999999999,-0.10699999999999998,0.06677265500794904,0.2222222222222222,-7,1,0,1,0,0
2022,1,First Round,Notre Dame,Alabama,11,6,-5,-2.75,-4.58,0.5,0.1700000000000017,-7.299999999999997,0.030000000000000027,2.5999999999999996,-12.899999999999999,-0.062,0.10995670995670992,0.25,-6,0,0,0,0,1
2022,1,First Round,Alabama,Notre Dame,6,11,5,2.75,4.58,-0.5,-0.1700000000000017,7.299999999999997,-0.030000000000000027,-2.5999999999999996,12.899999999999999,0.062,-0.10995670995670992,-0.25,6,0,0,0,0,0
2022,1,First Round,Texas Tech,Montana State,3,14,11,20.34,14.190000000000001,-2.9000000000000057,18.090000000000003,-2.200000000000003,-0.015000000000000013,-0.8999999999999986,5.900000000000002,-0.03300000000000003,-0.04169884169884175,-0.13333333333333341,0,0,1,0,1,1
2022,1,First Round,Montana State,Texas Tech,14,3,-11,-20.34,-14.190000000000001,2.9000000000000057,-18.090000000000003,2.200000000000003,0.015000000000000013,0.8999999999999986,-5.900000000000002,0.03300000000000003,0.04169884169884175,0.13333333333333341,0,1,0,1,0,0
2022,1,First Round,Michigan State,Davidson,7,10,3,2.75,8.040000000000001,-7.3999999999999915,7.25,1.8000000000000114,-0.041000000000000036,-3.0,6.899999999999999,-0.017000000000000015,-0.15522875816993464,-0.2833333333333333,2,0,1,0,0,1
2022,1,First Round,Davidson,Michigan State,10,7,-3,-2.75,-8.040000000000001,7.3999999999999915,-7.25,-1.8000000000000114,0.041000000000000036,3.0,-6.899999999999999,0.017000000000000015,0.15522875816993464,0.2833333333333333,-2,1,0,0,0,0
2022,1,First Round,Duke,CS Fullerton,2,15,13,19.59,9.54,12.799999999999997,10.149999999999991,1.0,0.06300000000000006,2.6999999999999993,1.9000000000000021,-0.065,0.16426282051282048,0.09411764705882353,14,1,0,0,1,1
2022,1,First Round,CS Fullerton,Duke,15,2,-13,-19.59,-9.54,-12.799999999999997,-10.149999999999991,-1.0,-0.06300000000000006,-2.6999999999999993,-1.9000000000000021,0.065,-0.16426282051282048,-0.09411764705882353,-14,0,1,1,0,0
2022,2,Second Round,Gonzaga,Memphis,1,9,8,10.790000000000001,-3.3600000000000003,12.299999999999997,4.040000000000006,2.799999999999997,0.06399999999999995,5.200000000000001,-8.299999999999997,-0.07200000000000001,0.20833333333333337,0.2063492063492064,2,1,0,1,0,1
2022,2,Second Round,Memphis,Gonzaga,9,1,-8,-10.790000000000001,3.3600000000000003,-12.299999999999997,-4.040000000000006,-2.799999999999997,-0.06399999999999995,-5.200000000000001,8.299999999999997,0.07200000000000001,-0.20833333333333337,-0.2063492063492064,-2,0,1,0,1,0
2022,2,Second Round,Arkansas,New Mexico State,4,12,8,9.16,7.379999999999999,-0.9000000000000057,8.310000000000002,3.700000000000003,-0.038000000000000034,3.0999999999999996,-3.5,0.030999999999999972,-0.037360890302066685,-0.042483660130718914,7,0,1,0,1,1
2022,2,Second Round,New Mexico State,Arkansas,12,4,-8,-9.16,-7.379999999999999,0.9000000000000057,-8.310000000000002,-3.700000000000003,0.038000000000000034,-3.0999999999999996,3.5,-0.030999999999999972,0.037360890302066685,0.042483660130718914,-7,1,0,1,0,0
2022,2,Second Round,Texas Tech,Notre Dame,3,11,8,8.209999999999999,1.6400000000000006,-2.5999999999999943,11.819999999999993,1.3999999999999915,-0.017000000000000015,-3.0999999999999996,10.800000000000004,0.08399999999999996,0.044015444015443994,-0.08333333333333337,-1,0,0,0,0,1
2022,2,Second Round,Notre Dame,Texas Tech,11,3,-8,-8.209999999999999,-1.6400000000000006,2.5999999999999943,-11.819999999999993,-1.3999999999999915,0.017000000000000015,3.0999999999999996,-10.800000000000004,-0.08399999999999996,-0.044015444015443994,0.08333333333333337,1,0,0,0,0,0
2022,2,Second Round,Duke,Michigan State,2,7,5,6.370000000000001,-2.700000000000001,10.599999999999994,0.519999999999996,0.29999999999999716,0.03700000000000003,3.3000000000000007,0.9000000000000021,-0.013000000000000012,0.18162393162393164,0.25,12,1,0,0,0,1
2022,2,Second Round,Michigan State,Duke,7,2,-5,-6.370000000000001,2.700000000000001,-10.599999999999994,-0.519999999999996,-0.29999999999999716,-0.03700000000000003,-3.3000000000000007,-0.9000000000000021,0.013000000000000012,-0.18162393162393164,-0.25,-12,0,1,0,0,0
2022,3,Sweet Sixteen,Arkansas,Gonzaga,4,1,-3,-9.190000000000001,4.119999999999999,-13.299999999999997,-0.769999999999996,-1.7999999999999972,-0.10099999999999998,-0.6999999999999993,0.3999999999999986,0.066,-0.1182432432432432,-0.2063492063492064,0,0,1,0,1,1
2022,3,Sweet Sixteen,Gonzaga,Arkansas,1,4,3,9.190000000000001,-4.119999999999999,13.299999999999997,0.769999999999996,1.7999999999999972,0.10099999999999998,0.6999999999999993,-0.3999999999999986,-0.066,0.1182432432432432,0.2063492063492064,0,1,0,1,0,0
2022,3,Sweet Sixteen,Duke,Texas Tech,2,3,1,-0.5299999999999976,-1.3900000000000006,11.0,-9.230000000000004,0.9000000000000057,0.031000000000000028,4.199999999999999,-1.6000000000000014,-0.065,0.09078309078309077,0.13333333333333341,14,1,0,0,0,1
2022,3,Sweet Sixteen,Texas Tech,Duke,3,2,-1,0.5299999999999976,1.3900000000000006,-11.0,9.230000000000004,-0.9000000000000057,-0.031000000000000028,-4.199999999999999,1.6000000000000014,0.065,-0.09078309078309077,-0.13333333333333341,-14,0,1,0,0,0
2022,4,Elite Eight,Duke,Arkansas,2,4,2,3.280000000000001,-1.3599999999999994,12.200000000000003,-4.910000000000011,-3.799999999999997,0.07100000000000006,1.5999999999999996,2.1000000000000014,-0.08600000000000002,0.06375606375606369,0.07777777777777783,7,1,0,0,0,1
2022,4,Elite Eight,Arkansas,Duke,4,2,-2,-3.280000000000001,1.3599999999999994,-12.200000000000003,4.910000000000011,3.799999999999997,-0.07100000000000006,-1.5999999999999996,-2.1000000000000014,0.08600000000000002,-0.06375606375606369,-0.07777777777777783,-7,0,1,0,0,0
2022,6,Championship,Kansas,UNC,1,8,7,6.780000000000001,2.41,1.7999999999999972,3.019999999999996,-0.7999999999999972,0.02300000000000002,-0.7000000000000011,1.0999999999999979,0.020000000000000018,0.10641025641025637,0.02777777777777779,3,1,0,1,0,1
2022,6,Championship,UNC,Kansas,8,1,-7,-6.780000000000001,-2.41,-1.7999999999999972,-3.019999999999996,0.7999999999999972,-0.02300000000000002,0.7000000000000011,-1.0999999999999979,-0.020000000000000018,-0.10641025641025637,-0.02777777777777779,-3,0,1,0,1,0
2023,1,First Round,FDU,Purdue,16,1,-15,-27.21,-18.14,-3.0999999999999943,-24.39,5.599999999999994,-0.0010000000000000009,0.5999999999999996,-6.5,-0.10099999999999998,-0.2610038610038611,-0.125,-1,0,1,0,1,1
2023,1,First Round,Purdue,FDU,1,16,15,27.21,18.14,3.0999999999999943,24.39,-5.599999999999994,0.0010000000000000009,-0.5999999999999996,6.5,0.10099999999999998,0.2610038610038611,0.125,1,1,0,1,0,0
2023,1,First Round,Florida Atlantic,Memphis,9,8,-1,-0.5800000000000001,-4.6000000000000005,4.099999999999994,-1.2700000000000102,-3.700000000000003,0.017000000000000015,1.1999999999999993,0.40000000000000213,-0.06,0.15457875457875458,0.1777777777777778,-2,1,0,1,1,1
2023,1,First Round,Memphis,Florida Atlantic,8,9,1,0.5800000000000001,4.6000000000000005,-4.099999999999994,1.2700000000000102,3.700000000000003,-0.017000000000000015,-1.1999999999999993,-0.40000000000000213,0.06,-0.15457875457875458,-0.1777777777777778,2,0,1,1,1,0
2023,1,First Round,Duke,Oral Roberts,5,12,7,7.279999999999999,10.280000000000001,-7.0,10.490000000000009,-6.0,-0.04700000000000004,-3.700000000000001,10.5,0.05299999999999999,-0.1071428571428571,-0.30000000000000004,9,0,1,1,1,1
2023,1,First Round,Oral Roberts,Duke,12,5,-7,-7.279999999999999,-10.280000000000001,7.0,-10.490000000000009,6.0,0.04700000000000004,3.700000000000001,-10.5,-0.05299999999999999,0.1071428571428571,0.30000000000000004,-9,1,0,1,1,0
2023,1,First Round,Tennessee,Louisiana,4,13,9,16.57,8.49,-4.400000000000006,20.510000000000005,-3.299999999999997,-0.04300000000000004,0.0,2.3999999999999986,-0.057999999999999996,-0.0702614379084967,-0.11111111111111105,4,0,0,0,1,1
2023,1,First Round,Louisiana,Tennessee,13,4,-9,-16.57,-8.49,4.400000000000006,-20.510000000000005,3.299999999999997,0.04300000000000004,0.0,-2.3999999999999986,0.057999999999999996,0.0702614379084967,0.11111111111111105,-4,0,0,1,0,0
2023,1,First Round,Kentucky,Providence,6,11,5,1.8699999999999992,1.5300000000000002,-0.5,2.2099999999999937,-1.4000000000000057,-0.0050000000000000044,-0.1999999999999993,4.400000000000006,-0.043999999999999984,0.010695187165775444,0.016666666666666607,9,0,0,0,0,1
2023,1,First Round,Providence,Kentucky,11,6,-5,-1.8699999999999992,-1.5300000000000002,0.5,-2.2099999999999937,1.4000000000000057,0.0050000000000000044,0.1999999999999993,-4.400000000000006,0.043999999999999984,-0.010695187165775444,-0.016666666666666607,-9,0,0,0,0,0
2023,1,First Round,Kansas State,Montana State,3,14,11,13.61,10.91,-1.8999999999999915,7.789999999999992,2.5999999999999943,-0.0030000000000000027,-1.5,3.299999999999997,-0.07300000000000001,0.007936507936507908,-0.2222222222222222,3,0,0,0,1,1
2023,1,First Round,Montana State,Kansas State,14,3,-11,-13.61,-10.91,1.8999999999999915,-7.789999999999992,-2.5999999999999943,0.0030000000000000027,1.5,-3.299999999999997,0.07300000000000001,-0.007936507936507908,0.2222222222222222,-3,0,0,1,0,0
2023,1,First Round,Michigan State,USC,7,10,3,1.1899999999999995,3.25,1.2000000000000028,0.9200000000000017,-2.8999999999999915,0.0050000000000000044,1.5,-1.1999999999999993,-0.06,-0.04901960784313719,-0.1210526315789473,-2,0,0,0,0,1
2023,1,First Round,USC,Michigan State,10,7,-3,-1.1899999999999995,-3.25,-1.2000000000000028,-0.9200000000000017,2.8999999999999915,-0.0050000000000000044,-1.5,1.1999999999999993,0.06,0.04901960784313719,0.1210526315789473,2,0,0,0,0,0
2023,1,First Round,Marquette,Vermont,2,15,13,15.440000000000001,11.14,3.200000000000003,9.439999999999998,3.799999999999997,0.009000000000000008,-0.7999999999999989,5.899999999999999,-0.014999999999999958,0.12908496732026142,-0.025000000000000022,4,1,1,1,1,1
2023,1,First Round,Vermont,Marquette,15,2,-13,-15.440000000000001,-11.14,-3.200000000000003,-9.439999999999998,-3.799999999999997,-0.009000000000000008,0.7999999999999989,-5.899999999999999,0.014999999999999958,-0.12908496732026142,0.025000000000000022,-4,1,1,1,1,0
2023,2,Second Round,Florida Atlantic,FDU,9,16,7,22.9,12.129999999999999,3.0999999999999943,21.439999999999998,-1.2999999999999972,0.030000000000000027,-0.8000000000000007,-0.29999999999999716,0.022999999999999965,0.3298683298683299,0.275,0,1,0,1,0,1
2023,2,Second Round,FDU,Florida Atlantic,16,9,-7,-22.9,-12.129999999999999,-3.0999999999999943,-21.439999999999998,1.2999999999999972,-0.030000000000000027,0.8000000000000007,0.29999999999999716,-0.022999999999999965,-0.3298683298683299,-0.275,0,0,1,0,1,0
2023,2,Second Round,Tennessee,Duke,4,5,1,5.01,0.54,-2.5,7.75,0.4000000000000057,-0.01200000000000001,0.20000000000000107,0.5,0.008000000000000007,-0.05555555555555558,-0.0888888888888888,-5,0,0,0,1,1
2023,2,Second Round,Duke,Tennessee,5,4,-1,-5.01,-0.54,2.5,-7.75,-0.4000000000000057,0.01200000000000001,-0.20000000000000107,-0.5,-0.008000000000000007,0.05555555555555558,0.0888888888888888,5,0,0,1,0,0
2023,2,Second Round,Kansas State,Kentucky,3,6,3,1.0299999999999994,1.4000000000000004,-4.5,4.280000000000001,3.700000000000003,0.017000000000000015,-2.5,-9.300000000000004,0.04199999999999998,0.07516339869281041,-0.05555555555555547,-7,0,0,0,0,1
2023,2,Second Round,Kentucky,Kansas State,6,3,-3,-1.0299999999999994,-1.4000000000000004,4.5,-4.280000000000001,-3.700000000000003,-0.017000000000000015,2.5,9.300000000000004,-0.04199999999999998,-0.07516339869281041,0.05555555555555547,7,0,0,0,0,0
2023,2,Second Round,Michigan State,Marquette,7,2,-5,-2.8200000000000003,3.24,-6.1000000000000085,1.5700000000000074,-3.8999999999999915,-0.04300000000000004,-0.8000000000000007,1.4000000000000021,0.0020000000000000018,-0.18790849673202614,-0.2710526315789473,-3,0,1,0,1,1
2023,2,Second Round,Marquette,Michigan State,2,7,5,2.8200000000000003,-3.24,6.1000000000000085,-1.5700000000000074,3.8999999999999915,0.04300000000000004,0.8000000000000007,-1.4000000000000021,-0.0020000000000000018,0.18790849673202614,0.2710526315789473,3,1,0,1,0,0
2023,3,Sweet Sixteen,Florida Atlantic,Tennessee,9,4,-5,-6.92,-5.680000000000001,5.799999999999997,-11.550000000000011,2.5999999999999943,0.04800000000000004,0.3999999999999986,-4.799999999999997,-0.013000000000000012,0.20299145299145305,0.28888888888888886,-4,1,0,1,0,1
2023,3,Sweet Sixteen,Tennessee,Florida Atlantic,4,9,5,6.92,5.680000000000001,-5.799999999999997,11.550000000000011,-2.5999999999999943,-0.04800000000000004,-0.3999999999999986,4.799999999999997,0.013000000000000012,-0.20299145299145305,-0.28888888888888886,4,0,1,0,1,0
2023,3,Sweet Sixteen,Kansas State,Michigan State,3,7,4,1.5399999999999991,-1.7699999999999996,-0.5999999999999943,1.8399999999999892,5.099999999999994,0.006000000000000005,-2.5999999999999996,2.299999999999997,0.08899999999999997,0.10457516339869277,0.032163742690058506,2,0,0,0,0,1
2023,3,Sweet Sixteen,Michigan State,Kansas State,7,3,-4,-1.5399999999999991,1.7699999999999996,0.5999999999999943,-1.8399999999999892,-5.099999999999994,-0.006000000000000005,2.5999999999999996,-2.299999999999997,-0.08899999999999997,-0.10457516339869277,-0.032163742690058506,-2,0,0,0,0,0
2023,4,Elite Eight,Florida Atlantic,Kansas State,9,3,-6,-1.8699999999999992,-7.180000000000001,6.599999999999994,-2.950000000000003,-2.0,0.02400000000000002,2.1999999999999993,1.7000000000000028,-0.067,0.17521367521367526,0.28888888888888886,-3,1,0,1,0,1
2023,4,Elite Eight,Kansas State,Florida Atlantic,3,9,6,1.8699999999999992,7.180000000000001,-6.599999999999994,2.950000000000003,2.0,-0.02400000000000002,-2.1999999999999993,-1.7000000000000028,0.067,-0.17521367521367526,-0.28888888888888886,3,0,1,0,1,0
2023,1,First Round,Houston,Northern Kentucky,1,16,15,23.029999999999998,7.68,10.700000000000003,16.879999999999995,1.2999999999999972,0.026000000000000023,2.0,4.899999999999999,0.010999999999999954,0.2633204633204633,0.24444444444444446,4,1,0,0,1,1
2023,1,First Round,Northern Kentucky,Houston,16,1,-15,-23.029999999999998,-7.68,-10.700000000000003,-16.879999999999995,-1.2999999999999972,-0.026000000000000023,-2.0,-4.899999999999999,-0.010999999999999954,-0.2633204633204633,-0.24444444444444446,-4,0,1,1,0,0
2023,1,First Round,Auburn,Iowa,9,8,-1,0.2699999999999996,0.5999999999999996,-8.100000000000009,8.920000000000002,-0.8999999999999915,-0.02200000000000002,-3.1999999999999993,0.6999999999999957,0.03999999999999998,0.04188948306595364,0.005555555555555536,3,0,0,0,0,1
2023,1,First Round,Iowa,Auburn,8,9,1,-0.2699999999999996,-0.5999999999999996,8.100000000000009,-8.920000000000002,0.8999999999999915,0.02200000000000002,3.1999999999999993,-0.6999999999999957,-0.03999999999999998,-0.04188948306595364,-0.005555555555555536,-3,0,0,0,0,0
2023,1,First Round,Miami,Drake,5,12,7,6.140000000000001,7.9799999999999995,5.099999999999994,-2.8700000000000045,1.9000000000000057,0.006000000000000005,-0.1999999999999993,7.5,0.02799999999999997,0.012355212355212308,0.0,3,1,0,0,1,1
2023,1,First Round,Drake,Miami,12,5,-7,-6.140000000000001,-7.9799999999999995,-5.099999999999994,2.8700000000000045,-1.9000000000000057,-0.006000000000000005,0.1999999999999993,-7.5,-0.02799999999999997,-0.012355212355212308,0.0,-3,0,1,1,0,0
2023,1,First Round,Indiana,Kent State,4,13,9,7.409999999999999,10.100000000000001,0.09999999999999432,0.75,-1.2999999999999972,0.02100000000000002,-0.6999999999999993,-2.8999999999999986,-0.013000000000000012,-0.1428571428571429,-0.2333333333333334,3,0,0,0,1,1
2023,1,First Round,Kent State,Indiana,13,4,-9,-7.409999999999999,-10.100000000000001,-0.09999999999999432,-0.75,1.2999999999999972,-0.02100000000000002,0.6999999999999993,2.8999999999999986,0.013000000000000012,0.1428571428571429,0.2333333333333334,-3,0,0,1,0,0
2023,1,First Round,Pitt,Iowa State,11,6,-5,-4.77,-5.19,8.200000000000003,-11.560000000000002,2.3999999999999915,0.026000000000000023,2.3999999999999986,-4.399999999999999,0.04999999999999999,0.09090909090909083,0.19999999999999996,0,0,0,0,0,1
2023,1,First Round,Iowa State,Pitt,6,11,5,4.77,5.19,-8.200000000000003,11.560000000000002,-2.3999999999999915,-0.026000000000000023,-2.3999999999999986,4.399999999999999,-0.04999999999999999,-0.09090909090909083,-0.19999999999999996,0,0,0,0,0,0
2023,1,First Round,Xavier,Kennesaw State,3,14,11,15.430000000000001,11.22,5.699999999999989,5.640000000000001,2.200000000000003,0.02100000000000002,0.5,2.8000000000000007,-0.043999999999999984,-0.013127413127413168,-0.08333333333333337,2,0,1,0,1,1
2023,1,First Round,Kennesaw State,Xavier,14,3,-11,-15.430000000000001,-11.22,-5.699999999999989,-5.640000000000001,-2.200000000000003,-0.02100000000000002,-0.5,-2.8000000000000007,0.043999999999999984,0.013127413127413168,0.08333333333333337,-2,1,0,1,0,0
2023,1,First Round,Penn State,Texas A&M,10,7,-3,-0.7200000000000006,1.5999999999999996,1.9000000000000057,-4.609999999999999,-2.6999999999999886,0.06600000000000006,3.0,-17.500000000000004,-0.23800000000000002,-0.0926640926640927,-0.33333333333333337,2,0,0,0,0,1
2023,1,First Round,Texas A&M,Penn State,7,10,3,0.7200000000000006,-1.5999999999999996,-1.9000000000000057,4.609999999999999,2.6999999999999886,-0.06600000000000006,-3.0,17.500000000000004,0.23800000000000002,0.0926640926640927,0.33333333333333337,-2,0,0,0,0,0
2023,1,First Round,Texas,Colgate,2,15,13,18.36,16.29,-4.400000000000006,19.159999999999997,1.8999999999999915,-0.04799999999999993,-0.9000000000000004,2.8000000000000007,0.035999999999999976,0.020300751879699264,-0.2777777777777778,3,0,1,1,1,1
2023,1,First Round,Colgate,Texas,15,2,-13,-18.36,-16.29,4.400000000000006,-19.159999999999997,-1.8999999999999915,0.04799999999999993,0.9000000000000004,-2.8000000000000007,-0.035999999999999976,-0.020300751879699264,0.2777777777777778,-3,1,0,1,1,0
2023,2,Second Round,Houston,Auburn,1,9,8,7.85,-4.499999999999999,9.900000000000006,6.86999999999999,-3.9000000000000057,0.028000000000000025,2.1999999999999993,4.300000000000004,-0.07400000000000001,0.27424483306836245,0.38888888888888884,0,1,0,0,0,1
2023,2,Second Round,Auburn,Houston,9,1,-8,-7.85,4.499999999999999,-9.900000000000006,-6.86999999999999,3.9000000000000057,-0.028000000000000025,-2.1999999999999993,-4.300000000000004,0.07400000000000001,-0.27424483306836245,-0.38888888888888884,0,0,1,0,0,0
2023,2,Second Round,Miami,Indiana,5,4,-1,-0.9599999999999991,-2.040000000000001,5.299999999999997,-4.849999999999994,0.5,0.008000000000000007,0.6999999999999993,3.6999999999999993,0.01200000000000001,0.12664092664092663,0.15000000000000002,0,1,0,0,0,1
2023,2,Second Round,Indiana,Miami,4,5,1,0.9599999999999991,2.040000000000001,-5.299999999999997,4.849999999999994,-0.5,-0.008000000000000007,-0.6999999999999993,-3.6999999999999993,-0.01200000000000001,-0.12664092664092663,-0.15000000000000002,0,0,1,0,0,0
2023,2,Second Round,Xavier,Pitt,3,11,8,5.440000000000001,3.96,1.6999999999999886,2.4200000000000017,3.9000000000000057,0.027000000000000024,-0.6999999999999993,1.1999999999999993,-0.015000000000000013,0.06306306306306309,0.050000000000000044,0,0,0,0,0,1
2023,2,Second Round,Pitt,Xavier,11,3,-8,-5.440000000000001,-3.96,-1.6999999999999886,-2.4200000000000017,-3.9000000000000057,-0.027000000000000024,0.6999999999999993,-1.1999999999999993,0.015000000000000013,-0.06306306306306309,-0.050000000000000044,0,0,0,0,0,0
2023,2,Second Round,Texas,Penn State,2,10,8,7.52,1.4100000000000001,-0.30000000000001137,10.560000000000002,5.699999999999989,-0.02100000000000002,-1.8000000000000007,9.100000000000001,0.092,0.14153627311522055,0.16666666666666663,-1,0,0,1,0,1
2023,2,Second Round,Penn State,Texas,10,2,-8,-7.52,-1.4100000000000001,0.30000000000001137,-10.560000000000002,-5.699999999999989,0.02100000000000002,1.8000000000000007,-9.100000000000001,-0.092,-0.14153627311522055,-0.16666666666666663,1,0,0,0,1,0
2023,3,Sweet Sixteen,Miami,Houston,5,1,-4,-8.219999999999999,2.05,-1.2000000000000028,-13.599999999999994,4.1000000000000085,0.020000000000000018,-1.0999999999999996,-5.300000000000001,0.018000000000000016,-0.10810810810810811,-0.19444444444444442,-1,1,1,0,0,1
2023,3,Sweet Sixteen,Houston,Miami,1,5,4,8.219999999999999,-2.05,1.2000000000000028,13.599999999999994,-4.1000000000000085,-0.020000000000000018,1.0999999999999996,5.300000000000001,-0.018000000000000016,0.10810810810810811,0.19444444444444442,1,1,1,0,0,0
2023,3,Sweet Sixteen,Texas,Xavier,2,3,1,4.529999999999998,1.2699999999999996,-2.0,7.480000000000004,-1.9000000000000057,-0.019000000000000017,0.6999999999999993,-2.3999999999999986,-0.009000000000000008,0.03342816500711243,-0.08333333333333337,1,0,0,1,0,1
2023,3,Sweet Sixteen,Xavier,Texas,3,2,-1,-4.529999999999998,-1.2699999999999996,2.0,-7.480000000000004,1.9000000000000057,0.019000000000000017,-0.6999999999999993,2.3999999999999986,0.009000000000000008,-0.03342816500711243,0.08333333333333337,-1,0,0,0,1,0
2023,4,Elite Eight,Miami,Texas,5,2,-3,-6.579999999999998,-3.59,4.200000000000003,-10.36,-1.1999999999999886,0.010000000000000009,0.3000000000000007,3.5,0.0020000000000000018,0.020625889046941626,0.08333333333333337,0,1,0,0,1,1
2023,4,Elite Eight,Texas,Miami,2,5,3,6.579999999999998,3.59,-4.200000000000003,10.36,1.1999999999999886,-0.010000000000000009,-0.3000000000000007,-3.5,-0.0020000000000000018,-0.020625889046941626,-0.08333333333333337,0,0,1,1,0,0
2023,1,First Round,Alabama,TAMUCC,1,16,15,25.76,16.67,-0.5,22.89,0.8999999999999915,0.008000000000000007,-0.7000000000000011,0.5,0.018000000000000016,0.1521235521235521,0.11111111111111105,5,1,1,1,1,1
2023,1,First Round,TAMUCC,Alabama,16,1,-15,-25.76,-16.67,0.5,-22.89,-0.8999999999999915,-0.008000000000000007,0.7000000000000011,-0.5,-0.018000000000000016,-0.1521235521235521,-0.11111111111111105,-5,1,1,1,1,0
2023,1,First Round,Maryland,West Virginia,8,9,1,-1.3699999999999992,-2.540000000000001,-1.0999999999999943,2.5900000000000034,-5.099999999999994,-0.007000000000000006,1.6999999999999993,-4.0,-0.05099999999999999,0.06974789915966384,0.16111111111111115,1,0,0,0,0,1
2023,1,First Round,West Virginia,Maryland,9,8,-1,1.3699999999999992,2.540000000000001,1.0999999999999943,-2.5900000000000034,5.099999999999994,0.007000000000000006,-1.6999999999999993,4.0,0.05099999999999999,-0.06974789915966384,-0.16111111111111115,-1,0,0,0,0,0
2023,1,First Round,San Diego State,College of Charleston,5,12,7,7.41,12.94,-6.400000000000006,8.25,-4.1000000000000085,-0.017000000000000015,-0.7000000000000011,-3.3000000000000043,-0.0010000000000000009,-0.06520146520146519,-0.05555555555555547,1,1,1,1,1,1
2023,1,First Round,College of Charleston,San Diego State,12,5,-7,-7.41,-12.94,6.400000000000006,-8.25,4.1000000000000085,0.017000000000000015,0.7000000000000011,3.3000000000000043,0.0010000000000000009,0.06520146520146519,0.05555555555555547,-1,1,1,1,1,0
2023,1,First Round,Furman,Virginia,13,4,-9,-8.39,-8.88,7.300000000000011,-13.100000000000009,6.900000000000006,0.04500000000000004,-1.700000000000001,3.1999999999999993,-0.00599999999999995,0.02020202020202022,0.08333333333333337,-1,1,1,1,0,1
2023,1,First Round,Virginia,Furman,4,13,9,8.39,8.88,-7.300000000000011,13.100000000000009,-6.900000000000006,-0.04500000000000004,1.700000000000001,-3.1999999999999993,0.00599999999999995,-0.02020202020202022,-0.08333333333333337,1,1,1,0,1,0
2023,1,First Round,Creighton,NC State,6,11,5,5.329999999999998,4.220000000000001,-1.3000000000000114,5.170000000000002,-0.5,0.027000000000000024,-3.3000000000000007,-5.099999999999998,0.030999999999999972,-0.027821939586645472,0.09999999999999998,2,0,0,0,0,1
2023,1,First Round,NC State,Creighton,11,6,-5,-5.329999999999998,-4.220000000000001,1.3000000000000114,-5.170000000000002,0.5,-0.027000000000000024,3.3000000000000007,5.099999999999998,-0.030999999999999972,0.027821939586645472,-0.09999999999999998,-2,0,0,0,0,0
2023,1,First Round,Baylor,UC Santa Barbara,3,14,11,14.0,12.569999999999999,4.200000000000003,6.890000000000001,2.299999999999997,-0.013000000000000012,0.20000000000000107,7.699999999999999,0.024999999999999967,-0.0949579831932773,-0.13888888888888884,6,0,1,0,1,1
2023,1,First Round,UC Santa Barbara,Baylor,14,3,-11,-14.0,-12.569999999999999,-4.200000000000003,-6.890000000000001,-2.299999999999997,0.013000000000000012,-0.20000000000000107,-7.699999999999999,-0.024999999999999967,0.0949579831932773,0.13888888888888884,-6,1,0,1,0,0
2023,1,First Round,Missouri,Utah State,7,10,3,-2.8200000000000003,0.08000000000000007,-0.5999999999999943,-6.539999999999992,0.7999999999999972,-0.01200000000000001,1.5,-1.0,-0.052000000000000046,-0.02857142857142858,-0.11111111111111105,1,0,0,0,0,1
2023,1,First Round,Utah State,Missouri,10,7,-3,2.8200000000000003,-0.08000000000000007,0.5999999999999943,6.539999999999992,-0.7999999999999972,0.01200000000000001,-1.5,1.0,0.052000000000000046,0.02857142857142858,0.11111111111111105,-1,0,0,0,0,0
2023,1,First Round,Princeton,Arizona,15,2,-13,-14.319999999999999,-9.31,-4.5,-7.390000000000001,-3.700000000000003,-0.038999999999999924,1.1999999999999993,-1.5999999999999979,-0.055999999999999994,-0.08125000000000004,0.014285714285714346,-3,1,0,1,1,1
2023,1,First Round,Arizona,Princeton,2,15,13,14.319999999999999,9.31,4.5,7.390000000000001,3.700000000000003,0.038999999999999924,-1.1999999999999993,1.5999999999999979,0.055999999999999994,0.08125000000000004,-0.014285714285714346,3,0,1,1,1,0
2023,2,Second Round,Alabama,Maryland,1,8,7,8.610000000000001,1.3000000000000007,2.700000000000003,8.210000000000008,8.099999999999994,0.013000000000000012,-1.5999999999999996,4.200000000000003,0.022999999999999965,0.20926640926640927,0.3388888888888888,2,1,0,1,0,1
2023,2,Second Round,Maryland,Alabama,8,1,-7,-8.610000000000001,-1.3000000000000007,-2.700000000000003,-8.210000000000008,-8.099999999999994,-0.013000000000000012,1.5999999999999996,-4.200000000000003,-0.022999999999999965,-0.20926640926640927,-0.3388888888888888,-2,0,1,0,1,0
2023,2,Second Round,San Diego State,Furman,5,13,8,10.920000000000002,11.82,-9.300000000000011,16.549999999999997,-2.8000000000000114,-0.05900000000000005,-1.0,3.099999999999998,-0.014000000000000012,0.042735042735042694,0.0,0,1,1,1,1,1
2023,2,Second Round,Furman,San Diego State,13,5,-8,-10.920000000000002,-11.82,9.300000000000011,-16.549999999999997,2.8000000000000114,0.05900000000000005,1.0,-3.099999999999998,0.014000000000000012,-0.042735042735042694,0.0,0,1,1,1,1,0
2023,2,Second Round,Creighton,Baylor,6,3,-3,0.5299999999999976,-0.7399999999999984,-3.700000000000003,5.420000000000002,1.5,0.010000000000000009,0.29999999999999893,-9.099999999999998,-0.08400000000000002,-0.027821939586645472,0.0888888888888888,-5,0,0,0,0,1
2023,2,Second Round,Baylor,Creighton,3,6,3,-0.5299999999999976,0.7399999999999984,3.700000000000003,-5.420000000000002,-1.5,-0.010000000000000009,-0.29999999999999893,9.099999999999998,0.08400000000000002,0.027821939586645472,-0.0888888888888888,5,0,0,0,0,0
2023,2,Second Round,Princeton,Missouri,15,7,-8,-6.65,-7.859999999999999,-3.9000000000000057,1.730000000000004,-1.0,-0.02400000000000002,-0.9000000000000004,2.8000000000000007,0.01100000000000001,0.004464285714285698,0.10317460317460314,-1,1,0,1,0,1
2023,2,Second Round,Missouri,Princeton,7,15,8,6.65,7.859999999999999,3.9000000000000057,-1.730000000000004,1.0,0.02400000000000002,0.9000000000000004,-2.8000000000000007,-0.01100000000000001,-0.004464285714285698,-0.10317460317460314,1,0,1,0,1,0
2023,3,Sweet Sixteen,San Diego State,Alabama,5,1,-4,-7.380000000000001,-0.7300000000000004,-4.300000000000011,-4.050000000000011,-6.0,-0.02300000000000002,1.0999999999999996,-2.3000000000000043,-0.03899999999999998,-0.017325017325017344,-0.05555555555555547,-4,1,1,1,1,1
2023,3,Sweet Sixteen,Alabama,San Diego State,1,5,4,7.380000000000001,0.7300000000000004,4.300000000000011,4.050000000000011,6.0,0.02300000000000002,-1.0999999999999996,2.3000000000000043,0.03899999999999998,0.017325017325017344,0.05555555555555547,4,1,1,1,1,0
2023,3,Sweet Sixteen,Creighton,Princeton,6,15,9,13.069999999999999,10.770000000000001,1.5,9.64,0.29999999999999716,0.016000000000000014,0.09999999999999964,-3.8000000000000007,-0.018000000000000016,-0.07010135135135132,-0.014285714285714346,2,0,1,0,1,1
2023,3,Sweet Sixteen,Princeton,Creighton,15,6,-9,-13.069999999999999,-10.770000000000001,-1.5,-9.64,-0.29999999999999716,-0.016000000000000014,-0.09999999999999964,3.8000000000000007,0.018000000000000016,0.07010135135135132,0.014285714285714346,-2,1,0,1,0,0
2023,4,Elite Eight,San Diego State,Creighton,5,6,1,-2.019999999999998,-0.8800000000000008,-3.5,2.6999999999999886,-2.700000000000003,-0.04400000000000004,0.09999999999999964,6.599999999999998,0.04300000000000004,0.1718641718641718,0.13333333333333341,-2,1,0,1,0,1
2023,4,Elite Eight,Creighton,San Diego State,6,5,-1,2.019999999999998,0.8800000000000008,3.5,-2.6999999999999886,2.700000000000003,0.04400000000000004,-0.09999999999999964,-6.599999999999998,-0.04300000000000004,-0.1718641718641718,-0.13333333333333341,2,0,1,0,1,0
2023,1,First Round,Kansas,Howard,1,16,15,24.24,16.98,2.3999999999999915,17.159999999999997,-1.5999999999999943,-0.0010000000000000009,4.1,-5.400000000000002,-0.03500000000000003,0.14920634920634923,-0.06349206349206349,5,1,1,0,1,1
2023,1,First Round,Howard,Kansas,16,1,-15,-24.24,-16.98,-2.3999999999999915,-17.159999999999997,1.5999999999999943,0.0010000000000000009,-4.1,5.400000000000002,0.03500000000000003,-0.14920634920634923,0.06349206349206349,-5,1,1,1,0,0
2023,1,First Round,Arkansas,Illinois,8,9,1,1.1799999999999997,2.219999999999999,-0.6000000000000085,1.2099999999999937,0.7000000000000028,-0.0050000000000000044,0.0,-0.9000000000000021,0.04999999999999999,0.005050505050505083,-0.10555555555555562,2,0,0,0,0,1
2023,1,First Round,Illinois,Arkansas,9,8,-1,-1.1799999999999997,-2.219999999999999,0.6000000000000085,-1.2099999999999937,-0.7000000000000028,0.0050000000000000044,0.0,0.9000000000000021,-0.04999999999999999,-0.005050505050505083,0.10555555555555562,-2,0,0,0,0,0
2023,1,First Round,Saint Mary's,VCU,5,12,7,7.52,5.2299999999999995,5.799999999999997,4.160000000000011,-4.5,0.0020000000000000018,3.1000000000000014,4.0,-0.09599999999999997,0.0,0.04166666666666663,0,1,1,0,1,1
2023,1,First Round,VCU,Saint Mary's,12,5,-7,-7.52,-5.2299999999999995,-5.799999999999997,-4.160000000000011,4.5,-0.0020000000000000018,-3.1000000000000014,-4.0,0.09599999999999997,0.0,-0.04166666666666663,0,1,1,1,0,0
2023,1,First Round,UConn,Iona,4,13,9,15.34,11.27,4.800000000000011,10.91000000000001,-0.3999999999999915,0.02300000000000002,-2.700000000000001,6.799999999999997,0.018000000000000016,0.02344322344322336,-0.19999999999999996,8,0,1,0,1,1
2023,1,First Round,Iona,UConn,13,4,-9,-15.34,-11.27,-4.800000000000011,-10.91000000000001,0.3999999999999915,-0.02300000000000002,2.700000000000001,-6.799999999999997,-0.018000000000000016,-0.02344322344322336,0.19999999999999996,-8,1,0,1,0,0
2023,1,First Round,TCU,Arizona State,6,11,5,4.32,0.5999999999999996,3.8999999999999915,0.6099999999999994,1.9000000000000057,0.016000000000000014,0.09999999999999964,3.0000000000000036,0.029000000000000026,-0.01031746031746028,-0.050000000000000044,1,0,0,0,0,1
2023,1,First Round,Arizona State,TCU,11,6,-5,-4.32,-0.5999999999999996,-3.8999999999999915,-0.6099999999999994,-1.9000000000000057,-0.016000000000000014,-0.09999999999999964,-3.0000000000000036,-0.029000000000000026,0.01031746031746028,0.050000000000000044,-1,0,0,0,0,0
2023,1,First Round,Gonzaga,Grand Canyon,3,14,11,14.559999999999999,6.77,8.0,6.549999999999997,5.0,0.039999999999999925,2.4000000000000004,0.5999999999999979,-0.020999999999999963,0.1711711711711712,0.2867647058823529,5,1,0,1,1,1
2023,1,First Round,Grand Canyon,Gonzaga,14,3,-11,-14.559999999999999,-6.77,-8.0,-6.549999999999997,-5.0,-0.039999999999999925,-2.4000000000000004,-0.5999999999999979,0.020999999999999963,-0.1711711711711712,-0.2867647058823529,-5,0,1,1,1,0
2023,1,First Round,Northwestern,Boise State,7,10,3,0.9000000000000004,2.500000000000001,-3.299999999999997,1.3800000000000097,-1.7999999999999972,-0.04800000000000004,1.9000000000000004,1.1000000000000014,-0.006000000000000005,-0.05882352941176472,-0.12222222222222223,1,0,0,0,0,1
2023,1,First Round,Boise State,Northwestern,10,7,-3,-0.9000000000000004,-2.500000000000001,3.299999999999997,-1.3800000000000097,1.7999999999999972,0.04800000000000004,-1.9000000000000004,-1.1000000000000014,0.006000000000000005,0.05882352941176472,0.12222222222222223,-1,0,0,0,0,0
2023,1,First Round,UCLA,UNC Asheville,2,15,13,23.849999999999998,13.01,4.5,18.64,-2.0999999999999943,-0.03600000000000003,5.199999999999999,6.699999999999999,-0.13399999999999995,0.06640926640926637,0.011111111111111183,4,1,1,0,1,1
2023,1,First Round,UNC Asheville,UCLA,15,2,-13,-23.849999999999998,-13.01,-4.5,-18.64,2.0999999999999943,0.03600000000000003,-5.199999999999999,-6.699999999999999,0.13399999999999995,-0.06640926640926637,-0.011111111111111183,-4,1,1,1,0,0
2023,2,Second Round,Arkansas,Kansas,8,1,-7,-3.209999999999999,-1.9700000000000006,-1.7000000000000028,-0.769999999999996,0.0,-0.017000000000000015,-0.40000000000000036,2.0,0.09500000000000003,-0.16666666666666663,-0.2777777777777778,0,0,1,0,0,1
2023,2,Second Round,Kansas,Arkansas,1,8,7,3.209999999999999,1.9700000000000006,1.7000000000000028,0.769999999999996,0.0,0.017000000000000015,0.40000000000000036,-2.0,-0.09500000000000003,0.16666666666666663,0.2777777777777778,0,1,0,0,0,0
2023,2,Second Round,UConn,Saint Mary's,4,5,1,5.539999999999999,1.33,5.300000000000011,-0.25,4.6000000000000085,0.017000000000000015,-1.6000000000000014,5.5,-0.01200000000000001,0.02344322344322336,-0.22499999999999998,7,0,1,0,0,1
2023,2,Second Round,Saint Mary's,UConn,5,4,-1,-5.539999999999999,-1.33,-5.300000000000011,0.25,-4.6000000000000085,-0.017000000000000015,1.6000000000000014,-5.5,0.01200000000000001,-0.02344322344322336,0.22499999999999998,-7,1,0,0,0,0
2023,2,Second Round,Gonzaga,TCU,3,6,3,3.379999999999999,-0.7400000000000002,13.700000000000003,-5.570000000000007,1.0,0.08199999999999996,1.4000000000000004,-0.8000000000000043,-0.0040000000000000036,0.20926640926640927,0.375,3,1,0,1,0,1
2023,2,Second Round,TCU,Gonzaga,6,3,-3,-3.379999999999999,0.7400000000000002,-13.700000000000003,5.570000000000007,-1.0,-0.08199999999999996,-1.4000000000000004,0.8000000000000043,0.0040000000000000036,-0.20926640926640927,-0.375,-3,0,1,0,1,0
2023,2,Second Round,UCLA,Northwestern,2,7,5,8.43,-0.05000000000000071,6.799999999999997,5.6299999999999955,2.200000000000003,0.038000000000000034,-0.10000000000000142,4.5,-0.022999999999999965,0.19077901430842603,0.30000000000000004,3,1,0,0,0,1
2023,2,Second Round,Northwestern,UCLA,7,2,-5,-8.43,0.05000000000000071,-6.799999999999997,-5.6299999999999955,-2.200000000000003,-0.038000000000000034,0.10000000000000142,-4.5,0.022999999999999965,-0.19077901430842603,-0.30000000000000004,-3,0,1,0,0,0
2023,3,Sweet Sixteen,UConn,Arkansas,4,8,4,6.959999999999999,-1.3599999999999994,9.800000000000011,1.9000000000000057,-1.7999999999999972,0.030000000000000027,0.0,7.699999999999999,-0.08500000000000002,0.18376068376068366,0.2055555555555556,3,0,0,0,0,1
2023,3,Sweet Sixteen,Arkansas,UConn,8,4,-4,-6.959999999999999,1.3599999999999994,-9.800000000000011,-1.9000000000000057,1.7999999999999972,-0.030000000000000027,0.0,-7.699999999999999,0.08500000000000002,-0.18376068376068366,-0.2055555555555556,-3,0,0,0,0,0
2023,3,Sweet Sixteen,Gonzaga,UCLA,3,2,-1,-3.120000000000001,-0.620000000000001,9.200000000000003,-12.120000000000005,4.700000000000003,0.07099999999999995,-0.1999999999999993,-1.6000000000000014,0.063,0.0,-0.025000000000000022,1,1,1,1,0,1
2023,3,Sweet Sixteen,UCLA,Gonzaga,2,3,1,3.120000000000001,0.620000000000001,-9.200000000000003,12.120000000000005,-4.700000000000003,-0.07099999999999995,0.1999999999999993,1.6000000000000014,-0.063,0.0,0.025000000000000022,-1,1,1,0,1,0
2023,4,Elite Eight,UConn,Gonzaga,4,3,-1,3.960000000000001,0.47000000000000064,-4.599999999999994,8.820000000000007,-3.5,-0.04299999999999993,-2.8000000000000007,7.0,-0.029000000000000026,-0.042966042966043005,-0.22499999999999998,3,0,1,0,1,1
2023,4,Elite Eight,Gonzaga,UConn,3,4,1,-3.960000000000001,-0.47000000000000064,4.599999999999994,-8.820000000000007,3.5,0.04299999999999993,2.8000000000000007,-7.0,0.029000000000000026,0.042966042966043005,0.22499999999999998,-3,1,0,1,0,0
2023,6,Championship,UConn,San Diego State,4,5,1,7.139999999999999,-0.41000000000000014,8.800000000000011,0.5200000000000102,1.8000000000000114,0.041000000000000036,-1.0,6.5,-0.019000000000000017,-0.02564102564102566,-0.18333333333333335,7,0,1,0,1,1
2023,6,Championship,San Diego State,UConn,5,4,-1,-7.139999999999999,0.41000000000000014,-8.800000000000011,-0.5200000000000102,-1.8000000000000114,-0.041000000000000036,1.0,-6.5,0.019000000000000017,0.02564102564102566,0.18333333333333335,-7,1,0,1,0,0
2024,1,First Round,UConn,Stetson,1,16,15,31.79,11.94,9.899999999999991,25.540000000000006,-1.5,0.029999999999999916,1.299999999999999,7.600000000000001,0.017000000000000015,0.2964285714285715,0.21250000000000002,5,1,0,1,1,1
2024,1,First Round,Stetson,UConn,16,1,-15,-31.79,-11.94,-9.899999999999991,-25.540000000000006,1.5,-0.029999999999999916,-1.299999999999999,-7.600000000000001,-0.017000000000000015,-0.2964285714285715,-0.21250000000000002,-5,0,1,1,1,0
2024,1,First Round,Northwestern,Florida Atlantic,9,8,-1,-0.4900000000000002,3.8899999999999997,-5.0,1.6299999999999955,-4.299999999999997,-0.02100000000000002,2.0,-7.699999999999999,-0.056999999999999995,-0.08823529411764708,-0.1777777777777778,1,0,0,0,0,1
2024,1,First Round,Florida Atlantic,Northwestern,8,9,1,0.4900000000000002,-3.8899999999999997,5.0,-1.6299999999999955,4.299999999999997,0.02100000000000002,-2.0,7.699999999999999,0.056999999999999995,0.08823529411764708,0.1777777777777778,-1,0,0,0,0,0
2024,1,First Round,San Diego State,UAB,5,12,7,9.54,4.639999999999999,-2.5,12.280000000000001,-1.7000000000000028,-0.0010000000000000009,0.09999999999999964,-2.299999999999997,-0.038000000000000034,0.0455598455598456,-0.05555555555555547,0,0,0,0,1,1
2024,1,First Round,UAB,San Diego State,12,5,-7,-9.54,-4.639999999999999,2.5,-12.280000000000001,1.7000000000000028,0.0010000000000000009,-0.09999999999999964,2.299999999999997,0.038000000000000034,-0.0455598455598456,0.05555555555555547,0,0,0,1,0,0
2024,1,First Round,Yale,Auburn,13,4,-9,-17.830000000000002,-7.25,-6.0,-11.36999999999999,-4.800000000000011,-0.014000000000000012,0.5999999999999996,-4.0,-0.10599999999999998,-0.07445887445887445,0.06349206349206349,-2,0,0,1,1,1
2024,1,First Round,Auburn,Yale,4,13,9,17.830000000000002,7.25,6.0,11.36999999999999,4.800000000000011,0.014000000000000012,-0.5999999999999996,4.0,0.10599999999999998,0.07445887445887445,-0.06349206349206349,2,0,0,1,1,0
2024,1,First Round,Duquesne,BYU,11,6,-5,-11.979999999999999,-3.1800000000000006,-10.900000000000006,-2.3400000000000034,-3.0,-0.04500000000000004,-2.0,-2.299999999999997,0.069,-0.0007949125596184992,0.0,-1,0,0,1,0,1
2024,1,First Round,BYU,Duquesne,6,11,5,11.979999999999999,3.1800000000000006,10.900000000000006,2.3400000000000034,3.0,0.04500000000000004,2.0,2.299999999999997,-0.069,0.0007949125596184992,0.0,1,0,0,0,1,0
2024,1,First Round,Illinois,Morehead State,3,14,11,19.049999999999997,15.059999999999999,4.5,7.180000000000007,3.8999999999999915,-0.01200000000000001,2.5999999999999996,0.30000000000000426,0.07800000000000001,0.020300751879699264,-0.07777777777777783,2,0,1,1,1,1
2024,1,First Round,Morehead State,Illinois,14,3,-11,-19.049999999999997,-15.059999999999999,-4.5,-7.180000000000007,-3.8999999999999915,0.01200000000000001,-2.5999999999999996,-0.30000000000000426,-0.07800000000000001,-0.020300751879699264,0.07777777777777783,-2,1,0,1,1,0
2024,1,First Round,Washington State,Drake,7,10,3,2.9399999999999995,5.3500000000000005,-4.0,4.8300000000000125,-2.0,-0.031000000000000028,-1.6999999999999993,8.7,-0.01200000000000001,-0.08571428571428574,-0.10000000000000009,3,0,0,0,1,1
2024,1,First Round,Drake,Washington State,10,7,-3,-2.9399999999999995,-5.3500000000000005,4.0,-4.8300000000000125,2.0,0.031000000000000028,1.6999999999999993,-8.7,0.01200000000000001,0.08571428571428574,0.10000000000000009,-3,0,0,1,0,0
2024,1,First Round,Iowa State,South Dakota State,2,15,13,21.78,11.21,0.20000000000000284,21.040000000000006,-0.6999999999999886,-0.03500000000000003,1.299999999999999,6.0,0.062,0.1552123552123552,-0.02777777777777779,2,0,1,1,1,1
2024,1,First Round,South Dakota State,Iowa State,15,2,-13,-21.78,-11.21,-0.20000000000000284,-21.040000000000006,0.6999999999999886,0.03500000000000003,-1.299999999999999,-6.0,-0.062,-0.1552123552123552,0.02777777777777779,-2,1,0,1,1,0
2024,2,Second Round,UConn,Northwestern,1,9,8,13.93,0.1999999999999993,12.099999999999994,8.680000000000007,1.2000000000000028,0.04299999999999993,-0.5,11.000000000000004,0.027000000000000024,0.27794117647058825,0.30000000000000004,4,1,0,1,0,1
2024,2,Second Round,Northwestern,UConn,9,1,-8,-13.93,-0.1999999999999993,-12.099999999999994,-8.680000000000007,-1.2000000000000028,-0.04299999999999993,0.5,-11.000000000000004,-0.027000000000000024,-0.27794117647058825,-0.30000000000000004,-4,0,1,0,1,0
2024,2,Second Round,San Diego State,Yale,5,13,8,10.05,7.959999999999999,-2.5,9.289999999999992,0.9000000000000057,-0.028000000000000025,-1.5999999999999996,4.300000000000004,0.08499999999999996,0.005733005733005725,-0.17460317460317454,-2,0,0,0,1,1
2024,2,Second Round,Yale,San Diego State,13,5,-8,-10.05,-7.959999999999999,2.5,-9.289999999999992,-0.9000000000000057,0.028000000000000025,1.5999999999999996,-4.300000000000004,-0.08499999999999996,-0.005733005733005725,0.17460317460317454,2,0,0,1,0,0
2024,2,Second Round,Illinois,Duquesne,3,11,8,12.209999999999999,4.859999999999999,12.700000000000003,-0.37999999999999545,3.1999999999999886,0.03300000000000003,2.5,5.100000000000001,0.04799999999999999,0.08748221906116649,0.14444444444444438,3,0,0,1,1,1
2024,2,Second Round,Duquesne,Illinois,11,3,-8,-12.209999999999999,-4.859999999999999,-12.700000000000003,0.37999999999999545,-3.1999999999999886,-0.03300000000000003,-2.5,-5.100000000000001,-0.04799999999999999,-0.08748221906116649,-0.14444444444444438,-3,0,0,1,1,0
2024,2,Second Round,Iowa State,Washington State,2,7,5,8.280000000000001,1.3199999999999994,1.0,9.599999999999994,1.5,0.0020000000000000018,0.6999999999999993,-1.7999999999999972,0.03799999999999998,0.06949806949806947,0.022222222222222254,-1,0,0,1,0,1
2024,2,Second Round,Washington State,Iowa State,7,2,-5,-8.280000000000001,-1.3199999999999994,-1.0,-9.599999999999994,-1.5,-0.0020000000000000018,-0.6999999999999993,1.7999999999999972,-0.03799999999999998,-0.06949806949806947,-0.022222222222222254,1,0,0,0,1,0
2024,3,Sweet Sixteen,UConn,San Diego State,1,5,4,12.02,0.33000000000000007,14.599999999999994,3.1200000000000045,-1.0,0.06899999999999995,1.6999999999999993,3.5,-0.04299999999999998,0.2222972972972973,0.28888888888888886,5,1,0,1,0,1
2024,3,Sweet Sixteen,San Diego State,UConn,5,1,-4,-12.02,-0.33000000000000007,-14.599999999999994,-3.1200000000000045,1.0,-0.06899999999999995,-1.6999999999999993,-3.5,0.04299999999999998,-0.2222972972972973,-0.28888888888888886,-5,0,1,0,1,0
2024,3,Sweet Sixteen,Illinois,Iowa State,3,2,-1,-2.740000000000002,1.0299999999999994,7.299999999999997,-12.11,2.1999999999999886,0.016000000000000014,0.7000000000000011,4.5,0.017000000000000015,-0.020625889046941626,-0.022222222222222254,1,0,0,1,1,1
2024,3,Sweet Sixteen,Iowa State,Illinois,2,3,1,2.740000000000002,-1.0299999999999994,-7.299999999999997,12.11,-2.1999999999999886,-0.016000000000000014,-0.7000000000000011,-4.5,-0.017000000000000015,0.020625889046941626,0.022222222222222254,-1,0,0,1,1,0
2024,4,Elite Eight,UConn,Illinois,1,3,2,7.140000000000001,-0.8399999999999999,5.099999999999994,7.810000000000002,-4.099999999999994,0.03299999999999992,0.29999999999999893,1.1000000000000014,-0.05199999999999999,0.1618421052631579,0.20000000000000007,2,1,0,1,1,1
2024,4,Elite Eight,Illinois,UConn,3,1,-2,-7.140000000000001,0.8399999999999999,-5.099999999999994,-7.810000000000002,4.099999999999994,-0.03299999999999992,-0.29999999999999893,-1.1000000000000014,0.05199999999999999,-0.1618421052631579,-0.20000000000000007,-2,0,1,1,1,0
2024,1,First Round,Purdue,Grambling,1,16,15,34.56,17.08,19.400000000000006,18.33,1.3999999999999915,0.07100000000000006,3.0,7.900000000000002,0.02899999999999997,0.28846153846153844,0.07222222222222219,1,1,1,0,1,1
2024,1,First Round,Grambling,Purdue,16,1,-15,-34.56,-17.08,-19.400000000000006,-18.33,-1.3999999999999915,-0.07100000000000006,-3.0,-7.900000000000002,-0.02899999999999997,-0.28846153846153844,-0.07222222222222219,-1,1,1,1,0,0
2024,1,First Round,Utah State,TCU,8,9,1,-3.0599999999999987,-2.0300000000000002,3.1000000000000085,-3.7700000000000102,-1.2999999999999972,0.031000000000000028,1.3999999999999986,-7.299999999999997,0.03500000000000003,0.1823529411764706,0.2777777777777778,0,1,0,0,0,1
2024,1,First Round,TCU,Utah State,9,8,-1,3.0599999999999987,2.0300000000000002,-3.1000000000000085,3.7700000000000102,1.2999999999999972,-0.031000000000000028,-1.3999999999999986,7.299999999999997,-0.03500000000000003,-0.1823529411764706,-0.2777777777777778,0,0,1,0,0,0
2024,1,First Round,Gonzaga,McNeese,5,12,7,11.51,10.829999999999998,2.799999999999997,5.359999999999999,2.200000000000003,0.02199999999999991,0.20000000000000107,0.3999999999999986,-0.068,-0.1109243697478991,-0.06944444444444442,2,0,1,0,1,1
2024,1,First Round,McNeese,Gonzaga,12,5,-7,-11.51,-10.829999999999998,-2.799999999999997,-5.359999999999999,-2.200000000000003,-0.02199999999999991,-0.20000000000000107,-0.3999999999999986,0.068,0.1109243697478991,0.06944444444444442,-2,1,0,1,0,0
2024,1,First Round,Kansas,Samford,4,13,9,10.030000000000001,14.55,-8.0,11.829999999999998,-4.5,-0.03299999999999992,0.40000000000000036,-4.900000000000002,-0.034999999999999976,-0.15210084033613447,-0.2777777777777778,3,0,1,0,1,1
2024,1,First Round,Samford,Kansas,13,4,-9,-10.030000000000001,-14.55,8.0,-11.829999999999998,4.5,0.03299999999999992,-0.40000000000000036,4.900000000000002,0.034999999999999976,0.15210084033613447,0.2777777777777778,-3,1,0,1,0,0
2024,1,First Round,Oregon,South Carolina,11,6,-5,1.2400000000000002,2.4299999999999997,-0.8000000000000114,0.1599999999999966,3.5,0.010000000000000009,0.29999999999999893,-4.199999999999996,0.0020000000000000018,-0.0980392156862745,-0.12222222222222223,0,0,0,1,0,1
2024,1,First Round,South Carolina,Oregon,6,11,5,-1.2400000000000002,-2.4299999999999997,0.8000000000000114,-0.1599999999999966,-3.5,-0.010000000000000009,-0.29999999999999893,4.199999999999996,-0.0020000000000000018,0.0980392156862745,0.12222222222222223,0,0,0,0,1,0
2024,1,First Round,Creighton,Akron,3,14,11,17.3,11.61,6.6000000000000085,7.490000000000009,0.6999999999999886,0.04999999999999993,0.8000000000000007,-4.5,-0.07100000000000001,0.02857142857142858,-0.022222222222222254,2,0,0,0,1,1
2024,1,First Round,Akron,Creighton,14,3,-11,-17.3,-11.61,-6.6000000000000085,-7.490000000000009,-0.6999999999999886,-0.04999999999999993,-0.8000000000000007,4.5,0.07100000000000001,-0.02857142857142858,0.022222222222222254,-2,0,0,1,0,0
2024,1,First Round,Texas,Colorado State,7,10,3,2.51,2.13,-1.8000000000000114,2.6500000000000057,1.5,-0.019000000000000017,-0.7999999999999989,4.899999999999999,-0.015000000000000013,-0.07679738562091498,-0.05555555555555558,0,0,0,0,0,1
2024,1,First Round,Colorado State,Texas,10,7,-3,-2.51,-2.13,1.8000000000000114,-2.6500000000000057,-1.5,0.019000000000000017,0.7999999999999989,-4.899999999999999,0.015000000000000013,0.07679738562091498,0.05555555555555558,0,0,0,0,0,0
2024,1,First Round,Tennessee,Saint Peter's,2,15,13,26.39,15.75,13.299999999999997,15.11,4.8999999999999915,0.065,3.5,-2.299999999999997,-0.05299999999999999,0.1742424242424242,0.1777777777777778,3,1,0,0,1,1
2024,1,First Round,Saint Peter's,Tennessee,15,2,-13,-26.39,-15.75,-13.299999999999997,-15.11,-4.8999999999999915,-0.065,-3.5,2.299999999999997,0.05299999999999999,-0.1742424242424242,-0.1777777777777778,-3,0,1,1,0,0
2024,2,Second Round,Purdue,Utah State,1,8,7,13.37,6.31,6.099999999999994,7.3700000000000045,-1.0,0.01200000000000001,-0.1999999999999993,9.100000000000001,0.02799999999999997,0.07179487179487176,0.07222222222222219,0,1,1,0,0,1
2024,2,Second Round,Utah State,Purdue,8,1,-7,-13.37,-6.31,-6.099999999999994,-7.3700000000000045,1.0,-0.01200000000000001,0.1999999999999993,-9.100000000000001,-0.02799999999999997,-0.07179487179487176,-0.07222222222222219,0,1,1,0,0,0
2024,2,Second Round,Gonzaga,Kansas,5,4,-1,1.5799999999999983,-7.300000000000001,13.399999999999991,-5.030000000000001,-0.10000000000000853,0.03599999999999992,2.8000000000000007,8.2,-0.015000000000000013,0.0949579831932773,0.3194444444444444,-1,0,0,0,0,1
2024,2,Second Round,Kansas,Gonzaga,4,5,1,-1.5799999999999983,7.300000000000001,-13.399999999999991,5.030000000000001,0.10000000000000853,-0.03599999999999992,-2.8000000000000007,-8.2,0.015000000000000013,-0.0949579831932773,-0.3194444444444444,1,0,0,0,0,0
2024,2,Second Round,Creighton,Oregon,3,11,8,7.85,0.6199999999999992,6.6000000000000085,3.75,-0.7000000000000028,0.05399999999999994,-0.7999999999999989,-2.5,-0.07300000000000001,0.04761904761904767,0.09999999999999998,2,0,0,0,1,1
2024,2,Second Round,Oregon,Creighton,11,3,-8,-7.85,-0.6199999999999992,-6.6000000000000085,-3.75,0.7000000000000028,-0.05399999999999994,0.7999999999999989,2.5,0.07300000000000001,-0.04761904761904767,-0.09999999999999998,-2,0,0,1,0,0
2024,2,Second Round,Tennessee,Texas,2,7,5,5.899999999999999,1.0099999999999998,2.0,6.269999999999996,2.0999999999999943,-0.019000000000000017,2.1999999999999993,2.3000000000000043,0.03500000000000003,0.13235294117647056,0.2777777777777778,1,1,0,0,0,1
2024,2,Second Round,Texas,Tennessee,7,2,-5,-5.899999999999999,-1.0099999999999998,-2.0,-6.269999999999996,-2.0999999999999943,0.019000000000000017,-2.1999999999999993,-2.3000000000000043,-0.03500000000000003,-0.13235294117647056,-0.2777777777777778,-1,0,1,0,0,0
2024,3,Sweet Sixteen,Purdue,Gonzaga,1,5,4,7.0,7.58,-1.5999999999999943,5.909999999999997,-1.5,-0.015999999999999903,-1.9000000000000004,3.8000000000000043,0.10799999999999998,0.10036630036630034,-0.025000000000000022,-1,1,0,0,0,1
2024,3,Sweet Sixteen,Gonzaga,Purdue,5,1,-4,-7.0,-7.58,1.5999999999999943,-5.909999999999997,1.5,0.015999999999999903,1.9000000000000004,-3.8000000000000043,-0.10799999999999998,-0.10036630036630034,0.025000000000000022,1,0,1,0,0,0
2024,3,Sweet Sixteen,Tennessee,Creighton,2,3,1,1.7399999999999984,0.8900000000000006,-4.1000000000000085,6.959999999999994,2.700000000000003,-0.061999999999999944,1.1999999999999993,6.100000000000001,0.09000000000000002,0.0357142857142857,0.07777777777777783,0,1,0,0,0,1
2024,3,Sweet Sixteen,Creighton,Tennessee,3,2,-1,-1.7399999999999984,-0.8900000000000006,4.1000000000000085,-6.959999999999994,-2.700000000000003,0.061999999999999944,-1.1999999999999993,-6.100000000000001,-0.09000000000000002,-0.0357142857142857,-0.07777777777777783,0,0,1,0,0,0
2024,4,Elite Eight,Purdue,Tennessee,1,2,1,3.120000000000001,1.1799999999999997,7.400000000000006,-4.219999999999999,-2.0,0.04700000000000004,-1.5,5.5,0.07599999999999996,0.1217948717948718,0.07222222222222219,-2,1,1,0,0,1
2024,4,Elite Eight,Tennessee,Purdue,2,1,-1,-3.120000000000001,-1.1799999999999997,-7.400000000000006,4.219999999999999,2.0,-0.04700000000000004,1.5,-5.5,-0.07599999999999996,-0.1217948717948718,-0.07222222222222219,2,1,1,0,0,0
2024,1,First Round,Houston,Longwood,1,16,15,27.73,14.56,5.099999999999994,24.070000000000007,-3.8000000000000114,0.0010000000000000009,4.0,-1.5,-0.08400000000000002,0.26486486486486494,0.45833333333333337,2,1,0,0,1,1
2024,1,First Round,Longwood,Houston,16,1,-15,-27.73,-14.56,-5.099999999999994,-24.070000000000007,3.8000000000000114,-0.0010000000000000009,-4.0,1.5,0.08400000000000002,-0.26486486486486494,-0.45833333333333337,-2,0,1,1,0,0
2024,1,First Round,Texas A&M,Nebraska,9,8,-1,-1.0099999999999998,1.79,0.6000000000000085,-1.789999999999992,-1.6000000000000085,-0.07400000000000001,2.5999999999999996,14.699999999999996,0.06,-0.09313725490196079,-0.09999999999999998,1,0,0,0,0,1
2024,1,First Round,Nebraska,Texas A&M,8,9,1,1.0099999999999998,-1.79,-0.6000000000000085,1.789999999999992,1.6000000000000085,0.07400000000000001,-2.5999999999999996,-14.699999999999996,-0.06,0.09313725490196079,0.09999999999999998,-1,0,0,0,0,0
2024,1,First Round,James Madison,Wisconsin,12,5,-7,-7.820000000000002,-15.1,3.0,-3.700000000000003,5.599999999999994,0.02200000000000002,0.0,2.3000000000000007,0.0040000000000000036,0.2777777777777777,0.2833333333333333,-1,0,0,1,0,1
2024,1,First Round,Wisconsin,James Madison,5,12,7,7.820000000000002,15.1,-3.0,3.700000000000003,-5.599999999999994,-0.02200000000000002,0.0,-2.3000000000000007,-0.0040000000000000036,-0.2777777777777777,-0.2833333333333333,1,0,0,0,1,0
2024,1,First Round,Duke,Vermont,4,13,9,17.89,11.67,8.0,8.010000000000005,1.6999999999999886,0.016000000000000014,0.09999999999999964,9.0,0.05700000000000005,-0.050000000000000044,-0.1875,7,0,1,0,1,1
2024,1,First Round,Vermont,Duke,13,4,-9,-17.89,-11.67,-8.0,-8.010000000000005,-1.6999999999999886,-0.016000000000000014,-0.09999999999999964,-9.0,-0.05700000000000005,0.050000000000000044,0.1875,-7,1,0,1,0,0
2024,1,First Round,NC State,Texas Tech,11,6,-5,-2.1500000000000004,-0.34999999999999964,-2.6000000000000085,-0.29999999999999716,1.2999999999999972,-0.019000000000000017,2.200000000000001,-2.1999999999999993,-0.02200000000000002,-0.042324246771879515,-0.16111111111111115,0,0,0,1,0,1
2024,1,First Round,Texas Tech,NC State,6,11,5,2.1500000000000004,0.34999999999999964,2.6000000000000085,0.29999999999999716,-1.2999999999999972,0.019000000000000017,-2.200000000000001,2.1999999999999993,0.02200000000000002,0.042324246771879515,0.16111111111111115,0,0,0,0,1,0
2024,1,First Round,Oakland,Kentucky,14,3,-11,-14.77,-8.7,-8.700000000000003,-6.0,-5.900000000000006,-0.052999999999999936,-1.200000000000001,1.5,0.0040000000000000036,-0.030303030303030387,0.02777777777777779,-6,1,0,1,0,1
2024,1,First Round,Kentucky,Oakland,3,14,11,14.77,8.7,8.700000000000003,6.0,5.900000000000006,0.052999999999999936,1.200000000000001,-1.5,-0.0040000000000000036,0.030303030303030387,-0.02777777777777779,6,0,1,0,1,0
2024,1,First Round,Colorado,Florida,10,7,-3,0.7799999999999994,-0.45000000000000107,-1.2999999999999972,2.510000000000005,-4.099999999999994,0.03600000000000003,-2.8000000000000007,-5.399999999999999,-0.03300000000000003,0.03603603603603611,0.03888888888888886,-1,0,0,0,0,1
2024,1,First Round,Florida,Colorado,7,10,3,-0.7799999999999994,0.45000000000000107,1.2999999999999972,-2.510000000000005,4.099999999999994,-0.03600000000000003,2.8000000000000007,5.399999999999999,0.03300000000000003,-0.03603603603603611,-0.03888888888888886,1,0,0,0,0,0
2024,1,First Round,Marquette,Western Kentucky,2,15,13,18.08,13.93,6.400000000000006,9.150000000000006,-6.599999999999994,0.030000000000000027,3.3000000000000007,-3.3000000000000007,-0.07200000000000001,0.08267090620031792,0.19999999999999996,3,0,0,0,1,1
2024,1,First Round,Western Kentucky,Marquette,15,2,-13,-18.08,-13.93,-6.400000000000006,-9.150000000000006,6.599999999999994,-0.030000000000000027,-3.3000000000000007,3.3000000000000007,0.07200000000000001,-0.08267090620031792,-0.19999999999999996,-3,0,0,1,0,0
2024,2,Second Round,Houston,Texas A&M,1,9,8,12.340000000000002,0.4800000000000004,2.1999999999999886,15.36,-3.700000000000003,0.045999999999999985,-0.09999999999999964,-5.5,-0.07800000000000001,0.28153153153153154,0.33333333333333337,1,1,0,0,0,1
2024,2,Second Round,Texas A&M,Houston,9,1,-8,-12.340000000000002,-0.4800000000000004,-2.1999999999999886,-15.36,3.700000000000003,-0.045999999999999985,0.09999999999999964,5.5,0.07800000000000001,-0.28153153153153154,-0.33333333333333337,-1,0,1,0,0,0
2024,2,Second Round,Duke,James Madison,4,12,8,12.480000000000002,12.11,2.0999999999999943,7.570000000000007,-4.5,0.0020000000000000018,0.5999999999999996,-0.3999999999999986,0.0010000000000000009,-0.13888888888888884,-0.08333333333333337,7,0,0,0,1,1
2024,2,Second Round,James Madison,Duke,12,4,-8,-12.480000000000002,-12.11,-2.0999999999999943,-7.570000000000007,4.5,-0.0020000000000000018,-0.5999999999999996,0.3999999999999986,-0.0010000000000000009,0.13888888888888884,0.08333333333333337,-7,0,0,1,0,0
2024,2,Second Round,NC State,Oakland,11,14,3,10.790000000000001,10.17,-1.4000000000000057,8.570000000000007,0.5,-0.01200000000000001,1.700000000000001,-2.299999999999997,0.01200000000000001,-0.03252032520325199,-0.3,0,0,1,1,1,1
2024,2,Second Round,Oakland,NC State,14,11,-3,-10.790000000000001,-10.17,1.4000000000000057,-8.570000000000007,-0.5,0.01200000000000001,-1.700000000000001,2.299999999999997,-0.01200000000000001,0.03252032520325199,0.3,0,1,0,1,1,0
2024,2,Second Round,Marquette,Colorado,2,10,8,3.3200000000000003,2.66,-1.7999999999999972,3.769999999999996,0.4000000000000057,-0.0040000000000000036,3.200000000000001,-6.199999999999999,-0.09599999999999997,0.027027027027026973,0.04999999999999993,0,0,0,0,0,1
2024,2,Second Round,Colorado,Marquette,10,2,-8,-3.3200000000000003,-2.66,1.7999999999999972,-3.769999999999996,-0.4000000000000057,0.0040000000000000036,-3.200000000000001,6.199999999999999,0.09599999999999997,-0.027027027027026973,-0.04999999999999993,0,0,0,0,0,0
2024,3,Sweet Sixteen,Duke,Houston,4,1,-3,-5.02,-1.4400000000000013,3.5,-10.510000000000005,3.0,0.04300000000000004,-1.0,-4.699999999999996,0.03500000000000003,-0.11486486486486491,-0.08333333333333337,5,0,1,0,0,1
2024,3,Sweet Sixteen,Houston,Duke,1,4,3,5.02,1.4400000000000013,-3.5,10.510000000000005,-3.0,-0.04300000000000004,1.0,4.699999999999996,-0.03500000000000003,0.11486486486486491,0.08333333333333337,-5,1,0,0,0,0
2024,3,Sweet Sixteen,NC State,Marquette,11,2,-9,-6.459999999999999,-2.09,-2.9000000000000057,-4.099999999999994,-0.9000000000000057,-0.04300000000000004,0.5999999999999996,2.400000000000002,0.065,-0.09558338826631507,-0.24999999999999994,-3,0,0,1,0,1
2024,3,Sweet Sixteen,Marquette,NC State,2,11,9,6.459999999999999,2.09,2.9000000000000057,4.099999999999994,0.9000000000000057,0.04300000000000004,-0.5999999999999996,-2.400000000000002,-0.065,0.09558338826631507,0.24999999999999994,3,0,0,0,1,0
2024,4,Elite Eight,NC State,Duke,11,4,-7,-7.860000000000001,0.5700000000000003,-8.0,-4.239999999999995,1.4000000000000057,-0.039000000000000035,0.3000000000000007,-4.0,-0.02300000000000002,-0.11585365853658536,-0.3,-7,0,0,1,0,1
2024,4,Elite Eight,Duke,NC State,4,11,7,7.860000000000001,-0.5700000000000003,8.0,4.239999999999995,-1.4000000000000057,0.039000000000000035,-0.3000000000000007,4.0,0.02300000000000002,0.11585365853658536,0.3,7,0,0,0,1,0
2024,1,First Round,UNC,Wagner,1,16,15,32.0,18.48,14.599999999999994,18.35000000000001,8.299999999999997,0.056999999999999995,1.1999999999999993,3.0,0.10299999999999998,0.26863226863226863,0.4125,2,1,0,0,1,1
2024,1,First Round,Wagner,UNC,16,1,-15,-32.0,-18.48,-14.599999999999994,-18.35000000000001,-8.299999999999997,-0.056999999999999995,-1.1999999999999993,-3.0,-0.10299999999999998,-0.26863226863226863,-0.4125,-2,0,1,1,0,0
2024,1,First Round,Michigan State,Mississippi St.,9,8,-1,3.5299999999999994,1.7300000000000004,1.9000000000000057,2.7099999999999937,-2.299999999999997,0.0020000000000000018,3.0,-5.599999999999998,-0.08100000000000002,-0.02857142857142858,0.05555555555555558,0,0,0,0,0,1
2024,1,First Round,Mississippi St.,Michigan State,8,9,1,-3.5299999999999994,-1.7300000000000004,-1.9000000000000057,-2.7099999999999937,2.299999999999997,-0.0020000000000000018,-3.0,5.599999999999998,0.08100000000000002,0.02857142857142858,-0.05555555555555558,0,0,0,0,0,0
2024,1,First Round,Grand Canyon,Saint Mary's,12,5,-7,-5.859999999999999,-3.98,-2.299999999999997,-5.8700000000000045,6.0,-0.010000000000000009,-1.8000000000000007,-5.0,0.16500000000000004,0.09243697478991597,-0.08750000000000002,-1,1,1,1,1,1
2024,1,First Round,Saint Mary's,Grand Canyon,5,12,7,5.859999999999999,3.98,2.299999999999997,5.8700000000000045,-6.0,0.010000000000000009,1.8000000000000007,5.0,-0.16500000000000004,-0.09243697478991597,0.08750000000000002,1,1,1,1,1,0
2024,1,First Round,Alabama,College of Charleston,4,13,9,16.6,14.18,6.5,7.320000000000007,3.5,0.040999999999999925,-1.6999999999999993,1.3999999999999986,0.07799999999999996,-0.0957528957528958,-0.11111111111111116,3,0,1,0,1,1
2024,1,First Round,College of Charleston,Alabama,13,4,-9,-16.6,-14.18,-6.5,-7.320000000000007,-3.5,-0.040999999999999925,1.6999999999999993,-1.3999999999999986,-0.07799999999999996,0.0957528957528958,0.11111111111111116,-3,1,0,1,0,0
2024,1,First Round,Clemson,New Mexico,6,11,5,1.1600000000000001,4.659999999999999,1.7000000000000028,-2.430000000000007,-4.700000000000003,0.03400000000000003,-1.3000000000000007,-6.199999999999999,-0.02400000000000002,-0.05555555555555558,-0.005555555555555536,1,0,0,0,1,1
2024,1,First Round,New Mexico,Clemson,11,6,-5,-1.1600000000000001,-4.659999999999999,-1.7000000000000028,2.430000000000007,4.700000000000003,-0.03400000000000003,1.3000000000000007,6.199999999999999,0.02400000000000002,0.05555555555555558,0.005555555555555536,-1,0,0,1,0,0
2024,1,First Round,Baylor,Colgate,3,14,11,19.81,16.26,10.299999999999997,6.039999999999992,0.3999999999999915,0.020000000000000018,-0.9000000000000004,10.499999999999996,0.122,-0.02857142857142858,-0.2777777777777777,6,0,1,0,1,1
2024,1,First Round,Colgate,Baylor,14,3,-11,-19.81,-16.26,-10.299999999999997,-6.039999999999992,-0.3999999999999915,-0.020000000000000018,0.9000000000000004,-10.499999999999996,-0.122,0.02857142857142858,0.2777777777777777,-6,1,0,1,0,0
2024,1,First Round,Dayton,Nevada,7,10,3,0.5999999999999996,1.1500000000000004,1.0999999999999943,-2.3300000000000125,-2.1000000000000085,0.027999999999999914,-1.1000000000000014,-1.3000000000000007,-0.07600000000000001,-0.007130124777183555,0.05555555555555558,0,0,0,0,0,1
2024,1,First Round,Nevada,Dayton,10,7,-3,-0.5999999999999996,-1.1500000000000004,-1.0999999999999943,2.3300000000000125,2.1000000000000085,-0.027999999999999914,1.1000000000000014,1.3000000000000007,0.07600000000000001,0.007130124777183555,-0.05555555555555558,0,0,0,0,0,0
2024,1,First Round,Arizona,Long Beach State,2,15,13,25.73,10.639999999999999,11.399999999999991,17.14999999999999,0.3999999999999915,0.05800000000000005,1.0999999999999996,2.3000000000000043,-0.018000000000000016,0.16666666666666663,0.25,4,1,0,0,1,1
2024,1,First Round,Long Beach State,Arizona,15,2,-13,-25.73,-10.639999999999999,-11.399999999999991,-17.14999999999999,-0.3999999999999915,-0.05800000000000005,-1.0999999999999996,-2.3000000000000043,0.018000000000000016,-0.16666666666666663,-0.25,-4,0,1,1,0,0
2024,2,Second Round,UNC,Michigan State,1,9,8,3.6400000000000006,-0.9900000000000002,5.199999999999989,-0.2599999999999909,4.8999999999999915,-0.0010000000000000009,1.0,3.1999999999999993,0.069,0.21235521235521237,0.35,1,1,0,0,0,1
2024,2,Second Round,Michigan State,UNC,9,1,-8,-3.6400000000000006,0.9900000000000002,-5.199999999999989,0.2599999999999909,-4.8999999999999915,0.0010000000000000009,-1.0,-3.1999999999999993,-0.069,-0.21235521235521237,-0.35,-1,0,1,0,0,0
2024,2,Second Round,Alabama,Grand Canyon,4,12,8,10.240000000000002,12.32,8.199999999999989,-1.789999999999992,4.1000000000000085,0.041999999999999926,1.4000000000000004,0.6000000000000014,-0.09700000000000003,-0.18146718146718144,-0.12777777777777777,3,0,1,0,1,1
2024,2,Second Round,Grand Canyon,Alabama,12,4,-8,-10.240000000000002,-12.32,-8.199999999999989,1.789999999999992,-4.1000000000000085,-0.041999999999999926,-1.4000000000000004,-0.6000000000000014,0.09700000000000003,0.18146718146718144,0.12777777777777777,-3,1,0,1,0,0
2024,2,Second Round,Clemson,Baylor,6,3,-3,-3.3000000000000007,-0.6700000000000017,-4.3999999999999915,1.4099999999999966,1.0,-0.019000000000000017,2.0,-8.599999999999998,-0.08800000000000002,-0.01904761904761909,-0.061111111111111116,-5,0,0,0,0,1
2024,2,Second Round,Baylor,Clemson,3,6,3,3.3000000000000007,0.6700000000000017,4.3999999999999915,-1.4099999999999966,-1.0,0.019000000000000017,-2.0,8.599999999999998,0.08800000000000002,0.01904761904761909,0.061111111111111116,5,0,0,0,0,0
2024,2,Second Round,Arizona,Dayton,2,7,5,11.09,3.719999999999999,2.700000000000003,8.980000000000004,8.5,-0.017999999999999905,0.7000000000000011,9.3,-0.0030000000000000027,-0.007575757575757569,-0.02777777777777779,3,1,0,0,0,1
2024,2,Second Round,Dayton,Arizona,7,2,-5,-11.09,-3.719999999999999,-2.700000000000003,-8.980000000000004,-8.5,0.017999999999999905,-0.7000000000000011,-9.3,0.0030000000000000027,0.007575757575757569,0.02777777777777779,-3,0,1,0,0,0
2024,3,Sweet Sixteen,Alabama,UNC,4,1,-3,-0.6699999999999982,1.9000000000000004,6.5,-7.579999999999998,2.6000000000000085,0.04799999999999993,-1.5999999999999996,2.0,-0.009000000000000008,-0.10810810810810811,-0.12777777777777777,1,0,1,0,0,1
2024,3,Sweet Sixteen,UNC,Alabama,1,4,3,0.6699999999999982,-1.9000000000000004,-6.5,7.579999999999998,-2.6000000000000085,-0.04799999999999993,1.5999999999999996,-2.0,0.009000000000000008,0.10810810810810811,0.12777777777777777,-1,1,0,0,0,0
2024,3,Sweet Sixteen,Clemson,Arizona,6,2,-4,-8.34,0.5899999999999999,-3.3999999999999915,-6.450000000000003,-5.5,-0.006000000000000005,0.5999999999999996,-8.400000000000002,-0.056999999999999995,-0.08333333333333337,-0.19999999999999996,-3,0,1,0,0,1
2024,3,Sweet Sixteen,Arizona,Clemson,2,6,4,8.34,-0.5899999999999999,3.3999999999999915,6.450000000000003,5.5,0.006000000000000005,-0.5999999999999996,8.400000000000002,0.056999999999999995,0.08333333333333337,0.19999999999999996,3,1,0,0,0,0
2024,4,Elite Eight,Alabama,Clemson,4,6,2,4.490000000000002,1.7600000000000016,7.699999999999989,-2.4499999999999886,6.1000000000000085,0.02399999999999991,-0.5999999999999996,7.800000000000001,0.045999999999999985,0.009009009009009028,0.17222222222222217,2,0,0,0,0,1
2024,4,Elite Eight,Clemson,Alabama,6,4,-2,-4.490000000000002,-1.7600000000000016,-7.699999999999989,2.4499999999999886,-6.1000000000000085,-0.02399999999999991,0.5999999999999996,-7.800000000000001,-0.045999999999999985,-0.009009009009009028,-0.17222222222222217,-2,0,0,0,0,0
2024,6,Championship,UConn,Purdue,1,1,0,1.7699999999999996,-2.9000000000000004,3.799999999999997,2.260000000000005,-2.299999999999997,0.010999999999999899,1.6999999999999993,-1.0,-0.09399999999999997,0.05320512820512824,0.050000000000000044,4,1,1,1,0,1
2024,6,Championship,Purdue,UConn,1,1,0,-1.7699999999999996,2.9000000000000004,-3.799999999999997,-2.260000000000005,2.299999999999997,-0.010999999999999899,-1.6999999999999993,1.0,0.09399999999999997,-0.05320512820512824,-0.050000000000000044,-4,1,1,0,1,0
2025,1,First Round,Duke,Mount St. Mary's,1,16,15,38.629999999999995,16.740000000000002,23.299999999999997,22.440000000000012,-1.4000000000000057,0.06699999999999995,6.799999999999999,3.1000000000000014,0.018000000000000016,0.2585470085470086,0.35,5,1,0,1,1,1
2025,1,First Round,Mount St. Mary's,Duke,16,1,-15,-38.629999999999995,-16.740000000000002,-23.299999999999997,-22.440000000000012,1.4000000000000057,-0.06699999999999995,-6.799999999999999,-3.1000000000000014,-0.018000000000000016,-0.2585470085470086,-0.35,-5,0,1,1,1,0
2025,1,First Round,Baylor,Mississippi St.,9,8,-1,1.629999999999999,2.0700000000000003,0.5999999999999943,-0.9899999999999949,-3.799999999999997,-0.0050000000000000044,-0.5999999999999996,2.700000000000003,-0.014000000000000012,-0.04621848739495804,0.05555555555555558,2,0,0,0,0,1
2025,1,First Round,Mississippi St.,Baylor,8,9,1,-1.629999999999999,-2.0700000000000003,-0.5999999999999943,0.9899999999999949,3.799999999999997,0.0050000000000000044,0.5999999999999996,-2.700000000000003,0.014000000000000012,0.04621848739495804,-0.05555555555555558,-2,0,0,0,0,0
2025,1,First Round,Oregon,Liberty,5,12,7,10.58,13.31,-2.5,6.589999999999989,1.6000000000000085,-0.05799999999999994,-0.5,9.8,0.04200000000000004,-0.08571428571428574,-0.12222222222222223,-1,0,1,0,1,1
2025,1,First Round,Liberty,Oregon,12,5,-7,-10.58,-13.31,2.5,-6.589999999999989,-1.6000000000000085,0.05799999999999994,0.5,-9.8,-0.04200000000000004,0.08571428571428574,0.12222222222222223,1,1,0,1,0,0
2025,1,First Round,Arizona,Akron,4,13,9,19.720000000000002,17.47,0.8999999999999915,14.299999999999997,-2.0999999999999943,-0.019000000000000017,0.3000000000000007,3.299999999999997,0.09699999999999998,-0.15135135135135136,-0.24444444444444446,2,0,1,0,1,1
2025,1,First Round,Akron,Arizona,13,4,-9,-19.720000000000002,-17.47,-0.8999999999999915,-14.299999999999997,2.0999999999999943,0.019000000000000017,-0.3000000000000007,-3.299999999999997,-0.09699999999999998,0.15135135135135136,0.24444444444444446,-2,1,0,1,0,0
2025,1,First Round,BYU,VCU,6,11,5,4.620000000000001,8.91,2.5,-3.3900000000000006,1.5,0.04399999999999993,-0.8000000000000007,-3.1999999999999957,-0.017000000000000015,-0.07777777777777783,-0.13333333333333341,0,0,1,0,1,1
2025,1,First Round,VCU,BYU,11,6,-5,-4.620000000000001,-8.91,-2.5,3.3900000000000006,-1.5,-0.04399999999999993,0.8000000000000007,3.1999999999999957,0.017000000000000015,0.07777777777777783,0.13333333333333341,0,1,0,1,0,0
2025,1,First Round,Wisconsin,Montana,3,14,11,22.18,13.09,4.0,16.94999999999999,0.7000000000000028,-0.026999999999999913,2.0999999999999996,4.300000000000001,-0.006999999999999951,0.015444015444015413,-0.18333333333333335,1,0,1,0,1,1
2025,1,First Round,Montana,Wisconsin,14,3,-11,-22.18,-13.09,-4.0,-16.94999999999999,-0.7000000000000028,0.026999999999999913,-2.0999999999999996,-4.300000000000001,0.006999999999999951,-0.015444015444015413,0.18333333333333335,-1,1,0,1,0,0
2025,1,First Round,Saint Mary's,Vanderbilt,7,10,3,2.7699999999999996,-3.5900000000000007,1.0,8.459999999999994,-6.099999999999994,-0.01100000000000001,0.09999999999999964,8.199999999999996,-0.025000000000000022,0.22251082251082255,0.5,-1,1,0,0,0,1
2025,1,First Round,Vanderbilt,Saint Mary's,10,7,-3,-2.7699999999999996,3.5900000000000007,-1.0,-8.459999999999994,6.099999999999994,0.01100000000000001,-0.09999999999999964,-8.199999999999996,0.025000000000000022,-0.22251082251082255,-0.5,1,0,1,0,0,0
2025,1,First Round,Alabama,Robert Morris,2,15,13,25.14,21.060000000000002,8.700000000000003,12.0,7.200000000000003,0.052999999999999936,1.299999999999999,-1.7999999999999972,0.018000000000000016,0.013899613899613916,-0.02777777777777779,3,0,1,0,1,1
2025,1,First Round,Robert Morris,Alabama,15,2,-13,-25.14,-21.060000000000002,-8.700000000000003,-12.0,-7.200000000000003,-0.052999999999999936,-1.299999999999999,1.7999999999999972,-0.018000000000000016,-0.013899613899613916,0.02777777777777779,-3,1,0,1,0,0
2025,2,Second Round,Duke,Baylor,1,9,8,11.95,-3.5999999999999996,11.400000000000006,10.510000000000005,0.7999999999999972,0.06499999999999995,1.4000000000000004,-2.6000000000000014,0.028000000000000025,0.32600732600732607,0.44999999999999996,3,1,0,1,0,1
2025,2,Second Round,Baylor,Duke,9,1,-8,-11.95,3.5999999999999996,-11.400000000000006,-10.510000000000005,-0.7999999999999972,-0.06499999999999995,-1.4000000000000004,2.6000000000000014,-0.028000000000000025,-0.32600732600732607,-0.44999999999999996,-3,0,1,0,1,0
2025,2,Second Round,Arizona,Oregon,4,5,1,4.940000000000001,1.4000000000000004,6.099999999999994,0.39000000000000057,1.7000000000000028,0.008000000000000007,0.5,5.5,0.02799999999999997,-0.06563706563706562,0.09999999999999998,2,0,0,0,0,1
2025,2,Second Round,Oregon,Arizona,5,4,-1,-4.940000000000001,-1.4000000000000004,-6.099999999999994,-0.39000000000000057,-1.7000000000000028,-0.008000000000000007,-0.5,-5.5,-0.02799999999999997,0.06563706563706562,-0.09999999999999998,-2,0,0,0,0,0
2025,2,Second Round,BYU,Wisconsin,6,3,-3,-1.6600000000000001,-1.2799999999999994,1.2999999999999972,-3.6299999999999955,-0.6000000000000085,0.03199999999999992,-2.5999999999999996,5.700000000000003,-0.038000000000000034,-0.007507507507507505,0.04999999999999993,0,0,0,0,0,1
2025,2,Second Round,Wisconsin,BYU,3,6,3,1.6600000000000001,1.2799999999999994,-1.2999999999999972,3.6299999999999955,0.6000000000000085,-0.03199999999999992,2.5999999999999996,-5.700000000000003,0.038000000000000034,0.007507507507507505,-0.04999999999999993,0,0,0,0,0,0
2025,2,Second Round,Alabama,Saint Mary's,2,7,5,8.11,9.68,4.900000000000006,-2.6899999999999977,12.299999999999997,0.061999999999999944,-1.9000000000000004,-6.099999999999994,0.08400000000000002,-0.07181467181467183,-0.2222222222222222,3,0,1,0,0,1
2025,2,Second Round,Saint Mary's,Alabama,7,2,-5,-8.11,-9.68,-4.900000000000006,2.6899999999999977,-12.299999999999997,-0.061999999999999944,1.9000000000000004,6.099999999999994,-0.08400000000000002,0.07181467181467183,0.2222222222222222,-3,1,0,0,0,0
2025,3,Sweet Sixteen,Duke,Arizona,1,4,3,7.779999999999998,-3.460000000000001,8.700000000000003,6.050000000000011,-3.8000000000000114,0.04599999999999993,1.5999999999999996,-2.0,-0.02899999999999997,0.24878724878724878,0.25,3,1,0,1,0,1
2025,3,Sweet Sixteen,Arizona,Duke,4,1,-3,-7.779999999999998,3.460000000000001,-8.700000000000003,-6.050000000000011,3.8000000000000114,-0.04599999999999993,-1.5999999999999996,2.0,0.02899999999999997,-0.24878724878724878,-0.25,-3,0,1,0,1,0
2025,3,Sweet Sixteen,Alabama,BYU,2,6,4,6.469999999999999,5.93,0.9000000000000057,4.780000000000001,7.900000000000006,-0.0040000000000000036,0.5999999999999996,0.0,0.08900000000000002,0.03453453453453459,0.022222222222222254,2,0,0,0,0,1
2025,3,Sweet Sixteen,BYU,Alabama,6,2,-4,-6.469999999999999,-5.93,-0.9000000000000057,-4.780000000000001,-7.900000000000006,0.0040000000000000036,-0.5999999999999996,0.0,-0.08900000000000002,-0.03453453453453459,-0.022222222222222254,-2,0,0,0,0,0
2025,4,Elite Eight,Duke,Alabama,1,2,1,5.18,-5.880000000000001,6.5,6.180000000000007,-9.400000000000006,0.013000000000000012,2.200000000000001,0.29999999999999716,-0.064,0.14067914067914067,0.22777777777777775,2,1,0,1,0,1
2025,4,Elite Eight,Alabama,Duke,2,1,-1,-5.18,5.880000000000001,-6.5,-6.180000000000007,9.400000000000006,-0.013000000000000012,-2.200000000000001,-0.29999999999999716,0.064,-0.14067914067914067,-0.22777777777777775,-2,0,1,0,1,0
2025,1,First Round,Gonzaga,Georgia,8,9,1,7.390000000000001,-3.67,11.700000000000003,1.3100000000000023,1.8000000000000114,0.039000000000000035,4.500000000000002,-3.5,-0.09400000000000003,0.1367965367965368,0.33333333333333337,0,0,0,1,0,1
2025,1,First Round,Georgia,Gonzaga,9,8,-1,-7.390000000000001,3.67,-11.700000000000003,-1.3100000000000023,-1.8000000000000114,-0.039000000000000035,-4.500000000000002,3.5,0.09400000000000003,-0.1367965367965368,-0.33333333333333337,0,0,0,0,1,0
2025,1,First Round,McNeese,Clemson,12,5,-7,-8.669999999999998,-8.56,0.8999999999999915,-6.760000000000005,1.4000000000000057,0.008000000000000007,-0.3000000000000007,1.1999999999999957,0.066,0.005882352941176561,0.04999999999999993,0,1,0,1,0,1
2025,1,First Round,Clemson,McNeese,5,12,7,8.669999999999998,8.56,-0.8999999999999915,6.760000000000005,-1.4000000000000057,-0.008000000000000007,0.3000000000000007,-1.1999999999999957,-0.066,-0.005882352941176561,-0.04999999999999993,0,0,1,0,1,0
2025,1,First Round,Purdue,High Point,4,13,9,15.5,19.1,-4.5,12.560000000000002,-0.8999999999999915,-0.004999999999999893,-0.5,-3.1999999999999993,-0.02100000000000002,-0.161904761904762,-0.22499999999999998,0,0,1,0,1,1
2025,1,First Round,High Point,Purdue,13,4,-9,-15.5,-19.1,4.5,-12.560000000000002,0.8999999999999915,0.004999999999999893,0.5,3.1999999999999993,0.02100000000000002,0.161904761904762,0.22499999999999998,0,1,0,1,0,0
2025,1,First Round,Illinois,Xavier,6,11,5,6.34,4.0699999999999985,3.0999999999999943,3.3400000000000034,2.8999999999999915,-0.017000000000000015,0.40000000000000036,11.399999999999999,-0.02300000000000002,-0.01848739495798324,-0.050000000000000044,2,0,0,0,0,1
2025,1,First Round,Xavier,Illinois,11,6,-5,-6.34,-4.0699999999999985,-3.0999999999999943,-3.3400000000000034,-2.8999999999999915,0.017000000000000015,-0.40000000000000036,-11.399999999999999,0.02300000000000002,0.01848739495798324,0.050000000000000044,-2,0,0,0,0,0
2025,1,First Round,Kentucky,Troy,3,14,11,17.71,16.14,7.799999999999997,4.86999999999999,4.700000000000003,0.05700000000000005,3.400000000000002,-10.8,-0.027000000000000024,-0.009803921568627527,-0.16666666666666663,2,0,1,0,1,1
2025,1,First Round,Troy,Kentucky,14,3,-11,-17.71,-16.14,-7.799999999999997,-4.86999999999999,-4.700000000000003,-0.05700000000000005,-3.400000000000002,10.8,0.027000000000000024,0.009803921568627527,0.16666666666666663,-2,1,0,1,0,0
2025,1,First Round,UCLA,Utah State,7,10,3,6.119999999999999,5.360000000000001,-6.799999999999997,10.710000000000008,-1.0,-0.03200000000000003,-0.09999999999999964,-2.1999999999999957,-0.045999999999999985,-0.08823529411764697,-0.09999999999999998,0,0,0,0,0,1
2025,1,First Round,Utah State,UCLA,10,7,-3,-6.119999999999999,-5.360000000000001,6.799999999999997,-10.710000000000008,1.0,0.03200000000000003,0.09999999999999964,2.1999999999999957,0.045999999999999985,0.08823529411764697,0.09999999999999998,0,0,0,0,0,0
2025,1,First Round,Tennessee,Wofford,2,15,13,24.33,15.59,-0.09999999999999432,24.669999999999987,-0.29999999999999716,-0.009000000000000008,0.20000000000000107,-1.2999999999999972,0.05199999999999999,0.2466165413533835,0.11111111111111105,2,0,0,0,1,1
2025,1,First Round,Wofford,Tennessee,15,2,-13,-24.33,-15.59,0.09999999999999432,-24.669999999999987,0.29999999999999716,0.009000000000000008,-0.20000000000000107,1.2999999999999972,-0.05199999999999999,-0.2466165413533835,-0.11111111111111105,-2,0,0,1,0,0
2025,2,Second Round,Houston,Gonzaga,1,8,7,4.699999999999999,6.18,-5.299999999999997,10.159999999999997,-8.000000000000007,-0.04300000000000004,-0.20000000000000107,4.399999999999999,-0.034999999999999976,0.13214285714285712,0.17222222222222217,0,1,0,1,1,1
2025,2,Second Round,Gonzaga,Houston,8,1,-7,-4.699999999999999,-6.18,5.299999999999997,-10.159999999999997,8.000000000000007,0.04300000000000004,0.20000000000000107,-4.399999999999999,0.034999999999999976,-0.13214285714285712,-0.17222222222222217,0,0,1,1,1,0
2025,2,Second Round,Purdue,McNeese,4,12,8,11.66,14.96,1.5,4.010000000000005,-0.20000000000000284,0.017000000000000015,0.20000000000000107,-3.099999999999998,-0.0030000000000000027,-0.13333333333333341,-0.29999999999999993,0,0,1,0,1,1
2025,2,Second Round,McNeese,Purdue,12,4,-8,-11.66,-14.96,-1.5,-4.010000000000005,0.20000000000000284,-0.017000000000000015,-0.20000000000000107,3.099999999999998,0.0030000000000000027,0.13333333333333341,0.29999999999999993,0,1,0,1,0,0
2025,2,Second Round,Kentucky,Illinois,3,6,3,-0.3299999999999983,1.25,1.7000000000000028,-2.3900000000000006,-0.09999999999999432,0.03500000000000003,0.40000000000000036,-7.599999999999998,0.008000000000000007,0.03809523809523807,-0.0444444444444444,0,0,0,0,0,1
2025,2,Second Round,Illinois,Kentucky,6,3,-3,0.3299999999999983,-1.25,-1.7000000000000028,2.3900000000000006,0.09999999999999432,-0.03500000000000003,-0.40000000000000036,7.599999999999998,-0.008000000000000007,-0.03809523809523807,0.0444444444444444,0,0,0,0,0,0
2025,2,Second Round,Tennessee,UCLA,2,7,5,4.52,2.539999999999999,2.0,5.1499999999999915,-1.2999999999999972,-0.0030000000000000027,0.0,2.8999999999999986,0.03199999999999997,0.11300309597523217,0.016666666666666607,2,0,0,0,0,1
2025,2,Second Round,UCLA,Tennessee,7,2,-5,-4.52,-2.539999999999999,-2.0,-5.1499999999999915,1.2999999999999972,0.0030000000000000027,0.0,-2.8999999999999986,-0.03199999999999997,-0.11300309597523217,-0.016666666666666607,-2,0,0,0,0,0
2025,3,Sweet Sixteen,Houston,Purdue,1,4,3,7.649999999999999,-0.46000000000000085,-0.5999999999999943,13.829999999999998,-3.8000000000000043,-0.04200000000000004,1.8999999999999986,5.099999999999998,-0.07399999999999995,0.20833333333333337,0.29999999999999993,1,1,0,1,0,1
2025,3,Sweet Sixteen,Purdue,Houston,4,1,-3,-7.649999999999999,0.46000000000000085,0.5999999999999943,-13.829999999999998,3.8000000000000043,0.04200000000000004,-1.8999999999999986,-5.099999999999998,0.07399999999999995,-0.20833333333333337,-0.29999999999999993,-1,0,1,0,1,0
2025,3,Sweet Sixteen,Tennessee,Kentucky,2,3,1,2.9399999999999977,-0.7899999999999991,-2.5,9.689999999999998,-7.299999999999997,-0.03400000000000003,-0.5,7.400000000000002,0.0030000000000000027,0.1228070175438597,0.11111111111111105,0,0,0,0,0,1
2025,3,Sweet Sixteen,Kentucky,Tennessee,3,2,-1,-2.9399999999999977,0.7899999999999991,2.5,-9.689999999999998,7.299999999999997,0.03400000000000003,0.5,-7.400000000000002,-0.0030000000000000027,-0.1228070175438597,-0.11111111111111105,0,0,0,0,0,0
2025,4,Elite Eight,Houston,Tennessee,1,2,1,4.25,0.1999999999999993,2.200000000000003,3.8100000000000023,-2.500000000000007,-0.008000000000000007,1.8999999999999986,1.2999999999999972,-0.08299999999999996,0.08552631578947367,0.2833333333333333,-1,1,0,1,0,1
2025,4,Elite Eight,Tennessee,Houston,2,1,-1,-4.25,-0.1999999999999993,-2.200000000000003,-3.8100000000000023,2.500000000000007,0.008000000000000007,-1.8999999999999986,-1.2999999999999972,0.08299999999999996,-0.08552631578947367,-0.2833333333333333,1,0,1,0,1,0
2025,1,First Round,Auburn,Alabama State,1,16,15,37.67,23.32,14.899999999999991,22.409999999999997,-0.29999999999999716,0.07400000000000007,-0.5999999999999996,5.5000000000000036,0.049000000000000044,0.2865497076023391,0.16666666666666674,4,1,0,0,1,1
2025,1,First Round,Alabama State,Auburn,16,1,-15,-37.67,-23.32,-14.899999999999991,-22.409999999999997,0.29999999999999716,-0.07400000000000007,0.5999999999999996,-5.5000000000000036,-0.049000000000000044,-0.2865497076023391,-0.16666666666666674,-4,0,1,1,0,0
2025,1,First Round,Creighton,Louisville,9,8,-1,-2.0,1.549999999999999,-2.5999999999999943,-2.450000000000003,-1.2999999999999972,0.029000000000000026,-2.0,-5.5,-0.051000000000000045,-0.07698412698412704,-0.15000000000000002,0,0,0,0,0,1
2025,1,First Round,Louisville,Creighton,8,9,1,2.0,-1.549999999999999,2.5999999999999943,2.450000000000003,1.2999999999999972,-0.029000000000000026,2.0,5.5,0.051000000000000045,0.07698412698412704,0.15000000000000002,0,0,0,0,0,0
2025,1,First Round,Michigan,UC San Diego,5,12,7,7.58,15.61,-8.200000000000003,5.549999999999997,3.299999999999997,-0.017000000000000015,-5.6,6.5000000000000036,0.034999999999999976,-0.12741312741312738,-0.20000000000000007,2,0,1,1,1,1
2025,1,First Round,UC San Diego,Michigan,12,5,-7,-7.58,-15.61,8.200000000000003,-5.549999999999997,-3.299999999999997,0.017000000000000015,5.6,-6.5000000000000036,-0.034999999999999976,0.12741312741312738,0.20000000000000007,-2,1,0,1,1,0
2025,1,First Round,Texas A&M,Yale,4,13,9,12.64,16.490000000000002,-8.700000000000003,14.14,-1.2000000000000028,-0.07600000000000007,-1.8000000000000007,8.399999999999999,0.09999999999999998,-0.056862745098039125,-0.31746031746031744,-1,0,1,0,1,1
2025,1,First Round,Yale,Texas A&M,13,4,-9,-12.64,-16.490000000000002,8.700000000000003,-14.14,1.2000000000000028,0.07600000000000007,1.8000000000000007,-8.399999999999999,-0.09999999999999998,0.056862745098039125,0.31746031746031744,1,1,0,1,0,0
2025,1,First Round,Ole Miss,UNC,6,11,5,1.0100000000000016,1.58,-2.6000000000000085,2.9200000000000017,-1.5,-0.027000000000000024,1.9000000000000004,-3.6000000000000014,0.0050000000000000044,0.04504504504504503,-0.09444444444444444,0,0,0,0,0,1
2025,1,First Round,UNC,Ole Miss,11,6,-5,-1.0100000000000016,-1.58,2.6000000000000085,-2.9200000000000017,1.5,0.027000000000000024,-1.9000000000000004,3.6000000000000014,-0.0050000000000000044,-0.04504504504504503,0.09444444444444444,0,0,0,0,0,0
2025,1,First Round,Iowa State,Lipscomb,3,14,11,17.939999999999998,14.76,-1.1000000000000085,14.239999999999995,1.4000000000000057,-0.006000000000000005,-2.0999999999999996,6.800000000000004,0.07400000000000001,0.0,-0.12777777777777777,2,0,1,0,1,1
2025,1,First Round,Lipscomb,Iowa State,14,3,-11,-17.939999999999998,-14.76,1.1000000000000085,-14.239999999999995,-1.4000000000000057,0.006000000000000005,2.0999999999999996,-6.800000000000004,-0.07400000000000001,0.0,0.12777777777777777,-2,1,0,1,0,0
2025,1,First Round,New Mexico,Marquette,10,7,-3,-2.990000000000002,-3.8499999999999996,-1.6999999999999886,0.37000000000000455,4.700000000000003,-0.0050000000000000044,-1.5999999999999996,1.6999999999999993,0.10799999999999998,0.0949579831932773,0.19999999999999996,-1,1,0,0,0,1
2025,1,First Round,Marquette,New Mexico,7,10,3,2.990000000000002,3.8499999999999996,1.6999999999999886,-0.37000000000000455,-4.700000000000003,0.0050000000000000044,1.5999999999999996,-1.6999999999999993,-0.10799999999999998,-0.0949579831932773,-0.19999999999999996,1,0,1,0,0,0
2025,1,First Round,Michigan State,Bryant,2,15,13,24.419999999999998,18.82,1.2999999999999972,17.769999999999996,-4.400000000000006,-0.007000000000000006,-0.3000000000000007,0.7999999999999972,0.08400000000000002,0.15366795366795372,-0.025000000000000022,1,1,1,0,1,1
2025,1,First Round,Bryant,Michigan State,15,2,-13,-24.419999999999998,-18.82,-1.2999999999999972,-17.769999999999996,4.400000000000006,0.007000000000000006,0.3000000000000007,-0.7999999999999972,-0.08400000000000002,-0.15366795366795372,0.025000000000000022,-1,1,1,1,0,0
2025,2,Second Round,Auburn,Creighton,1,9,8,12.190000000000001,4.090000000000002,8.899999999999991,6.969999999999999,1.5,-0.01200000000000001,4.300000000000001,7.800000000000004,0.05300000000000005,0.14766081871345027,0.08333333333333337,3,1,0,0,0,1
2025,2,Second Round,Creighton,Auburn,9,1,-8,-12.190000000000001,-4.090000000000002,-8.899999999999991,-6.969999999999999,-1.5,0.01200000000000001,-4.300000000000001,-7.800000000000004,-0.05300000000000005,-0.14766081871345027,-0.08333333333333337,-3,0,1,0,0,0
2025,2,Second Round,Michigan,Texas A&M,5,4,-1,0.9100000000000001,0.29999999999999893,0.29999999999999716,-0.030000000000001137,2.9000000000000057,0.062000000000000055,-2.5999999999999996,-8.199999999999996,-0.055999999999999994,0.05325914149443556,0.0888888888888888,1,0,0,1,0,1
2025,2,Second Round,Texas A&M,Michigan,4,5,1,-0.9100000000000001,-0.29999999999999893,-0.29999999999999716,0.030000000000001137,-2.9000000000000057,-0.062000000000000055,2.5999999999999996,8.199999999999996,0.055999999999999994,-0.05325914149443556,-0.0888888888888888,-1,0,0,0,1,0
2025,2,Second Round,Ole Miss,Iowa State,6,3,-3,-4.049999999999997,2.4700000000000006,-3.299999999999997,-3.6099999999999994,-0.20000000000000284,-0.03500000000000003,3.5,-6.700000000000003,-0.026000000000000023,-0.04761904761904767,-0.09444444444444444,-1,0,0,0,0,1
2025,2,Second Round,Iowa State,Ole Miss,3,6,3,4.049999999999997,-2.4700000000000006,3.299999999999997,3.6099999999999994,0.20000000000000284,0.03500000000000003,-3.5,6.700000000000003,0.026000000000000023,0.04761904761904767,0.09444444444444444,1,0,0,0,0,0
2025,2,Second Round,Michigan State,New Mexico,2,10,8,7.23,5.370000000000001,2.3999999999999915,4.089999999999989,-3.799999999999997,-0.006000000000000005,-0.5999999999999996,3.599999999999998,0.010000000000000009,0.03938223938223939,0.0,1,1,1,0,0,1
2025,2,Second Round,New Mexico,Michigan State,10,2,-8,-7.23,-5.370000000000001,-2.3999999999999915,-4.089999999999989,3.799999999999997,0.006000000000000005,0.5999999999999996,-3.599999999999998,-0.010000000000000009,-0.03938223938223939,0.0,-1,1,1,0,0,0
2025,3,Sweet Sixteen,Auburn,Michigan,1,5,4,8.469999999999999,1.4400000000000013,10.099999999999994,1.210000000000008,-1.5,0.01100000000000001,5.300000000000001,1.0,-0.01799999999999996,0.11237553342816498,0.13333333333333341,2,1,0,0,1,1
2025,3,Sweet Sixteen,Michigan,Auburn,5,1,-4,-8.469999999999999,-1.4400000000000013,-10.099999999999994,-1.210000000000008,1.5,-0.01100000000000001,-5.300000000000001,-1.0,0.01799999999999996,-0.11237553342816498,-0.13333333333333341,-2,0,1,1,0,0
2025,3,Sweet Sixteen,Michigan State,Ole Miss,2,6,4,4.149999999999999,-0.9100000000000001,1.5,4.519999999999996,-0.20000000000000284,-0.0050000000000000044,-2.5999999999999996,9.799999999999997,0.02400000000000002,0.14414414414414423,0.2944444444444444,0,1,0,0,0,1
2025,3,Sweet Sixteen,Ole Miss,Michigan State,6,2,-4,-4.149999999999999,0.9100000000000001,-1.5,-4.519999999999996,0.20000000000000284,0.0050000000000000044,2.5999999999999996,-9.799999999999997,-0.02400000000000002,-0.14414414414414423,-0.2944444444444444,0,0,1,0,0,0
2025,4,Elite Eight,Auburn,Michigan State,1,2,1,6.25,3.24,7.299999999999997,-0.03999999999999204,0.20000000000000284,0.040000000000000036,2.3000000000000007,-1.0999999999999943,-0.03799999999999998,0.031294452347083834,-0.016666666666666607,3,1,1,0,0,1
2025,4,Elite Eight,Michigan State,Auburn,2,1,-1,-6.25,-3.24,-7.299999999999997,0.03999999999999204,-0.20000000000000284,-0.040000000000000036,-2.3000000000000007,1.0999999999999943,0.03799999999999998,-0.031294452347083834,0.016666666666666607,-3,1,1,0,0,0
2025,1,First Round,Florida,Norfolk State,1,16,15,31.5,19.25,7.8999999999999915,21.25,2.3999999999999915,0.014000000000000012,2.4000000000000004,5.600000000000001,-0.03400000000000003,0.2142857142857143,-0.007936507936507908,3,0,1,1,1,1
2025,1,First Round,Norfolk State,Florida,16,1,-15,-31.5,-19.25,-7.8999999999999915,-21.25,-2.3999999999999915,-0.014000000000000012,-2.4000000000000004,-5.600000000000001,0.03400000000000003,-0.2142857142857143,0.007936507936507908,-3,1,0,1,1,0
2025,1,First Round,UConn,Oklahoma,8,9,1,3.0100000000000016,-2.3500000000000014,5.599999999999994,1.2800000000000011,-5.300000000000011,0.006000000000000005,0.9000000000000004,8.899999999999999,-0.09100000000000003,0.09747899159663864,0.36666666666666664,0,0,0,0,0,1
2025,1,First Round,Oklahoma,UConn,9,8,-1,-3.0100000000000016,2.3500000000000014,-5.599999999999994,-1.2800000000000011,5.300000000000011,-0.006000000000000005,-0.9000000000000004,-8.899999999999999,0.09100000000000003,-0.09747899159663864,-0.36666666666666664,0,0,0,0,0,0
2025,1,First Round,Colorado State,Memphis,12,5,-7,1.7899999999999991,0.3899999999999997,1.2999999999999972,0.10999999999999943,-4.900000000000006,0.020000000000000018,1.1999999999999993,-8.299999999999997,-0.07700000000000001,-0.10634920634920642,-0.0888888888888888,0,0,1,1,1,1
2025,1,First Round,Memphis,Colorado State,5,12,7,-1.7899999999999991,-0.3899999999999997,-1.2999999999999972,-0.10999999999999943,4.900000000000006,-0.020000000000000018,-1.1999999999999993,8.299999999999997,0.07700000000000001,0.10634920634920642,0.0888888888888888,0,1,0,1,1,0
2025,1,First Round,Maryland,Grand Canyon,4,13,9,18.36,12.04,7.299999999999997,11.810000000000002,-2.0999999999999943,0.027000000000000024,3.299999999999999,-1.9000000000000021,-0.10799999999999998,-0.014705882352941124,-0.11250000000000004,2,0,0,0,1,1
2025,1,First Round,Grand Canyon,Maryland,13,4,-9,-18.36,-12.04,-7.299999999999997,-11.810000000000002,2.0999999999999943,-0.027000000000000024,-3.299999999999999,1.9000000000000021,0.10799999999999998,0.014705882352941124,0.11250000000000004,-2,0,0,1,0,0
2025,1,First Round,Drake,Missouri,11,6,-5,-9.889999999999999,-8.22,-5.400000000000006,-0.23999999999999488,-9.599999999999994,-0.01100000000000001,-2.0999999999999996,2.0,-0.04799999999999999,0.23865546218487388,0.2944444444444444,0,1,0,1,0,1
2025,1,First Round,Missouri,Drake,6,11,5,9.889999999999999,8.22,5.400000000000006,0.23999999999999488,9.599999999999994,0.01100000000000001,2.0999999999999996,-2.0,0.04799999999999999,-0.23865546218487388,-0.2944444444444444,0,0,1,0,1,0
2025,1,First Round,Texas Tech,UNC Wilmington,3,14,11,20.69,14.57,3.299999999999997,13.36,-0.9000000000000057,0.016000000000000014,1.5999999999999996,-2.299999999999997,-0.07800000000000001,-0.014671814671814665,-0.02777777777777779,0,0,0,0,1,1
2025,1,First Round,UNC Wilmington,Texas Tech,14,3,-11,-20.69,-14.57,-3.299999999999997,-13.36,0.9000000000000057,-0.016000000000000014,-1.5999999999999996,2.299999999999997,0.07800000000000001,0.014671814671814665,0.02777777777777779,0,0,0,1,0,0
2025,1,First Round,Arkansas,Kansas,10,7,-3,-3.0,-1.8600000000000012,-0.20000000000000284,-2.7900000000000063,1.0999999999999943,-0.009000000000000008,0.3999999999999986,-2.3999999999999986,0.11199999999999999,-0.006535947712418277,-0.10555555555555562,0,0,0,0,0,1
2025,1,First Round,Kansas,Arkansas,7,10,3,3.0,1.8600000000000012,0.20000000000000284,2.7900000000000063,-1.0999999999999943,0.009000000000000008,-0.3999999999999986,2.3999999999999986,-0.11199999999999999,0.006535947712418277,0.10555555555555562,0,0,0,0,0,0
2025,1,First Round,St. John's,Omaha,2,15,13,22.86,10.99,-1.7000000000000028,25.39,1.0,-0.03700000000000003,1.0,8.2,-0.06,0.2325396825396826,0.08750000000000002,1,1,1,1,1,1
2025,1,First Round,Omaha,St. John's,15,2,-13,-22.86,-10.99,1.7000000000000028,-25.39,-1.0,0.03700000000000003,-1.0,-8.2,0.06,-0.2325396825396826,-0.08750000000000002,-1,1,1,1,1,0
2025,2,Second Round,Florida,UConn,1,8,7,9.91,3.7300000000000004,2.5,8.0,6.0,-0.0010000000000000009,1.3000000000000007,3.0,0.04099999999999998,0.2142857142857143,0.07777777777777783,2,0,0,1,0,1
2025,2,Second Round,UConn,Florida,8,1,-7,-9.91,-3.7300000000000004,-2.5,-8.0,-6.0,0.0010000000000000009,-1.3000000000000007,-3.0,-0.04099999999999998,-0.2142857142857143,-0.07777777777777783,-2,0,0,0,1,0
2025,2,Second Round,Maryland,Colorado State,4,12,8,9.389999999999999,3.3600000000000003,2.5,8.36,4.1000000000000085,-0.019000000000000017,2.9000000000000004,3.6999999999999993,0.015000000000000013,0.02777777777777779,-0.10000000000000009,1,0,0,0,1,1
2025,2,Second Round,Colorado State,Maryland,12,4,-8,-9.389999999999999,-3.3600000000000003,-2.5,-8.36,-4.1000000000000085,0.019000000000000017,-2.9000000000000004,-3.6999999999999993,-0.015000000000000013,-0.02777777777777779,0.10000000000000009,-1,0,0,1,0,0
2025,2,Second Round,Texas Tech,Drake,3,11,8,13.450000000000001,9.35,5.5,4.689999999999998,6.299999999999997,0.0,3.4000000000000004,-1.2999999999999972,-0.131,-0.12895752895752888,-0.09999999999999998,0,0,1,0,1,1
2025,2,Second Round,Drake,Texas Tech,11,3,-8,-13.450000000000001,-9.35,-5.5,-4.689999999999998,-6.299999999999997,0.0,-3.4000000000000004,1.2999999999999972,0.131,0.12895752895752888,0.09999999999999998,0,1,0,1,0,0
2025,2,Second Round,Arkansas,St. John's,10,2,-8,-4.16,3.139999999999999,-1.7999999999999972,-6.340000000000003,0.20000000000000284,0.030000000000000027,-1.700000000000001,-9.799999999999997,0.05299999999999999,-0.25,-0.4555555555555556,0,0,1,0,1,1
2025,2,Second Round,St. John's,Arkansas,2,10,8,4.16,-3.139999999999999,1.7999999999999972,6.340000000000003,-0.20000000000000284,-0.030000000000000027,1.700000000000001,9.799999999999997,-0.05299999999999999,0.25,0.4555555555555556,0,1,0,1,0,0
2025,3,Sweet Sixteen,Florida,Maryland,1,4,3,4.450000000000003,3.1899999999999995,5.299999999999997,-0.5799999999999983,0.19999999999998863,0.013000000000000012,-0.7999999999999989,7.800000000000001,0.01799999999999996,0.15000000000000002,0.07777777777777783,1,0,0,1,0,1
2025,3,Sweet Sixteen,Maryland,Florida,4,1,-3,-4.450000000000003,-3.1899999999999995,-5.299999999999997,0.5799999999999983,-0.19999999999998863,-0.013000000000000012,0.7999999999999989,-7.800000000000001,-0.01799999999999996,-0.15000000000000002,-0.07777777777777783,-1,0,0,0,1,0
2025,3,Sweet Sixteen,Texas Tech,Arkansas,3,10,7,5.960000000000001,-1.08,11.0,-1.8499999999999943,-3.799999999999997,0.025000000000000022,2.200000000000001,6.100000000000001,-0.064,0.14564564564564564,0.3055555555555556,-1,0,0,0,0,1
2025,3,Sweet Sixteen,Arkansas,Texas Tech,10,3,-7,-5.960000000000001,1.08,-11.0,1.8499999999999943,3.799999999999997,-0.025000000000000022,-2.200000000000001,-6.100000000000001,0.064,-0.14564564564564564,-0.3055555555555556,1,0,0,0,0,0
2025,4,Elite Eight,Florida,Texas Tech,1,3,2,4.73,1.9800000000000004,0.5999999999999943,4.269999999999996,4.099999999999994,0.0020000000000000018,-1.0999999999999996,4.299999999999997,0.056999999999999995,0.14324324324324322,0.02777777777777779,3,0,0,1,0,1
2025,4,Elite Eight,Texas Tech,Florida,3,1,-2,-4.73,-1.9800000000000004,-0.5999999999999943,-4.269999999999996,-4.099999999999994,-0.0020000000000000018,1.0999999999999996,-4.299999999999997,-0.056999999999999995,-0.14324324324324322,-0.02777777777777779,-3,0,0,0,1,0
2025,6,Championship,Florida,Houston,1,1,0,-0.6699999999999982,-0.8499999999999996,3.8999999999999915,-7.019999999999996,8.199999999999996,0.03200000000000003,-1.3999999999999986,1.6000000000000014,0.07699999999999996,0.025000000000000022,-0.17222222222222217,2,0,1,1,1,1
2025,6,Championship,Houston,Florida,1,1,0,0.6699999999999982,0.8499999999999996,-3.8999999999999915,7.019999999999996,-8.199999999999996,-0.03200000000000003,1.3999999999999986,-1.6000000000000014,-0.07699999999999996,-0.025000000000000022,0.17222222222222217,-2,1,0,1,1,0
