year,round,round_name,team_a,team_b,seed_a,seed_b,seed_diff,srs_diff,sos_diff,ortg_diff,drtg_diff,pace_diff,efg_pct_diff,tov_pct_diff,orb_pct_diff,ft_rate_diff,win_pct_diff,conf_win_pct_diff,prospect_diff,conf_champion_a,conf_champion_b,conf_tourn_champion_a,conf_tourn_champion_b,outcome
2014,1,First Round,Saint Joseph's,Georgia,9,8,-1,-3.539999999999999,-3.2300000000000004,6.299999999999997,-11.579999999999998,0.5999999999999943,0.019999999999999962,3.6999999999999993,-9.899999999999999,0.0,0.07196969696969702,0.1875,0,0,0,0,0,1
2014,1,First Round,Georgia,Saint Joseph's,8,9,1,3.539999999999999,3.2300000000000004,-6.299999999999997,11.579999999999998,-0.5999999999999943,-0.019999999999999962,-3.6999999999999993,9.899999999999999,0.0,-0.07196969696969702,-0.1875,0,0,0,0,0,0
2014,1,First Round,BYU,NC State,12,5,-7,-4.859999999999999,-3.790000000000001,-6.1000000000000085,4.690000000000005,0.3999999999999915,-0.015000000000000013,-3.1000000000000014,-4.900000000000006,0.09899999999999998,0.042424242424242475,0.09027777777777779,0,0,0,0,0,1
2014,1,First Round,NC State,BYU,5,12,7,4.859999999999999,3.790000000000001,6.1000000000000085,-4.690000000000005,-0.3999999999999915,0.015000000000000013,3.1000000000000014,4.900000000000006,-0.09899999999999998,-0.042424242424242475,-0.09027777777777779,0,0,0,0,0,0
2014,1,First Round,Nebraska,Fresno State,4,13,9,16.25,8.33,6.300000000000011,2.270000000000003,0.5999999999999943,0.02400000000000002,2.5000000000000018,-1.3999999999999986,-0.0050000000000000044,0.12121212121212122,0.02777777777777779,1,0,0,1,1,1
2014,1,First Round,Fresno State,Nebraska,13,4,-9,-16.25,-8.33,-6.300000000000011,-2.270000000000003,-0.5999999999999943,-0.02400000000000002,-2.5000000000000018,1.3999999999999986,0.0050000000000000044,-0.12121212121212122,-0.02777777777777779,-1,0,0,1,1,0
2014,1,First Round,James Madison,Gonzaga,11,6,-5,-3.719999999999999,-4.1,-3.3999999999999915,-4.649999999999999,2.4000000000000057,0.0040000000000000036,-2.099999999999998,0.10000000000000142,0.04300000000000004,-0.024369747899159577,0.04861111111111116,1,1,1,1,1,1
2014,1,First Round,Gonzaga,James Madison,6,11,5,3.719999999999999,4.1,3.3999999999999915,4.649999999999999,-2.4000000000000057,-0.0040000000000000036,2.099999999999998,-0.10000000000000142,-0.04300000000000004,0.024369747899159577,-0.04861111111111116,-1,1,1,1,1,0
2014,1,First Round,Texas A&M,North Dakota,3,14,11,20.76,14.05,-0.7000000000000028,8.719999999999999,1.7000000000000028,0.020999999999999963,3.6999999999999993,-4.899999999999999,-0.14099999999999996,0.0625,0.0625,2,0,1,0,1,1
2014,1,First Round,North Dakota,Texas A&M,14,3,-11,-20.76,-14.05,0.7000000000000028,-8.719999999999999,-1.7000000000000028,-0.020999999999999963,-3.6999999999999993,4.899999999999999,0.14099999999999996,-0.0625,-0.0625,-2,1,0,1,0,0
2014,1,First Round,DePaul,Oklahoma,7,10,3,-2.9599999999999973,-6.3100000000000005,6.0,-7.740000000000002,2.200000000000003,0.02300000000000002,2.5000000000000018,2.400000000000002,-0.07700000000000001,0.26010101010101017,0.33333333333333337,2,1,0,1,0,1
2014,1,First Round,Oklahoma,DePaul,10,7,-3,2.9599999999999973,6.3100000000000005,-6.0,7.740000000000002,-2.200000000000003,-0.02300000000000002,-2.5000000000000018,-2.400000000000002,0.07700000000000001,-0.26010101010101017,-0.33333333333333337,-2,0,1,0,1,0
2014,1,First Round,Duke,Winthrop,2,15,13,32.42,24.2,12.099999999999994,11.780000000000001,3.0,0.09600000000000003,-2.8000000000000007,5.799999999999997,0.020000000000000018,0.07272727272727275,0.0,4,0,0,0,1,1
2014,1,First Round,Winthrop,Duke,15,2,-13,-32.42,-24.2,-12.099999999999994,-11.780000000000001,-3.0,-0.09600000000000003,2.8000000000000007,-5.799999999999997,-0.020000000000000018,-0.07272727272727275,0.0,-4,0,0,1,0,0
2014,2,Second Round,UConn,Saint Joseph's,1,9,8,33.790000000000006,6.57,16.700000000000003,25.62,-0.6999999999999886,0.08700000000000008,0.6000000000000014,9.0,-0.02799999999999997,0.303030303030303,0.375,7,1,0,1,0,1
2014,2,Second Round,Saint Joseph's,UConn,9,1,-8,-33.790000000000006,-6.57,-16.700000000000003,-25.62,0.6999999999999886,-0.08700000000000008,-0.6000000000000014,-9.0,0.02799999999999997,-0.303030303030303,-0.375,-7,0,1,0,1,0
2014,2,Second Round,BYU,Nebraska,12,4,-8,-6.810000000000002,-2.370000000000001,-4.300000000000011,-0.3999999999999986,-1.2000000000000028,-0.0050000000000000044,-4.200000000000001,3.6999999999999957,0.09499999999999997,0.0121212121212122,0.02777777777777779,1,0,0,0,1,1
2014,2,Second Round,Nebraska,BYU,4,12,8,6.810000000000002,2.370000000000001,4.300000000000011,0.3999999999999986,1.2000000000000028,0.0050000000000000044,4.200000000000001,-3.6999999999999957,-0.09499999999999997,-0.0121212121212122,-0.02777777777777779,-1,0,0,1,0,0
2014,2,Second Round,Texas A&M,James Madison,3,11,8,4.18,12.18,-5.900000000000006,4.100000000000001,-0.29999999999999716,-0.006000000000000005,-0.7000000000000028,-6.0,-0.0030000000000000027,-0.07857142857142863,-0.125,0,0,1,0,1,1
2014,2,Second Round,James Madison,Texas A&M,11,3,-8,-4.18,-12.18,5.900000000000006,-4.100000000000001,0.29999999999999716,0.006000000000000005,0.7000000000000028,6.0,0.0030000000000000027,0.07857142857142863,0.125,0,1,0,1,0,0
2014,2,Second Round,DePaul,Duke,7,2,-5,-14.209999999999997,-9.79,-0.7999999999999972,-13.530000000000001,4.099999999999994,-0.027000000000000024,3.700000000000001,-8.199999999999996,-0.02100000000000002,0.005555555555555536,0.08333333333333337,-2,1,0,1,0,1
2014,2,Second Round,Duke,DePaul,2,7,5,14.209999999999997,9.79,0.7999999999999972,13.530000000000001,-4.099999999999994,0.027000000000000024,-3.700000000000001,8.199999999999996,0.02100000000000002,-0.005555555555555536,-0.08333333333333337,2,0,1,0,1,0
2014,3,Sweet Sixteen,UConn,BYU,1,12,11,32.39,5.91,15.600000000000009,20.849999999999998,0.30000000000001137,0.07000000000000006,5.100000000000001,3.700000000000003,-0.15199999999999997,0.19999999999999996,0.2222222222222222,6,1,0,1,0,1
2014,3,Sweet Sixteen,BYU,UConn,12,1,-11,-32.39,-5.91,-15.600000000000009,-20.849999999999998,-0.30000000000001137,-0.07000000000000006,-5.100000000000001,-3.700000000000003,0.15199999999999997,-0.19999999999999996,-0.2222222222222222,-6,0,1,0,1,0
2014,3,Sweet Sixteen,Texas A&M,DePaul,3,7,4,4.789999999999999,5.74,-9.200000000000003,13.590000000000003,-6.3999999999999915,-0.04600000000000004,-2.0000000000000018,2.6999999999999957,0.018000000000000016,-0.05555555555555558,-0.02083333333333337,0,0,1,0,1,1
2014,3,Sweet Sixteen,DePaul,Texas A&M,7,3,-4,-4.789999999999999,-5.74,9.200000000000003,-13.590000000000003,6.3999999999999915,0.04600000000000004,2.0000000000000018,-2.6999999999999957,-0.018000000000000016,0.05555555555555558,0.02083333333333337,0,1,0,1,0,0
2014,4,Elite Eight,UConn,Texas A&M,1,3,2,22.790000000000003,-0.4900000000000002,18.900000000000006,12.16,-1.5,0.09200000000000008,3.400000000000002,0.10000000000000142,-0.07700000000000001,0.25,0.1875,6,1,0,1,0,1
2014,4,Elite Eight,Texas A&M,UConn,3,1,-2,-22.790000000000003,0.4900000000000002,-18.900000000000006,-12.16,1.5,-0.09200000000000008,-3.400000000000002,-0.10000000000000142,0.07700000000000001,-0.25,-0.1875,-6,0,1,0,1,0
2014,1,First Round,Tennessee,Northwestern State,1,16,15,34.47,19.75,3.0999999999999943,17.160000000000004,11.800000000000004,0.02400000000000002,-1.6999999999999993,12.599999999999998,0.025999999999999968,0.2109243697478992,0.20138888888888884,7,0,0,1,1,1
2014,1,First Round,Northwestern State,Tennessee,16,1,-15,-34.47,-19.75,-3.0999999999999943,-17.160000000000004,-11.800000000000004,-0.02400000000000002,1.6999999999999993,-12.599999999999998,-0.025999999999999968,-0.2109243697478992,-0.20138888888888884,-7,0,0,1,1,0
2014,1,First Round,St. John's,USC,8,9,1,-2.369999999999999,-3.950000000000001,1.8999999999999915,-1.8200000000000003,-2.9000000000000057,0.008000000000000007,-0.3000000000000007,0.8000000000000007,0.03200000000000003,0.0478991596638656,0.11111111111111105,0,0,0,0,1,1
2014,1,First Round,USC,St. John's,9,8,-1,2.369999999999999,3.950000000000001,-1.8999999999999915,1.8200000000000003,2.9000000000000057,-0.008000000000000007,0.3000000000000007,-0.8000000000000007,-0.03200000000000003,-0.0478991596638656,-0.11111111111111105,0,0,0,1,0,0
2014,1,First Round,Texas,Penn,5,12,7,17.07,15.74,2.799999999999997,10.420000000000002,2.200000000000003,0.02999999999999997,-3.8000000000000007,10.799999999999997,-0.04099999999999998,-0.11156186612576058,-0.24603174603174593,2,0,1,0,0,1
2014,1,First Round,Penn,Texas,12,5,-7,-17.07,-15.74,-2.799999999999997,-10.420000000000002,-2.200000000000003,-0.02999999999999997,3.8000000000000007,-10.799999999999997,0.04099999999999998,0.11156186612576058,0.24603174603174593,-2,1,0,0,0,0
2014,1,First Round,Maryland,Army,4,13,9,28.84,16.07,8.200000000000003,14.259999999999998,9.400000000000006,0.05400000000000005,-0.8000000000000007,5.200000000000003,-0.035999999999999976,0.042424242424242475,-0.02777777777777779,5,0,0,0,1,1
2014,1,First Round,Army,Maryland,13,4,-9,-28.84,-16.07,-8.200000000000003,-14.259999999999998,-9.400000000000006,-0.05400000000000005,0.8000000000000007,-5.200000000000003,0.035999999999999976,-0.042424242424242475,0.02777777777777779,-5,0,0,1,0,0
2014,1,First Round,Iowa,Marist,6,11,5,9.55,12.93,-1.5999999999999943,6.140000000000001,6.700000000000003,-0.02300000000000002,-0.40000000000000213,6.5,-0.066,-0.044117647058823484,-0.21250000000000002,1,0,1,0,1,1
2014,1,First Round,Marist,Iowa,11,6,-5,-9.55,-12.93,1.5999999999999943,-6.140000000000001,-6.700000000000003,0.02300000000000002,0.40000000000000213,-6.5,0.066,0.044117647058823484,0.21250000000000002,-1,1,0,1,0,0
2014,1,First Round,Louisville,Idaho,3,14,11,24.349999999999998,14.450000000000001,0.9000000000000057,10.979999999999997,4.599999999999994,0.030000000000000027,-2.799999999999999,6.899999999999999,0.055999999999999994,0.1331269349845201,-0.04861111111111116,3,0,1,0,1,1
2014,1,First Round,Idaho,Louisville,14,3,-11,-24.349999999999998,-14.450000000000001,-0.9000000000000057,-10.979999999999997,-4.599999999999994,-0.030000000000000027,2.799999999999999,-6.899999999999999,-0.055999999999999994,-0.1331269349845201,0.04861111111111116,-3,1,0,1,0,0
2014,1,First Round,LSU,Georgia Tech,7,10,3,-0.1999999999999993,2.83,-5.799999999999997,3.280000000000001,-5.0,-0.015000000000000013,-2.0,-2.3999999999999986,0.008999999999999952,-0.007352941176470562,-0.125,0,0,0,0,0,1
2014,1,First Round,Georgia Tech,LSU,10,7,-3,0.1999999999999993,-2.83,5.799999999999997,-3.280000000000001,5.0,0.015000000000000013,2.0,2.3999999999999986,-0.008999999999999952,0.007352941176470562,0.125,0,0,0,0,0,0
2014,1,First Round,West Virginia,Albany (NY),2,15,13,19.48,20.89,0.09999999999999432,13.990000000000002,1.9000000000000057,-0.02300000000000002,2.8999999999999986,-5.200000000000003,0.05099999999999999,0.008658008658008587,-0.04861111111111116,3,1,1,0,1,1
2014,1,First Round,Albany (NY),West Virginia,15,2,-13,-19.48,-20.89,-0.09999999999999432,-13.990000000000002,-1.9000000000000057,0.02300000000000002,-2.8999999999999986,5.200000000000003,-0.05099999999999999,-0.008658008658008587,0.04861111111111116,-3,1,1,1,0,0
2014,2,Second Round,Tennessee,St. John's,1,8,7,17.09,6.27,10.299999999999997,8.899999999999999,4.900000000000006,0.030999999999999972,0.3000000000000007,11.599999999999998,-0.03200000000000003,0.15210084033613447,0.09027777777777779,5,0,0,1,0,1
2014,2,Second Round,St. John's,Tennessee,8,1,-7,-17.09,-6.27,-10.299999999999997,-8.899999999999999,-4.900000000000006,-0.030999999999999972,-0.3000000000000007,-11.599999999999998,0.03200000000000003,-0.15210084033613447,-0.09027777777777779,-5,0,0,0,1,0
2014,2,Second Round,Maryland,Texas,4,5,1,7.620000000000001,-1.8800000000000008,15.0,-5.080000000000005,1.7000000000000028,0.04200000000000004,4.199999999999999,1.7000000000000028,-0.0050000000000000044,0.15294117647058825,0.13888888888888884,3,0,0,0,0,1
2014,2,Second Round,Texas,Maryland,5,4,-1,-7.620000000000001,1.8800000000000008,-15.0,5.080000000000005,-1.7000000000000028,-0.04200000000000004,-4.199999999999999,-1.7000000000000028,0.0050000000000000044,-0.15294117647058825,-0.13888888888888884,-3,0,0,0,0,0
2014,2,Second Round,Louisville,Iowa,3,6,3,11.989999999999998,1.2400000000000002,1.0,12.089999999999996,-0.29999999999999716,-0.007000000000000006,-0.5999999999999979,8.899999999999999,-0.006999999999999951,0.11842105263157898,0.20138888888888884,2,0,0,0,0,1
2014,2,Second Round,Iowa,Louisville,6,3,-3,-11.989999999999998,-1.2400000000000002,-1.0,-12.089999999999996,0.29999999999999716,0.007000000000000006,0.5999999999999979,-8.899999999999999,0.006999999999999951,-0.11842105263157898,-0.20138888888888884,-2,0,0,0,0,0
2014,2,Second Round,LSU,West Virginia,7,2,-5,-6.800000000000001,3.0600000000000005,-7.099999999999994,-4.049999999999997,1.7999999999999972,-0.02799999999999997,-2.599999999999998,2.4000000000000057,-0.09200000000000003,-0.23949579831932766,-0.45138888888888884,-2,0,1,0,0,1
2014,2,Second Round,West Virginia,LSU,2,7,5,6.800000000000001,-3.0600000000000005,7.099999999999994,4.049999999999997,-1.7999999999999972,0.02799999999999997,2.599999999999998,-2.4000000000000057,0.09200000000000003,0.23949579831932766,0.45138888888888884,2,1,0,0,0,0
2014,3,Sweet Sixteen,Maryland,Tennessee,4,1,-3,2.1900000000000013,-2.0199999999999996,7.1000000000000085,-4.3700000000000045,-1.2999999999999972,0.030000000000000027,1.3999999999999986,-1.7999999999999972,-0.034999999999999976,-0.02857142857142858,-0.0625,-2,0,0,0,1,1
2014,3,Sweet Sixteen,Tennessee,Maryland,1,4,3,-2.1900000000000013,2.0199999999999996,-7.1000000000000085,4.3700000000000045,1.2999999999999972,-0.030000000000000027,-1.3999999999999986,1.7999999999999972,0.034999999999999976,0.02857142857142858,0.0625,2,0,0,1,0,0
2014,3,Sweet Sixteen,Louisville,LSU,3,7,4,11.219999999999999,-3.4499999999999993,9.599999999999994,5.089999999999996,1.2000000000000028,0.059,1.8000000000000007,-2.200000000000003,-0.013999999999999957,0.25077399380804954,0.45138888888888884,2,0,0,0,0,1
2014,3,Sweet Sixteen,LSU,Louisville,7,3,-4,-11.219999999999999,3.4499999999999993,-9.599999999999994,-5.089999999999996,-1.2000000000000028,-0.059,-1.8000000000000007,2.200000000000003,0.013999999999999957,-0.25077399380804954,-0.45138888888888884,-2,0,0,0,0,0
2014,4,Elite Eight,Maryland,Louisville,4,3,-1,0.9700000000000024,1.3699999999999992,6.200000000000003,-4.450000000000003,-1.0999999999999943,0.014000000000000012,0.5999999999999979,4.600000000000001,-0.009000000000000008,-0.06842105263157894,-0.13888888888888884,2,0,0,0,0,1
2014,4,Elite Eight,Louisville,Maryland,3,4,1,-0.9700000000000024,-1.3699999999999992,-6.200000000000003,4.450000000000003,1.0999999999999943,-0.014000000000000012,-0.5999999999999979,-4.600000000000001,0.009000000000000008,0.06842105263157894,0.13888888888888884,-2,0,0,0,0,0
2014,1,First Round,Notre Dame,Robert Morris,1,16,15,44.33,23.81,16.900000000000006,27.75999999999999,5.1000000000000085,0.08400000000000002,2.099999999999998,2.5999999999999943,-0.0019999999999999463,0.33732057416267947,0.2222222222222222,4,1,1,1,1,1
2014,1,First Round,Robert Morris,Notre Dame,16,1,-15,-44.33,-23.81,-16.900000000000006,-27.75999999999999,-5.1000000000000085,-0.08400000000000002,-2.099999999999998,-2.5999999999999943,0.0019999999999999463,-0.33732057416267947,-0.2222222222222222,-4,1,1,1,1,0
2014,1,First Round,Arizona State,Vanderbilt,9,8,-1,0.19000000000000128,0.9399999999999995,-3.6000000000000085,4.230000000000004,0.4000000000000057,-0.04999999999999999,0.8000000000000007,4.5,0.033999999999999975,0.1163245356793744,0.17361111111111116,0,0,0,0,0,1
2014,1,First Round,Vanderbilt,Arizona State,8,9,1,-0.19000000000000128,-0.9399999999999995,3.6000000000000085,-4.230000000000004,-0.4000000000000057,0.04999999999999999,-0.8000000000000007,-4.5,-0.033999999999999975,-0.1163245356793744,-0.17361111111111116,0,0,0,0,0,0
2014,1,First Round,Oklahoma State,Florida Gulf Coast,5,12,7,14.349999999999998,14.99,-1.7999999999999972,9.75,2.200000000000003,-0.03899999999999998,-0.6999999999999993,9.199999999999996,0.0010000000000000009,-0.02941176470588225,-0.33333333333333326,1,0,1,0,1,1
2014,1,First Round,Florida Gulf Coast,Oklahoma State,12,5,-7,-14.349999999999998,-14.99,1.7999999999999972,-9.75,-2.200000000000003,0.03899999999999998,0.6999999999999993,-9.199999999999996,-0.0010000000000000009,0.02941176470588225,0.33333333333333326,-1,1,0,1,0,0
2014,1,First Round,Purdue,Akron,4,13,9,12.8,14.05,-7.700000000000003,14.07,-1.5,-0.02100000000000002,-2.0,-1.8999999999999986,-0.009999999999999953,0.012707722385141729,-0.09027777777777779,0,0,0,0,1,1
2014,1,First Round,Akron,Purdue,13,4,-9,-12.8,-14.05,7.700000000000003,-14.07,1.5,0.02100000000000002,2.0,1.8999999999999986,0.009999999999999953,-0.012707722385141729,0.09027777777777779,0,0,0,1,0,0
2014,1,First Round,Syracuse,Chattanooga,6,11,5,13.81,18.26,-2.5,8.299999999999997,5.3999999999999915,-0.04099999999999998,-0.3000000000000007,8.700000000000003,0.013000000000000012,-0.18181818181818177,-0.375,3,0,1,0,1,1
2014,1,First Round,Chattanooga,Syracuse,11,6,-5,-13.81,-18.26,2.5,-8.299999999999997,-5.3999999999999915,0.04099999999999998,0.3000000000000007,-8.700000000000003,-0.013000000000000012,0.18181818181818177,0.375,-3,1,0,1,0,0
2014,1,First Round,Kentucky,Wright State,3,14,11,21.91,15.08,-3.299999999999997,18.11,-0.5,0.008999999999999952,-3.3999999999999986,6.399999999999999,0.016000000000000014,0.0,-0.125,3,0,0,0,1,1
2014,1,First Round,Wright State,Kentucky,14,3,-11,-21.91,-15.08,3.299999999999997,-18.11,0.5,-0.008999999999999952,3.3999999999999986,-6.399999999999999,-0.016000000000000014,0.0,0.125,-3,0,0,1,0,0
2014,1,First Round,California,Fordham,7,10,3,5.210000000000001,12.01,-7.700000000000003,5.729999999999997,8.300000000000011,-0.07500000000000001,1.0,2.8000000000000007,0.122,-0.07007575757575757,0.03472222222222221,3,0,0,0,1,1
2014,1,First Round,Fordham,California,10,7,-3,-5.210000000000001,-12.01,7.700000000000003,-5.729999999999997,-8.300000000000011,0.07500000000000001,-1.0,-2.8000000000000007,-0.122,0.07007575757575757,-0.03472222222222221,-3,0,0,1,0,0
2014,1,First Round,Baylor,Western Kentucky,2,15,13,29.049999999999997,17.16,11.899999999999991,19.32,0.6000000000000085,0.0030000000000000027,3.4999999999999982,8.5,-0.0050000000000000044,0.13759213759213762,0.16666666666666663,4,1,0,1,1,1
2014,1,First Round,Western Kentucky,Baylor,15,2,-13,-29.049999999999997,-17.16,-11.899999999999991,-19.32,-0.6000000000000085,-0.0030000000000000027,-3.4999999999999982,-8.5,0.0050000000000000044,-0.13759213759213762,-0.16666666666666663,-4,0,1,1,1,0
2014,2,Second Round,Notre Dame,Arizona State,1,9,8,24.8,4.499999999999998,17.400000000000006,12.059999999999995,4.0,0.08800000000000002,3.099999999999998,2.0999999999999943,-0.07999999999999996,0.2767145135566188,0.38888888888888884,3,1,0,1,0,1
2014,2,Second Round,Arizona State,Notre Dame,9,1,-8,-24.8,-4.499999999999998,-17.400000000000006,-12.059999999999995,-4.0,-0.08800000000000002,-3.099999999999998,-2.0999999999999943,0.07999999999999996,-0.2767145135566188,-0.38888888888888884,-3,0,1,0,1,0
2014,2,Second Round,Oklahoma State,Purdue,5,4,-1,3.7799999999999976,0.4900000000000002,-1.5,5.380000000000003,-3.299999999999997,-0.01599999999999996,1.9000000000000021,0.6999999999999957,-0.02100000000000002,0.02561669829222013,-0.07638888888888884,2,0,0,0,0,1
2014,2,Second Round,Purdue,Oklahoma State,4,5,1,-3.7799999999999976,-0.4900000000000002,1.5,-5.380000000000003,3.299999999999997,0.01599999999999996,-1.9000000000000021,-0.6999999999999957,0.02100000000000002,-0.02561669829222013,0.07638888888888884,-2,0,0,0,0,0
2014,2,Second Round,Kentucky,Syracuse,3,6,3,4.41,0.6500000000000004,1.6000000000000085,3.3200000000000003,6.1000000000000085,0.024999999999999967,-0.29999999999999893,-3.4000000000000057,0.07500000000000001,0.045887445887445866,0.0,0,0,0,0,0,1
2014,2,Second Round,Syracuse,Kentucky,6,3,-3,-4.41,-0.6500000000000004,-1.6000000000000085,-3.3200000000000003,-6.1000000000000085,-0.024999999999999967,0.29999999999999893,3.4000000000000057,-0.07500000000000001,-0.045887445887445866,0.0,0,0,0,0,0,0
2014,2,Second Round,Baylor,California,2,7,5,15.939999999999998,-0.9299999999999997,19.599999999999994,7.490000000000002,-1.2000000000000028,0.04999999999999999,2.9999999999999982,8.399999999999999,-0.014000000000000012,0.1773648648648649,0.16666666666666663,1,1,0,1,0,1
2014,2,Second Round,California,Baylor,7,2,-5,-15.939999999999998,0.9299999999999997,-19.599999999999994,-7.490000000000002,1.2000000000000028,-0.04999999999999999,-2.9999999999999982,-8.399999999999999,0.014000000000000012,-0.1773648648648649,-0.16666666666666663,-1,0,1,0,1,0
2014,3,Sweet Sixteen,Notre Dame,Oklahoma State,1,5,4,17.860000000000003,3.3199999999999985,16.200000000000003,5.199999999999996,3.700000000000003,0.08600000000000002,-0.10000000000000142,6.0,0.020000000000000018,0.23839009287925694,0.38888888888888884,2,1,0,1,0,1
2014,3,Sweet Sixteen,Oklahoma State,Notre Dame,5,1,-4,-17.860000000000003,-3.3199999999999985,-16.200000000000003,-5.199999999999996,-3.700000000000003,-0.08600000000000002,0.10000000000000142,-6.0,-0.020000000000000018,-0.23839009287925694,-0.38888888888888884,-2,0,1,0,1,0
2014,3,Sweet Sixteen,Baylor,Kentucky,2,3,1,7.029999999999998,-0.7900000000000009,11.399999999999991,2.9200000000000017,-6.0,0.0050000000000000044,2.799999999999999,5.200000000000003,-0.018000000000000016,0.12200772200772203,0.26388888888888884,1,1,0,1,0,1
2014,3,Sweet Sixteen,Kentucky,Baylor,3,2,-1,-7.029999999999998,0.7900000000000009,-11.399999999999991,-2.9200000000000017,6.0,-0.0050000000000000044,-2.799999999999999,-5.200000000000003,0.018000000000000016,-0.12200772200772203,-0.26388888888888884,-1,0,1,0,1,0
2014,4,Elite Eight,Notre Dame,Baylor,1,2,1,8.270000000000003,4.469999999999999,1.9000000000000057,1.8399999999999963,2.200000000000003,0.06600000000000006,-2.9000000000000004,-1.7000000000000028,-0.012999999999999956,0.1088193456614509,0.11111111111111116,0,1,1,1,1,1
2014,4,Elite Eight,Baylor,Notre Dame,2,1,-1,-8.270000000000003,-4.469999999999999,-1.9000000000000057,-1.8399999999999963,-2.200000000000003,-0.06600000000000006,2.9000000000000004,1.7000000000000028,0.012999999999999956,-0.1088193456614509,-0.11111111111111116,0,1,1,1,1,0
2014,1,First Round,South Carolina,CSUN,1,16,15,25.21,9.610000000000001,13.400000000000006,17.32,-4.599999999999994,0.061,0.0,4.099999999999994,0.26,0.3074866310160428,0.125,5,1,1,0,1,1
2014,1,First Round,CSUN,South Carolina,16,1,-15,-25.21,-9.610000000000001,-13.400000000000006,-17.32,4.599999999999994,-0.061,0.0,-4.099999999999994,-0.26,-0.3074866310160428,-0.125,-5,1,1,1,0,0
2014,1,First Round,Oregon State,Middle Tennessee,9,8,-1,4.82,7.870000000000001,4.300000000000011,0.10000000000000142,0.7999999999999972,0.059,-2.8000000000000007,-1.2999999999999972,-0.10099999999999998,-0.16722689075630248,-0.2152777777777778,2,0,1,0,1,1
2014,1,First Round,Middle Tennessee,Oregon State,8,9,1,-4.82,-7.870000000000001,-4.300000000000011,-0.10000000000000142,-0.7999999999999972,-0.059,2.8000000000000007,1.2999999999999972,0.10099999999999998,0.16722689075630248,0.2152777777777778,-2,1,0,1,0,0
2014,1,First Round,Michigan State,Hampton,5,12,7,13.490000000000002,17.63,2.0,-2.5600000000000023,1.4000000000000057,0.08100000000000002,-3.700000000000001,-6.600000000000001,-0.062,-0.1515151515151515,-0.1875,2,1,1,0,1,1
2014,1,First Round,Hampton,Michigan State,12,5,-7,-13.490000000000002,-17.63,-2.0,2.5600000000000023,-1.4000000000000057,-0.08100000000000002,3.700000000000001,6.600000000000001,0.062,0.1515151515151515,0.1875,-2,1,1,1,0,0
2014,1,First Round,Florida,Dayton,11,6,-5,1.5699999999999985,5.7299999999999995,-3.1000000000000085,0.9500000000000028,-3.8000000000000114,-0.0010000000000000009,-1.0,-3.299999999999997,0.043999999999999984,-0.13587487781036167,-0.375,-2,0,1,0,0,1
2014,1,First Round,Dayton,Florida,6,11,5,-1.5699999999999985,-5.7299999999999995,3.1000000000000085,-0.9500000000000028,3.8000000000000114,0.0010000000000000009,1.0,3.299999999999997,-0.043999999999999984,0.13587487781036167,0.375,2,1,0,0,0,0
2014,1,First Round,Penn State,Wichita State,3,14,11,11.389999999999999,16.990000000000002,-4.3999999999999915,5.890000000000001,7.700000000000003,-0.032999999999999974,-1.5999999999999979,-0.5,0.029000000000000026,-0.037878787878787845,0.03472222222222221,0,1,1,0,1,1
2014,1,First Round,Wichita State,Penn State,14,3,-11,-11.389999999999999,-16.990000000000002,4.3999999999999915,-5.890000000000001,-7.700000000000003,0.032999999999999974,1.5999999999999979,0.5,-0.029000000000000026,0.037878787878787845,-0.03472222222222221,0,1,1,1,0,0
2014,1,First Round,Florida State,Iowa State,10,7,-3,-2.5700000000000003,0.20000000000000107,-12.599999999999994,8.850000000000001,5.700000000000003,-0.030999999999999972,-5.499999999999998,11.100000000000001,-0.04500000000000004,-0.008797653958944274,-0.0625,3,0,0,0,0,1
2014,1,First Round,Iowa State,Florida State,7,10,3,2.5700000000000003,-0.20000000000000107,12.599999999999994,-8.850000000000001,-5.700000000000003,0.030999999999999972,5.499999999999998,-11.100000000000001,0.04500000000000004,0.008797653958944274,0.0625,-3,0,0,0,0,0
2014,1,First Round,Stanford,South Dakota,2,15,13,30.53,14.09,4.0,17.6,-0.5999999999999943,0.05300000000000005,1.5,0.0,-0.11299999999999999,0.3161343161343161,0.4444444444444444,4,1,0,0,1,1
2014,1,First Round,South Dakota,Stanford,15,2,-13,-30.53,-14.09,-4.0,-17.6,0.5999999999999943,-0.05300000000000005,-1.5,0.0,0.11299999999999999,-0.3161343161343161,-0.4444444444444444,-4,0,1,1,0,0
2014,2,Second Round,South Carolina,Oregon State,1,9,8,7.460000000000001,-1.0899999999999999,6.099999999999994,5.57,-2.0,0.0050000000000000044,2.1000000000000014,1.2999999999999972,0.193,0.16722689075630248,0.1527777777777778,2,1,0,0,0,1
2014,2,Second Round,Oregon State,South Carolina,9,1,-8,-7.460000000000001,1.0899999999999999,-6.099999999999994,-5.57,2.0,-0.0050000000000000044,-2.1000000000000014,-1.2999999999999972,-0.193,-0.16722689075630248,-0.1527777777777778,-2,0,1,0,0,0
2014,2,Second Round,UNC,Michigan State,4,5,1,5.890000000000001,2.119999999999999,1.0,6.25,4.799999999999997,-0.006000000000000005,0.40000000000000213,4.0,0.02999999999999997,0.0327600327600327,-0.1875,-2,0,1,0,0,1
2014,2,Second Round,Michigan State,UNC,5,4,-1,-5.890000000000001,-2.119999999999999,-1.0,-6.25,-4.799999999999997,0.006000000000000005,-0.40000000000000213,-4.0,-0.02999999999999997,-0.0327600327600327,0.1875,2,1,0,0,0,0
2014,2,Second Round,Penn State,Florida,3,11,8,5.67,1.9400000000000013,-0.3999999999999915,6.780000000000001,0.8000000000000114,-0.044999999999999984,1.8000000000000007,5.5,0.0010000000000000009,0.14393939393939392,0.3125,0,1,0,0,0,1
2014,2,Second Round,Florida,Penn State,11,3,-8,-5.67,-1.9400000000000013,0.3999999999999915,-6.780000000000001,-0.8000000000000114,0.044999999999999984,-1.8000000000000007,-5.5,-0.0010000000000000009,-0.14393939393939392,-0.3125,0,0,1,0,0,0
2014,2,Second Round,Stanford,Florida State,2,10,8,12.600000000000001,1.58,16.400000000000006,-0.8399999999999963,-3.799999999999997,0.065,6.599999999999998,-5.5,-0.04999999999999999,0.25552825552825553,0.5069444444444444,0,1,0,0,0,1
2014,2,Second Round,Florida State,Stanford,10,2,-8,-12.600000000000001,-1.58,-16.400000000000006,0.8399999999999963,3.799999999999997,-0.065,-6.599999999999998,5.5,0.04999999999999999,-0.25552825552825553,-0.5069444444444444,0,0,1,0,0,0
2014,3,Sweet Sixteen,UNC,South Carolina,4,1,-3,-0.9499999999999993,2.7299999999999986,-6.599999999999994,-1.3800000000000026,10.5,-0.02100000000000002,-0.8000000000000007,-0.7999999999999972,-0.15900000000000003,-0.12321144674085849,-0.25,-5,0,1,0,0,1
2014,3,Sweet Sixteen,South Carolina,UNC,1,4,3,0.9499999999999993,-2.7299999999999986,6.599999999999994,1.3800000000000026,-10.5,0.02100000000000002,0.8000000000000007,0.7999999999999972,0.15900000000000003,0.12321144674085849,0.25,5,1,0,0,0,0
2014,3,Sweet Sixteen,Stanford,Penn State,2,3,1,10.420000000000002,2.01,11.0,2.6400000000000006,-6.400000000000006,0.07500000000000001,2.599999999999998,-0.29999999999999716,-0.08500000000000002,0.14189189189189189,0.13194444444444442,3,1,1,0,0,1
2014,3,Sweet Sixteen,Penn State,Stanford,3,2,-1,-10.420000000000002,-2.01,-11.0,-2.6400000000000006,6.400000000000006,-0.07500000000000001,-2.599999999999998,0.29999999999999716,0.08500000000000002,-0.14189189189189189,-0.13194444444444442,-3,1,1,0,0,0
2014,4,Elite Eight,Stanford,UNC,2,4,2,4.52,1.2700000000000014,8.0,-3.3799999999999955,-7.5,0.03300000000000003,3.3999999999999986,-2.799999999999997,-0.061,0.16216216216216217,0.3194444444444444,4,1,0,0,0,1
2014,4,Elite Eight,UNC,Stanford,4,2,-2,-4.52,-1.2700000000000014,-8.0,3.3799999999999955,7.5,-0.03300000000000003,-3.3999999999999986,2.799999999999997,0.061,-0.16216216216216217,-0.3194444444444444,-4,0,1,0,0,0
2014,6,Championship,UConn,Notre Dame,1,1,0,5.740000000000002,-4.059999999999999,2.200000000000003,8.500000000000004,-5.0,0.016000000000000014,2.1000000000000014,-4.299999999999997,-0.08100000000000002,0.02631578947368418,0.0,4,1,1,1,1,1
2014,6,Championship,Notre Dame,UConn,1,1,0,-5.740000000000002,4.059999999999999,-2.200000000000003,-8.500000000000004,5.0,-0.016000000000000014,-2.1000000000000014,4.299999999999997,0.08100000000000002,-0.02631578947368418,0.0,-4,1,1,1,1,0
2015,1,First Round,UConn,St. Francis (NY),1,16,15,60.02,17.91,33.0,39.010000000000005,7.0,0.14499999999999996,4.699999999999999,15.400000000000002,-0.03300000000000003,0.5331825037707391,0.5,9,1,0,1,1,1
2015,1,First Round,St. Francis (NY),UConn,16,1,-15,-60.02,-17.91,-33.0,-39.010000000000005,-7.0,-0.14499999999999996,-4.699999999999999,-15.400000000000002,0.03300000000000003,-0.5331825037707391,-0.5,-9,0,1,1,1,0
2015,1,First Round,Rutgers,Seton Hall,8,9,1,7.01,10.08,-7.199999999999989,12.439999999999998,-1.7000000000000028,-0.01799999999999996,-3.900000000000002,2.200000000000003,-0.03799999999999998,-0.12655971479500883,-0.16666666666666674,3,0,1,0,0,1
2015,1,First Round,Seton Hall,Rutgers,9,8,-1,-7.01,-10.08,7.199999999999989,-12.439999999999998,1.7000000000000028,0.01799999999999996,3.900000000000002,-2.200000000000003,0.03799999999999998,0.12655971479500883,0.16666666666666674,-3,1,0,0,0,0
2015,1,First Round,Texas,Western Kentucky,5,12,7,6.32,12.549999999999999,-7.799999999999997,10.759999999999998,-2.799999999999997,-0.04199999999999998,-2.1999999999999993,1.5,-0.018000000000000016,-0.17142857142857137,-0.38888888888888884,3,0,1,0,1,1
2015,1,First Round,Western Kentucky,Texas,12,5,-7,-6.32,-12.549999999999999,7.799999999999997,-10.759999999999998,2.799999999999997,0.04199999999999998,2.1999999999999993,-1.5,0.018000000000000016,0.17142857142857137,0.38888888888888884,-3,1,0,1,0,0
2015,1,First Round,California,Wichita State,4,13,9,8.51,14.020000000000001,-3.8000000000000114,4.859999999999999,8.0,0.009000000000000008,-1.8000000000000007,-2.599999999999998,0.067,-0.1470588235294117,-0.2222222222222222,2,0,1,0,1,1
2015,1,First Round,Wichita State,California,13,4,-9,-8.51,-14.020000000000001,3.8000000000000114,-4.859999999999999,-8.0,-0.009000000000000008,1.8000000000000007,2.599999999999998,-0.067,0.1470588235294117,0.2222222222222222,-2,1,0,1,0,0
2015,1,First Round,South Florida,LSU,6,11,5,8.850000000000001,-0.02999999999999936,9.799999999999997,1.6499999999999986,1.5999999999999943,0.03799999999999998,2.8000000000000007,-0.7000000000000028,0.018000000000000016,0.22304147465437796,0.20833333333333337,0,0,0,0,0,1
2015,1,First Round,LSU,South Florida,11,6,-5,-8.850000000000001,0.02999999999999936,-9.799999999999997,-1.6499999999999986,-1.5999999999999943,-0.03799999999999998,-2.8000000000000007,0.7000000000000028,-0.018000000000000016,-0.22304147465437796,-0.20833333333333337,0,0,0,0,0,0
2015,1,First Round,Louisville,BYU,3,14,11,20.07,8.12,-0.30000000000001137,15.910000000000004,5.799999999999997,-0.025999999999999968,2.5,11.899999999999999,0.011999999999999955,0.09714795008912647,0.08333333333333337,0,0,0,0,1,1
2015,1,First Round,BYU,Louisville,14,3,-11,-20.07,-8.12,0.30000000000001137,-15.910000000000004,-5.799999999999997,0.025999999999999968,-2.5,-11.899999999999999,-0.011999999999999955,-0.09714795008912647,-0.08333333333333337,0,0,0,1,0,0
2015,1,First Round,Dayton,Iowa State,7,10,3,3.4400000000000013,-1.740000000000001,1.2999999999999972,3.3299999999999983,6.400000000000006,0.017000000000000015,-2.8000000000000007,6.600000000000001,0.057999999999999996,0.21935483870967742,0.375,2,0,0,0,0,1
2015,1,First Round,Iowa State,Dayton,10,7,-3,-3.4400000000000013,1.740000000000001,-1.2999999999999972,-3.3299999999999983,-6.400000000000006,-0.017000000000000015,2.8000000000000007,-6.600000000000001,-0.057999999999999996,-0.21935483870967742,-0.375,-2,0,0,0,0,0
2015,1,First Round,Kentucky,Tennessee State,2,15,13,25.75,17.78,5.1000000000000085,15.719999999999999,5.3999999999999915,0.01100000000000001,1.8000000000000007,0.7999999999999972,0.08300000000000002,0.1252371916508539,-0.125,2,0,1,0,1,1
2015,1,First Round,Tennessee State,Kentucky,15,2,-13,-25.75,-17.78,-5.1000000000000085,-15.719999999999999,-5.3999999999999915,-0.01100000000000001,-1.8000000000000007,-0.7999999999999972,-0.08300000000000002,-0.1252371916508539,0.125,-2,1,0,1,0,0
2015,2,Second Round,UConn,Rutgers,1,8,7,30.8,-2.3200000000000003,31.5,11.59,-2.1000000000000085,0.15199999999999997,3.3000000000000007,7.899999999999999,-0.01200000000000001,0.2773892773892773,0.33333333333333337,5,1,0,1,0,1
2015,2,Second Round,Rutgers,UConn,8,1,-7,-30.8,2.3200000000000003,-31.5,-11.59,2.1000000000000085,-0.15199999999999997,-3.3000000000000007,-7.899999999999999,0.01200000000000001,-0.2773892773892773,-0.33333333333333337,-5,0,1,0,1,0
2015,2,Second Round,Texas,California,5,4,-1,1.6900000000000013,1.3199999999999985,0.10000000000000853,3.1099999999999994,-3.0,-0.02799999999999997,-0.6000000000000014,7.099999999999998,0.009000000000000008,-0.020168067226890796,-0.2222222222222222,0,0,0,0,0,1
2015,2,Second Round,California,Texas,4,5,1,-1.6900000000000013,-1.3199999999999985,-0.10000000000000853,-3.1099999999999994,3.0,0.02799999999999997,0.6000000000000014,-7.099999999999998,-0.009000000000000008,0.020168067226890796,0.2222222222222222,0,0,0,0,0,0
2015,2,Second Round,Louisville,South Florida,3,6,3,3.7699999999999996,0.7599999999999998,1.2999999999999972,5.050000000000004,0.9000000000000057,-0.002999999999999947,0.8999999999999986,1.5,0.02899999999999997,0.02268907563025202,-0.08333333333333337,0,0,0,0,0,1
2015,2,Second Round,South Florida,Louisville,6,3,-3,-3.7699999999999996,-0.7599999999999998,-1.2999999999999972,-5.050000000000004,-0.9000000000000057,0.002999999999999947,-0.8999999999999986,-1.5,-0.02899999999999997,-0.02268907563025202,0.08333333333333337,0,0,0,0,0,0
2015,2,Second Round,Dayton,Kentucky,7,2,-5,-1.7199999999999989,-5.990000000000001,8.799999999999997,-7.090000000000003,-5.199999999999989,0.064,-1.1999999999999993,-1.2999999999999972,-0.03400000000000003,0.09411764705882353,0.25,1,0,0,0,0,1
2015,2,Second Round,Kentucky,Dayton,2,7,5,1.7199999999999989,5.990000000000001,-8.799999999999997,7.090000000000003,5.199999999999989,-0.064,1.1999999999999993,1.2999999999999972,0.03400000000000003,-0.09411764705882353,-0.25,-1,0,0,0,0,0
2015,3,Sweet Sixteen,UConn,Texas,1,5,4,30.82,-2.2799999999999994,28.700000000000003,12.379999999999999,1.5999999999999943,0.14999999999999997,4.5,3.200000000000003,-0.07100000000000001,0.2886446886446886,0.5,6,1,0,1,0,1
2015,3,Sweet Sixteen,Texas,UConn,5,1,-4,-30.82,2.2799999999999994,-28.700000000000003,-12.379999999999999,-1.5999999999999943,-0.14999999999999997,-4.5,-3.200000000000003,0.07100000000000001,-0.2886446886446886,-0.5,-6,0,1,0,1,0
2015,3,Sweet Sixteen,Dayton,Louisville,7,3,-4,-7.210000000000001,-3.46,1.9000000000000057,-10.550000000000004,2.200000000000003,0.02999999999999997,-2.0,-3.799999999999997,0.016000000000000014,0.005882352941176561,0.125,2,0,0,0,0,1
2015,3,Sweet Sixteen,Louisville,Dayton,3,7,4,7.210000000000001,3.46,-1.9000000000000057,10.550000000000004,-2.200000000000003,-0.02999999999999997,2.0,3.799999999999997,-0.016000000000000014,-0.005882352941176561,-0.125,-2,0,0,0,0,0
2015,4,Elite Eight,UConn,Dayton,1,7,6,33.16,3.4400000000000004,21.900000000000006,21.69,-3.3000000000000114,0.10899999999999999,3.6999999999999993,6.600000000000001,-0.123,0.1743589743589743,0.125,6,1,0,1,0,1
2015,4,Elite Eight,Dayton,UConn,7,1,-6,-33.16,-3.4400000000000004,-21.900000000000006,-21.69,3.3000000000000114,-0.10899999999999999,-3.6999999999999993,-6.600000000000001,0.123,-0.1743589743589743,-0.125,-6,0,1,0,1,0
2015,1,First Round,South Carolina,Savannah State,1,16,15,40.629999999999995,18.42,22.0,-23.58,-2.9000000000000057,0.08400000000000002,3.599999999999998,5.300000000000004,0.067,0.26266891891891897,0.125,6,1,0,1,1,1
2015,1,First Round,Savannah State,South Carolina,16,1,-15,-40.629999999999995,-18.42,-22.0,23.58,2.9000000000000057,-0.08400000000000002,-3.599999999999998,-5.300000000000004,-0.067,-0.26266891891891897,-0.125,-6,0,1,1,1,0
2015,1,First Round,Syracuse,Nebraska,8,9,1,-0.3200000000000003,-1.790000000000001,1.5,-1.740000000000002,1.6999999999999886,-0.027000000000000024,0.9000000000000021,9.899999999999999,0.068,0.03125,0.13194444444444442,3,0,0,0,0,1
2015,1,First Round,Nebraska,Syracuse,9,8,-1,0.3200000000000003,1.790000000000001,-1.5,1.740000000000002,-1.6999999999999886,0.027000000000000024,-0.9000000000000021,-9.899999999999999,-0.068,-0.03125,-0.13194444444444442,-3,0,0,0,0,0
2015,1,First Round,Ohio State,James Madison,5,12,7,5.25,11.780000000000001,-0.7999999999999972,1.5500000000000043,4.5,0.032999999999999974,-0.09999999999999964,-12.2,-0.02300000000000002,-0.19307359307359306,-0.2222222222222222,2,0,1,0,1,1
2015,1,First Round,James Madison,Ohio State,12,5,-7,-5.25,-11.780000000000001,0.7999999999999972,-1.5500000000000043,-4.5,-0.032999999999999974,0.09999999999999964,12.2,0.02300000000000002,0.19307359307359306,0.2222222222222222,-2,1,0,1,0,0
2015,1,First Round,UNC,Liberty,4,13,9,20.52,19.83,0.19999999999998863,12.82,7.5,0.01200000000000001,2.5,-9.800000000000004,-0.0050000000000000044,-0.04502164502164496,-0.32499999999999996,0,0,1,0,1,1
2015,1,First Round,Liberty,UNC,13,4,-9,-20.52,-19.83,-0.19999999999998863,-12.82,-7.5,-0.01200000000000001,-2.5,9.800000000000004,0.0050000000000000044,0.04502164502164496,0.32499999999999996,0,1,0,1,0,0
2015,1,First Round,Little Rock,Texas A&M,11,6,-5,-5.5,-10.059999999999999,1.8999999999999915,-0.12999999999999545,-2.799999999999997,0.02999999999999997,-0.5,-1.6000000000000014,0.009000000000000008,0.15597147950089119,0.275,-2,1,0,1,0,1
2015,1,First Round,Texas A&M,Little Rock,6,11,5,5.5,10.059999999999999,-1.8999999999999915,0.12999999999999545,2.799999999999997,-0.02999999999999997,0.5,1.6000000000000014,-0.009000000000000008,-0.15597147950089119,-0.275,2,0,1,0,1,0
2015,1,First Round,Arizona State,Ohio,3,14,11,11.41,12.83,3.5999999999999943,5.119999999999997,-5.099999999999994,-0.010000000000000009,-0.7000000000000028,9.699999999999996,-0.009000000000000008,-0.015178571428571375,-0.05555555555555547,1,0,1,0,1,1
2015,1,First Round,Ohio,Arizona State,14,3,-11,-11.41,-12.83,-3.5999999999999943,-5.119999999999997,5.099999999999994,0.010000000000000009,0.7000000000000028,-9.699999999999996,0.009000000000000008,0.015178571428571375,0.05555555555555547,-1,1,0,1,0,0
2015,1,First Round,Florida Gulf Coast,Oklahoma State,7,10,3,-0.05000000000000071,-10.34,13.5,-1.2000000000000028,-2.0,0.065,2.799999999999999,-6.600000000000001,0.033999999999999975,0.2867647058823529,0.5,-1,1,0,1,0,1
2015,1,First Round,Oklahoma State,Florida Gulf Coast,10,7,-3,0.05000000000000071,10.34,-13.5,1.2000000000000028,2.0,-0.065,-2.799999999999999,6.600000000000001,-0.033999999999999975,-0.2867647058823529,-0.5,1,0,1,0,1,0
2015,1,First Round,Florida State,Alabama State,2,15,13,42.3,21.909999999999997,15.400000000000006,18.049999999999997,3.5999999999999943,0.08600000000000002,3.5,7.899999999999999,-0.10199999999999998,0.3336148648648649,0.3194444444444444,5,0,0,0,1,1
2015,1,First Round,Alabama State,Florida State,15,2,-13,-42.3,-21.909999999999997,-15.400000000000006,-18.049999999999997,-3.5999999999999943,-0.08600000000000002,-3.5,-7.899999999999999,0.10199999999999998,-0.3336148648648649,-0.3194444444444444,-5,0,0,1,0,0
2015,2,Second Round,South Carolina,Syracuse,1,8,7,15.77,1.7300000000000004,16.900000000000006,10.910000000000004,-5.599999999999994,0.10000000000000003,-1.6000000000000014,3.6000000000000014,0.044999999999999984,0.23141891891891897,0.25,3,1,0,1,0,1
2015,2,Second Round,Syracuse,South Carolina,8,1,-7,-15.77,-1.7300000000000004,-16.900000000000006,-10.910000000000004,5.599999999999994,-0.10000000000000003,1.6000000000000014,-3.6000000000000014,-0.044999999999999984,-0.23141891891891897,-0.25,-3,0,1,0,1,0
2015,2,Second Round,UNC,Ohio State,4,5,1,0.07000000000000028,-0.7300000000000004,-4.300000000000011,5.189999999999998,-2.0,-0.032999999999999974,-1.4000000000000021,7.099999999999998,0.02100000000000002,0.05714285714285716,-0.09722222222222221,-4,0,0,0,0,1
2015,2,Second Round,Ohio State,UNC,5,4,-1,-0.07000000000000028,0.7300000000000004,4.300000000000011,-5.189999999999998,2.0,0.032999999999999974,1.4000000000000021,-7.099999999999998,-0.02100000000000002,-0.05714285714285716,0.09722222222222221,4,0,0,0,0,0
2015,2,Second Round,Arizona State,Little Rock,3,11,8,10.23,11.959999999999999,3.200000000000003,0.4299999999999997,0.0,-0.0010000000000000009,0.09999999999999787,2.8999999999999986,-0.008000000000000007,-0.024369747899159577,-0.06666666666666665,1,0,1,0,1,1
2015,2,Second Round,Little Rock,Arizona State,11,3,-8,-10.23,-11.959999999999999,-3.200000000000003,-0.4299999999999997,0.0,0.0010000000000000009,-0.09999999999999787,-2.8999999999999986,0.008000000000000007,0.024369747899159577,0.06666666666666665,-1,1,0,1,0,0
2015,2,Second Round,Florida State,Florida Gulf Coast,2,7,5,10.5,9.61,-2.9000000000000057,7.07,5.699999999999989,-0.02100000000000002,-4.700000000000001,18.0,0.0020000000000000018,-0.04689984101748801,-0.125,4,0,1,0,1,1
2015,2,Second Round,Florida Gulf Coast,Florida State,7,2,-5,-10.5,-9.61,2.9000000000000057,-7.07,-5.699999999999989,0.02100000000000002,4.700000000000001,-18.0,-0.0020000000000000018,0.04689984101748801,0.125,-4,1,0,1,0,0
2015,3,Sweet Sixteen,South Carolina,UNC,1,4,3,12.079999999999998,0.41000000000000014,14.600000000000009,9.130000000000003,-8.799999999999997,0.061,-0.1999999999999993,6.800000000000004,0.04099999999999998,0.1760617760617761,0.3125,6,1,0,1,0,1
2015,3,Sweet Sixteen,UNC,South Carolina,4,1,-3,-12.079999999999998,-0.41000000000000014,-14.600000000000009,-9.130000000000003,8.799999999999997,-0.061,0.1999999999999993,-6.800000000000004,-0.04099999999999998,-0.1760617760617761,-0.3125,-6,0,1,0,1,0
2015,3,Sweet Sixteen,Florida State,Arizona State,2,3,1,4.57,-1.8200000000000003,2.700000000000003,6.229999999999997,6.099999999999994,0.014000000000000012,-1.1999999999999993,7.700000000000003,-0.02400000000000002,0.03629343629343629,0.04166666666666663,4,0,0,0,0,1
2015,3,Sweet Sixteen,Arizona State,Florida State,3,2,-1,-4.57,1.8200000000000003,-2.700000000000003,-6.229999999999997,-6.099999999999994,-0.014000000000000012,1.1999999999999993,-7.700000000000003,0.02400000000000002,-0.03629343629343629,-0.04166666666666663,-4,0,0,0,0,0
2015,4,Elite Eight,South Carolina,Florida State,1,2,1,6.779999999999998,3.3000000000000007,7.700000000000003,3.9100000000000037,-4.599999999999994,0.028000000000000025,2.0,-3.8999999999999986,0.055999999999999994,0.05405405405405406,0.0625,1,1,0,1,0,1
2015,4,Elite Eight,Florida State,South Carolina,2,1,-1,-6.779999999999998,-3.3000000000000007,-7.700000000000003,-3.9100000000000037,4.599999999999994,-0.028000000000000025,-2.0,3.8999999999999986,-0.055999999999999994,-0.05405405405405406,-0.0625,-1,0,1,0,1,0
2015,1,First Round,Notre Dame,Montana,1,16,15,31.580000000000002,17.85,11.400000000000006,12.530000000000001,7.1000000000000085,0.09100000000000003,-1.4000000000000021,2.6999999999999957,0.052000000000000046,0.19580419580419584,0.1597222222222222,2,1,1,1,1,1
2015,1,First Round,Montana,Notre Dame,16,1,-15,-31.580000000000002,-17.85,-11.400000000000006,-12.530000000000001,-7.1000000000000085,-0.09100000000000003,1.4000000000000021,-2.6999999999999957,-0.052000000000000046,-0.19580419580419584,-0.1597222222222222,-2,1,1,1,1,0
2015,1,First Round,DePaul,Minnesota,9,8,-1,6.760000000000002,-4.8,9.099999999999994,1.3400000000000034,2.299999999999997,0.02300000000000002,4.5,-0.5,-0.07299999999999998,0.07445887445887445,0.2222222222222222,-1,1,0,1,0,1
2015,1,First Round,Minnesota,DePaul,8,9,1,-6.760000000000002,4.8,-9.099999999999994,-1.3400000000000034,-2.299999999999997,-0.02300000000000002,-4.5,0.5,0.07299999999999998,-0.07445887445887445,-0.2222222222222222,1,0,1,0,1,0
2015,1,First Round,Oklahoma,Quinnipiac,5,12,7,8.120000000000001,15.91,-5.400000000000006,7.759999999999998,-0.7999999999999972,0.013000000000000012,-4.299999999999999,-1.9000000000000021,0.009000000000000008,-0.24935064935064932,-0.2777777777777778,0,0,1,0,1,1
2015,1,First Round,Quinnipiac,Oklahoma,12,5,-7,-8.120000000000001,-15.91,5.400000000000006,-7.759999999999998,0.7999999999999972,-0.013000000000000012,4.299999999999999,1.9000000000000021,-0.009000000000000008,0.24935064935064932,0.2777777777777778,0,1,0,1,0,0
2015,1,First Round,Stanford,CSUN,4,13,9,13.89,13.36,8.5,1.7299999999999969,-4.400000000000006,0.04899999999999999,1.6999999999999993,-0.4000000000000057,0.05299999999999999,0.025252525252525193,0.03472222222222221,2,0,0,1,1,1
2015,1,First Round,CSUN,Stanford,13,4,-9,-13.89,-13.36,-8.5,-1.7299999999999969,4.400000000000006,-0.04899999999999999,-1.6999999999999993,0.4000000000000057,-0.05299999999999999,-0.025252525252525193,-0.03472222222222221,-2,0,0,1,1,0
2015,1,First Round,Miami,Washington,11,6,-5,-1.2300000000000004,1.0,-9.399999999999991,7.049999999999997,-0.7000000000000028,-0.04899999999999999,-2.1000000000000014,7.199999999999999,-0.030000000000000027,-0.09090909090909094,-0.11111111111111116,-2,0,0,0,0,1
2015,1,First Round,Washington,Miami,6,11,5,1.2300000000000004,-1.0,9.399999999999991,-7.049999999999997,0.7000000000000028,0.04899999999999999,2.1000000000000014,-7.199999999999999,0.030000000000000027,0.09090909090909094,0.11111111111111116,2,0,0,0,0,0
2015,1,First Round,Iowa,American,3,14,11,15.940000000000001,14.76,8.699999999999989,4.380000000000003,9.5,0.03400000000000003,1.3999999999999986,2.1000000000000014,0.0010000000000000009,0.03743315508021383,-0.11111111111111105,1,0,1,0,1,1
2015,1,First Round,American,Iowa,14,3,-11,-15.940000000000001,-14.76,-8.699999999999989,-4.380000000000003,-9.5,-0.03400000000000003,-1.3999999999999986,-2.1000000000000014,-0.0010000000000000009,-0.03743315508021383,0.11111111111111105,-1,1,0,1,0,0
2015,1,First Round,Arkansas,Northwestern,10,7,-3,-4.550000000000001,0.7599999999999998,-4.799999999999997,2.219999999999999,-8.5,-0.07600000000000001,1.3000000000000007,8.399999999999999,0.07600000000000001,-0.15625,-0.29166666666666663,-1,0,0,0,0,1
2015,1,First Round,Northwestern,Arkansas,7,10,3,4.550000000000001,-0.7599999999999998,4.799999999999997,-2.219999999999999,8.5,0.07600000000000001,-1.3000000000000007,-8.399999999999999,-0.07600000000000001,0.15625,0.29166666666666663,1,0,0,0,0,0
2015,1,First Round,Baylor,Northwestern State,2,15,13,42.17,17.14,9.0,16.54,13.0,0.064,1.3999999999999986,12.0,0.013999999999999957,0.33306836248012717,0.33333333333333326,4,1,0,1,1,1
2015,1,First Round,Northwestern State,Baylor,15,2,-13,-42.17,-17.14,-9.0,-16.54,-13.0,-0.064,-1.3999999999999986,-12.0,-0.013999999999999957,-0.33306836248012717,-0.33333333333333326,-4,0,1,1,1,0
2015,2,Second Round,Notre Dame,DePaul,1,9,8,15.510000000000002,11.23,1.2000000000000028,15.299999999999997,-5.3999999999999915,0.029000000000000026,-4.300000000000001,4.299999999999997,0.11300000000000002,0.15164835164835166,0.10416666666666663,-1,1,1,1,1,1
2015,2,Second Round,DePaul,Notre Dame,9,1,-8,-15.510000000000002,-11.23,-1.2000000000000028,-15.299999999999997,5.3999999999999915,-0.029000000000000026,4.300000000000001,-4.299999999999997,-0.11300000000000002,-0.15164835164835166,-0.10416666666666663,1,1,1,1,1,0
2015,2,Second Round,Stanford,Oklahoma,4,5,1,2.1799999999999997,-0.3600000000000012,4.5,0.8699999999999974,-8.0,0.0010000000000000009,3.6999999999999993,0.9999999999999964,-0.027000000000000024,0.08585858585858586,0.0,2,0,0,1,0,1
2015,2,Second Round,Oklahoma,Stanford,5,4,-1,-2.1799999999999997,0.3600000000000012,-4.5,-0.8699999999999974,8.0,-0.0010000000000000009,-3.6999999999999993,-0.9999999999999964,0.027000000000000024,-0.08585858585858586,0.0,-2,0,0,0,1,0
2015,2,Second Round,Iowa,Miami,3,11,8,4.030000000000001,3.6999999999999993,11.199999999999989,-8.379999999999995,3.200000000000003,0.07400000000000001,0.8000000000000007,-5.199999999999999,-0.016000000000000014,0.15864527629233505,0.2777777777777778,0,0,0,0,0,1
2015,2,Second Round,Miami,Iowa,11,3,-8,-4.030000000000001,-3.6999999999999993,-11.199999999999989,8.379999999999995,-3.200000000000003,-0.07400000000000001,-0.8000000000000007,5.199999999999999,0.016000000000000014,-0.15864527629233505,-0.2777777777777778,0,0,0,0,0,0
2015,2,Second Round,Baylor,Arkansas,2,10,8,15.77,-0.9699999999999989,17.200000000000003,0.21999999999999886,8.099999999999994,0.09600000000000003,0.8000000000000007,4.700000000000003,-0.02200000000000002,0.3293918918918919,0.5138888888888888,4,1,0,1,0,1
2015,2,Second Round,Arkansas,Baylor,10,2,-8,-15.77,0.9699999999999989,-17.200000000000003,-0.21999999999999886,-8.099999999999994,-0.09600000000000003,-0.8000000000000007,-4.700000000000003,0.02200000000000002,-0.3293918918918919,-0.5138888888888888,-4,0,1,0,1,0
2015,3,Sweet Sixteen,Notre Dame,Stanford,1,4,3,14.850000000000001,3.5200000000000014,6.400000000000006,11.310000000000002,6.200000000000003,0.03700000000000003,-1.9000000000000021,4.0,0.02100000000000002,0.20085470085470092,0.2152777777777778,0,1,0,1,1,1
2015,3,Sweet Sixteen,Stanford,Notre Dame,4,1,-3,-14.850000000000001,-3.5200000000000014,-6.400000000000006,-11.310000000000002,-6.200000000000003,-0.03700000000000003,1.9000000000000021,-4.0,-0.02100000000000002,-0.20085470085470092,-0.2152777777777778,0,0,1,1,1,0
2015,3,Sweet Sixteen,Baylor,Iowa,2,3,1,10.489999999999998,-3.119999999999999,2.9000000000000057,12.589999999999996,-1.5,-0.015000000000000013,0.0,12.7,0.056999999999999995,0.12718600953895076,0.11111111111111105,3,1,0,1,0,1
2015,3,Sweet Sixteen,Iowa,Baylor,3,2,-1,-10.489999999999998,3.119999999999999,-2.9000000000000057,-12.589999999999996,1.5,0.015000000000000013,0.0,-12.7,-0.056999999999999995,-0.12718600953895076,-0.11111111111111105,-3,0,1,0,1,0
2015,4,Elite Eight,Notre Dame,Baylor,1,2,1,5.2500000000000036,5.66,1.0,3.960000000000001,-0.5999999999999943,0.026000000000000023,-1.6000000000000014,-2.700000000000003,-0.012999999999999956,0.031185031185031242,0.04861111111111116,-2,1,1,1,1,1
2015,4,Elite Eight,Baylor,Notre Dame,2,1,-1,-5.2500000000000036,-5.66,-1.0,-3.960000000000001,0.5999999999999943,-0.026000000000000023,1.6000000000000014,2.700000000000003,0.012999999999999956,-0.031185031185031242,-0.04861111111111116,2,1,1,1,1,0
2015,1,First Round,Maryland,New Mexico State,1,16,15,32.269999999999996,20.12,8.700000000000003,12.32,1.5,0.03500000000000003,0.8000000000000007,8.199999999999996,0.026000000000000023,0.1855855855855857,0.0714285714285714,4,1,1,1,1,1
2015,1,First Round,New Mexico State,Maryland,16,1,-15,-32.269999999999996,-20.12,-8.700000000000003,-12.32,-1.5,-0.03500000000000003,-0.8000000000000007,-8.199999999999996,-0.026000000000000023,-0.1855855855855857,-0.0714285714285714,-4,1,1,1,1,0
2015,1,First Round,Princeton,Green Bay,8,9,1,6.77,-3.2600000000000002,6.799999999999997,-1.1500000000000057,2.700000000000003,0.050000000000000044,-1.0,4.200000000000003,-0.007000000000000006,0.12026515151515149,0.0625,0,1,1,0,1,1
2015,1,First Round,Green Bay,Princeton,9,8,-1,-6.77,3.2600000000000002,-6.799999999999997,1.1500000000000057,-2.700000000000003,-0.050000000000000044,1.0,-4.200000000000003,0.007000000000000006,-0.12026515151515149,-0.0625,0,1,1,1,0,0
2015,1,First Round,Mississippi St.,Tulane,5,12,7,7.739999999999998,-2.1500000000000004,5.1000000000000085,4.219999999999999,4.400000000000006,-0.017000000000000015,2.099999999999998,7.200000000000003,0.07800000000000001,0.12745098039215685,0.07638888888888884,1,0,0,0,0,1
2015,1,First Round,Tulane,Mississippi St.,12,5,-7,-7.739999999999998,2.1500000000000004,-5.1000000000000085,-4.219999999999999,-4.400000000000006,0.017000000000000015,-2.099999999999998,-7.200000000000003,-0.07800000000000001,-0.12745098039215685,-0.07638888888888884,-1,0,0,0,0,0
2015,1,First Round,Duke,Albany (NY),4,13,9,15.12,18.17,-3.4000000000000057,12.5,2.9000000000000057,-0.013000000000000012,-1.0,2.5,-0.03600000000000003,-0.050802139037433136,-0.1875,4,0,1,0,1,1
2015,1,First Round,Albany (NY),Duke,13,4,-9,-15.12,-18.17,3.4000000000000057,-12.5,-2.9000000000000057,0.013000000000000012,1.0,-2.5,0.03600000000000003,0.050802139037433136,0.1875,-4,1,0,1,0,0
2015,1,First Round,Gonzaga,George Washington,11,6,-5,-3.6099999999999994,-0.04999999999999982,6.0,-7.490000000000002,-6.6000000000000085,0.032999999999999974,-0.5999999999999979,-1.7999999999999972,0.07699999999999996,-0.11408199643493766,-0.04861111111111116,0,1,1,0,1,1
2015,1,First Round,George Washington,Gonzaga,6,11,5,3.6099999999999994,0.04999999999999982,-6.0,7.490000000000002,6.6000000000000085,-0.032999999999999974,0.5999999999999979,1.7999999999999972,-0.07699999999999996,0.11408199643493766,0.04861111111111116,0,1,1,1,0,0
2015,1,First Round,Oregon State,South Dakota State,3,14,11,13.89,9.540000000000001,4.6000000000000085,11.530000000000001,-2.200000000000003,0.04500000000000004,0.1999999999999993,1.8999999999999986,-0.09699999999999998,0.11647727272727271,0.13888888888888884,4,1,0,0,1,1
2015,1,First Round,South Dakota State,Oregon State,14,3,-11,-13.89,-9.540000000000001,-4.6000000000000085,-11.530000000000001,2.200000000000003,-0.04500000000000004,-0.1999999999999993,-1.8999999999999986,0.09699999999999998,-0.11647727272727271,-0.13888888888888884,-4,0,1,1,0,0
2015,1,First Round,Pitt,Chattanooga,10,7,-3,4.82,10.690000000000001,-5.700000000000003,1.4399999999999977,7.299999999999997,-0.05199999999999999,1.1000000000000014,-0.9000000000000021,0.013000000000000012,-0.2537878787878788,-0.4375,1,0,1,0,1,1
2015,1,First Round,Chattanooga,Pitt,7,10,3,-4.82,-10.690000000000001,5.700000000000003,-1.4399999999999977,-7.299999999999997,0.05199999999999999,-1.1000000000000014,0.9000000000000021,-0.013000000000000012,0.2537878787878788,0.4375,-1,1,0,1,0,0
2015,1,First Round,Tennessee,Boise State,2,15,13,23.27,15.559999999999999,1.3999999999999915,12.139999999999993,0.29999999999999716,-0.01699999999999996,3.1000000000000014,1.2999999999999972,0.04099999999999998,0.16666666666666674,0.32638888888888884,8,1,0,0,1,1
2015,1,First Round,Boise State,Tennessee,15,2,-13,-23.27,-15.559999999999999,-1.3999999999999915,-12.139999999999993,-0.29999999999999716,0.01699999999999996,-3.1000000000000014,-1.2999999999999972,-0.04099999999999998,-0.16666666666666674,-0.32638888888888884,-8,0,1,1,0,0
2015,2,Second Round,Maryland,Princeton,1,8,7,7.52,13.200000000000001,-0.09999999999999432,1.4000000000000057,2.799999999999997,-0.031000000000000028,0.0,5.799999999999997,0.02400000000000002,-0.04983108108108103,0.0,3,1,1,1,0,1
2015,2,Second Round,Princeton,Maryland,8,1,-7,-7.52,-13.200000000000001,0.09999999999999432,-1.4000000000000057,-2.799999999999997,0.031000000000000028,0.0,-5.799999999999997,-0.02400000000000002,0.04983108108108103,0.0,-3,1,1,0,1,0
2015,2,Second Round,Duke,Mississippi St.,4,5,1,3.6900000000000013,8.66,-0.9000000000000057,1.6400000000000006,-1.9000000000000057,0.033999999999999975,-3.099999999999998,1.6999999999999957,-0.04200000000000004,-0.11764705882352933,0.0,3,0,0,0,0,1
2015,2,Second Round,Mississippi St.,Duke,5,4,-1,-3.6900000000000013,-8.66,0.9000000000000057,-1.6400000000000006,1.9000000000000057,-0.033999999999999975,3.099999999999998,-1.6999999999999957,0.04200000000000004,0.11764705882352933,0.0,-3,0,0,0,0,0
2015,2,Second Round,Gonzaga,Oregon State,11,3,-8,-10.89,-6.540000000000001,-2.3000000000000114,-9.300000000000004,-0.7999999999999972,-0.03600000000000003,-2.299999999999997,5.5,0.09899999999999998,-0.07904411764705888,0.0,-3,1,1,0,0,1
2015,2,Second Round,Oregon State,Gonzaga,3,11,8,10.89,6.540000000000001,2.3000000000000114,9.300000000000004,0.7999999999999972,0.03600000000000003,2.299999999999997,-5.5,-0.09899999999999998,0.07904411764705888,0.0,3,1,1,0,0,0
2015,2,Second Round,Tennessee,Pitt,2,10,8,11.669999999999998,2.889999999999999,9.200000000000003,3.519999999999996,-0.8999999999999915,0.017000000000000015,0.10000000000000142,11.100000000000001,0.044999999999999984,0.20833333333333337,0.375,7,1,0,0,0,1
2015,2,Second Round,Pitt,Tennessee,10,2,-8,-11.669999999999998,-2.889999999999999,-9.200000000000003,-3.519999999999996,0.8999999999999915,-0.017000000000000015,-0.10000000000000142,-11.100000000000001,-0.044999999999999984,-0.20833333333333337,-0.375,-7,0,1,0,0,0
2015,3,Sweet Sixteen,Maryland,Duke,1,4,3,6.309999999999999,-0.5800000000000001,11.900000000000006,-3.5899999999999963,0.7000000000000028,0.03400000000000003,3.3000000000000007,0.3999999999999986,-0.02899999999999997,0.2424483306836248,0.3125,0,1,0,1,0,1
2015,3,Sweet Sixteen,Duke,Maryland,4,1,-3,-6.309999999999999,0.5800000000000001,-11.900000000000006,3.5899999999999963,-0.7000000000000028,-0.03400000000000003,-3.3000000000000007,-0.3999999999999986,0.02899999999999997,-0.2424483306836248,-0.3125,0,0,1,0,1,0
2015,3,Sweet Sixteen,Tennessee,Gonzaga,2,11,9,14.969999999999999,9.94,-1.7999999999999972,9.86,1.9000000000000057,-0.023999999999999966,3.0,-0.10000000000000142,-0.035999999999999976,0.06862745098039225,0.04861111111111116,7,1,1,0,0,1
2015,3,Sweet Sixteen,Gonzaga,Tennessee,11,2,-9,-14.969999999999999,-9.94,1.7999999999999972,-9.86,-1.9000000000000057,0.023999999999999966,-3.0,0.10000000000000142,0.035999999999999976,-0.06862745098039225,-0.04861111111111116,-7,1,1,0,0,0
2015,4,Elite Eight,Maryland,Tennessee,1,2,1,3.1099999999999994,0.6000000000000014,6.900000000000006,-3.029999999999994,2.5,0.04899999999999999,-1.0,1.2999999999999972,0.0010000000000000009,0.0855855855855856,0.0625,-4,1,1,1,0,1
2015,4,Elite Eight,Tennessee,Maryland,2,1,-1,-3.1099999999999994,-0.6000000000000014,-6.900000000000006,3.029999999999994,-2.5,-0.04899999999999999,1.0,-1.2999999999999972,-0.0010000000000000009,-0.0855855855855856,-0.0625,4,1,1,0,1,0
2015,6,Championship,UConn,Notre Dame,1,1,0,14.939999999999998,-5.620000000000001,15.400000000000006,8.05,-1.6000000000000085,0.07399999999999995,2.8000000000000007,4.300000000000004,-0.09600000000000003,0.05128205128205121,0.0625,7,1,1,1,1,1
2015,6,Championship,Notre Dame,UConn,1,1,0,-14.939999999999998,5.620000000000001,-15.400000000000006,-8.05,1.6000000000000085,-0.07399999999999995,-2.8000000000000007,-4.300000000000004,0.09600000000000003,-0.05128205128205121,-0.0625,-7,1,1,1,1,0
2016,1,First Round,UConn,Robert Morris,1,16,15,58.19,20.549999999999997,29.5,31.18,3.5,0.13699999999999996,5.000000000000002,4.399999999999999,-0.031,0.3939393939393939,0.38888888888888884,9,1,0,1,1,1
2016,1,First Round,Robert Morris,UConn,16,1,-15,-58.19,-20.549999999999997,-29.5,-31.18,-3.5,-0.13699999999999996,-5.000000000000002,-4.399999999999999,0.031,-0.3939393939393939,-0.38888888888888884,-9,0,1,1,1,0
2016,1,First Round,Duquesne,Seton Hall,9,8,-1,-1.17,-3.8499999999999996,-0.09999999999999432,3.039999999999999,-2.0,-0.011999999999999955,-0.40000000000000036,-0.4000000000000057,-0.021999999999999964,0.10477941176470584,0.14583333333333337,-1,1,0,0,0,1
2016,1,First Round,Seton Hall,Duquesne,8,9,1,1.17,3.8499999999999996,0.09999999999999432,-3.039999999999999,2.0,0.011999999999999955,0.40000000000000036,0.4000000000000057,0.021999999999999964,-0.10477941176470584,-0.14583333333333337,1,0,1,0,0,0
2016,1,First Round,Mississippi St.,Chattanooga,5,12,7,17.18,8.75,5.099999999999994,10.619999999999997,8.400000000000006,-0.031000000000000028,2.599999999999998,12.099999999999998,0.056999999999999995,0.02777777777777779,-0.1696428571428571,3,0,1,0,1,1
2016,1,First Round,Chattanooga,Mississippi St.,12,5,-7,-17.18,-8.75,-5.099999999999994,-10.619999999999997,-8.400000000000006,0.031000000000000028,-2.599999999999998,-12.099999999999998,-0.056999999999999995,-0.02777777777777779,0.1696428571428571,-3,1,0,1,0,0
2016,1,First Round,Michigan State,Belmont,4,13,9,20.21,18.22,-8.0,15.689999999999998,6.400000000000006,-0.027000000000000024,-2.0,-1.5,0.03700000000000003,0.008021390374331583,-0.09027777777777779,2,0,0,0,1,1
2016,1,First Round,Belmont,Michigan State,13,4,-9,-20.21,-18.22,8.0,-15.689999999999998,-6.400000000000006,0.027000000000000024,2.0,1.5,-0.03700000000000003,-0.008021390374331583,0.09027777777777779,-2,0,0,1,0,0
2016,1,First Round,South Florida,Colorado State,6,11,5,11.11,15.5,-4.099999999999994,-0.4200000000000017,7.799999999999997,-0.03799999999999998,0.5999999999999996,2.8000000000000007,0.06999999999999998,-0.23351158645276293,-0.2222222222222222,1,0,1,0,1,1
2016,1,First Round,Colorado State,South Florida,11,6,-5,-11.11,-15.5,4.099999999999994,0.4200000000000017,-7.799999999999997,0.03799999999999998,-0.5999999999999996,-2.8000000000000007,-0.06999999999999998,0.23351158645276293,0.2222222222222222,-1,1,0,1,0,0
2016,1,First Round,UCLA,Hawaii,3,14,11,20.3,15.719999999999999,3.700000000000003,12.740000000000002,5.799999999999997,-0.0040000000000000036,4.399999999999999,-2.3999999999999986,-0.057999999999999996,0.08660714285714288,0.02777777777777779,4,0,0,0,1,1
2016,1,First Round,Hawaii,UCLA,14,3,-11,-20.3,-15.719999999999999,-3.700000000000003,-12.740000000000002,-5.799999999999997,0.0040000000000000036,-4.399999999999999,2.3999999999999986,0.057999999999999996,-0.08660714285714288,-0.02777777777777779,-4,0,0,1,0,0
2016,1,First Round,Missouri,BYU,10,7,-3,6.609999999999999,3.459999999999999,-4.700000000000003,5.399999999999999,1.4000000000000057,0.015000000000000013,-3.1999999999999993,1.4000000000000057,-0.035999999999999976,-0.10037878787878785,-0.38888888888888884,0,0,1,0,0,1
2016,1,First Round,BYU,Missouri,7,10,3,-6.609999999999999,-3.459999999999999,4.700000000000003,-5.399999999999999,-1.4000000000000057,-0.015000000000000013,3.1999999999999993,-1.4000000000000057,0.035999999999999976,0.10037878787878785,0.38888888888888884,0,1,0,0,0,0
2016,1,First Round,Texas,Alabama State,2,15,13,42.93,30.64,9.099999999999994,21.04,2.200000000000003,0.043999999999999984,3.599999999999998,2.299999999999997,-0.09399999999999997,0.24820788530465954,0.05555555555555558,2,0,1,0,1,1
2016,1,First Round,Alabama State,Texas,15,2,-13,-42.93,-30.64,-9.099999999999994,-21.04,-2.200000000000003,-0.043999999999999984,-3.599999999999998,-2.299999999999997,0.09399999999999997,-0.24820788530465954,-0.05555555555555558,-2,1,0,1,0,0
2016,2,Second Round,UConn,Duquesne,1,9,8,39.349999999999994,8.79,23.5,23.5,-0.10000000000000853,0.12299999999999994,2.200000000000001,6.0,-0.037000000000000005,0.17647058823529416,0.1875,9,1,1,1,0,1
2016,2,Second Round,Duquesne,UConn,9,1,-8,-39.349999999999994,-8.79,-23.5,-23.5,0.10000000000000853,-0.12299999999999994,-2.200000000000001,-6.0,0.037000000000000005,-0.17647058823529416,-0.1875,-9,1,1,0,1,0
2016,2,Second Round,Mississippi St.,Michigan State,5,4,-1,-2.5599999999999987,-4.369999999999999,-2.700000000000003,1.990000000000002,-4.299999999999997,-0.04999999999999999,2.3999999999999986,4.899999999999999,-0.016000000000000014,0.042483660130718914,-0.03472222222222221,1,0,0,0,0,1
2016,2,Second Round,Michigan State,Mississippi St.,4,5,1,2.5599999999999987,4.369999999999999,2.700000000000003,-1.990000000000002,4.299999999999997,0.04999999999999999,-2.3999999999999986,-4.899999999999999,0.016000000000000014,-0.042483660130718914,0.03472222222222221,-1,0,0,0,0,0
2016,2,Second Round,UCLA,South Florida,3,6,3,2.25,3.0999999999999996,-3.5999999999999943,5.130000000000003,3.0999999999999943,-0.017000000000000015,-1.200000000000001,5.399999999999999,0.019000000000000017,0.036974789915966366,0.0,3,0,0,0,0,1
2016,2,Second Round,South Florida,UCLA,6,3,-3,-2.25,-3.0999999999999996,3.5999999999999943,-5.130000000000003,-3.0999999999999943,0.017000000000000015,1.200000000000001,-5.399999999999999,-0.019000000000000017,-0.036974789915966366,0.0,-3,0,0,0,0,0
2016,2,Second Round,Texas,Missouri,2,10,8,9.16,4.030000000000001,0.7000000000000028,8.700000000000003,2.9000000000000057,-0.02400000000000002,3.1999999999999993,4.099999999999994,-0.009000000000000008,0.17361111111111116,0.33333333333333337,1,0,0,0,0,1
2016,2,Second Round,Missouri,Texas,10,2,-8,-9.16,-4.030000000000001,-0.7000000000000028,-8.700000000000003,-2.9000000000000057,0.02400000000000002,-3.1999999999999993,-4.099999999999994,0.009000000000000008,-0.17361111111111116,-0.33333333333333337,-1,0,0,0,0,0
2016,3,Sweet Sixteen,UConn,Mississippi St.,1,5,4,30.159999999999997,3.7299999999999986,24.400000000000006,13.119999999999997,1.6999999999999886,0.15499999999999997,2.200000000000001,-3.6000000000000014,-0.07299999999999998,0.2222222222222222,0.3125,6,1,0,1,0,1
2016,3,Sweet Sixteen,Mississippi St.,UConn,5,1,-4,-30.159999999999997,-3.7299999999999986,-24.400000000000006,-13.119999999999997,-1.6999999999999886,-0.15499999999999997,-2.200000000000001,3.6000000000000014,0.07299999999999998,-0.2222222222222222,-0.3125,-6,0,1,0,1,0
2016,3,Sweet Sixteen,Texas,UCLA,2,3,1,1.7300000000000004,-3.129999999999999,1.3999999999999915,3.6400000000000006,-2.8999999999999915,0.02999999999999997,-2.5,1.2999999999999972,0.009000000000000008,0.11825396825396828,0.05555555555555558,-2,0,0,0,0,1
2016,3,Sweet Sixteen,UCLA,Texas,3,2,-1,-1.7300000000000004,3.129999999999999,-1.3999999999999915,-3.6400000000000006,2.8999999999999915,-0.02999999999999997,2.5,-1.2999999999999972,-0.009000000000000008,-0.11825396825396828,-0.05555555555555558,2,0,0,0,0,0
2016,4,Elite Eight,UConn,Texas,1,2,1,25.24,0.21999999999999886,25.400000000000006,9.549999999999997,-1.3000000000000114,0.11699999999999999,4.200000000000001,1.0,-0.091,0.13888888888888884,0.16666666666666663,7,1,0,1,0,1
2016,4,Elite Eight,Texas,UConn,2,1,-1,-25.24,-0.21999999999999886,-25.400000000000006,-9.549999999999997,1.3000000000000114,-0.11699999999999999,-4.200000000000001,-1.0,0.091,-0.13888888888888884,-0.16666666666666663,-7,0,1,0,1,0
2016,1,First Round,Baylor,Idaho,1,16,15,28.200000000000003,13.43,5.400000000000006,18.61,-0.09999999999999432,0.031000000000000028,-1.5999999999999996,9.299999999999997,0.07900000000000001,0.241486068111455,0.2222222222222222,6,1,0,1,1,1
2016,1,First Round,Idaho,Baylor,16,1,-15,-28.200000000000003,-13.43,-5.400000000000006,-18.61,0.09999999999999432,-0.031000000000000028,1.5999999999999996,-9.299999999999997,-0.07900000000000001,-0.241486068111455,-0.2222222222222222,-6,0,1,1,1,0
2016,1,First Round,Auburn,St. John's,9,8,-1,-2.6999999999999993,2.6999999999999993,-6.8999999999999915,4.939999999999998,-0.20000000000000284,-0.033999999999999975,-3.0,5.800000000000001,-0.05199999999999999,-0.09090909090909094,-0.11111111111111116,-2,0,0,0,1,1
2016,1,First Round,St. John's,Auburn,8,9,1,2.6999999999999993,-2.6999999999999993,6.8999999999999915,-4.939999999999998,0.20000000000000284,0.033999999999999975,3.0,-5.800000000000001,0.05199999999999999,0.09090909090909094,0.11111111111111116,2,0,0,1,0,0
2016,1,First Round,Florida State,Middle Tennessee,5,12,7,17.090000000000003,9.149999999999999,2.9000000000000057,12.989999999999995,2.0999999999999943,0.014000000000000012,-0.8999999999999986,9.799999999999997,-0.05199999999999999,0.030303030303030276,-0.02083333333333337,5,0,0,0,1,1
2016,1,First Round,Middle Tennessee,Florida State,12,5,-7,-17.090000000000003,-9.149999999999999,-2.9000000000000057,-12.989999999999995,-2.0999999999999943,-0.014000000000000012,0.8999999999999986,-9.799999999999997,0.05199999999999999,-0.030303030303030276,0.02083333333333337,-5,0,0,1,0,0
2016,1,First Round,Texas A&M,Missouri State,4,13,9,12.719999999999999,10.700000000000001,-1.2999999999999972,9.64,0.7999999999999972,0.015000000000000013,-1.0,1.3999999999999986,-0.013000000000000012,-0.018382352941176516,-0.09027777777777779,2,0,0,0,1,1
2016,1,First Round,Missouri State,Texas A&M,13,4,-9,-12.719999999999999,-10.700000000000001,1.2999999999999972,-9.64,-0.7999999999999972,-0.015000000000000013,1.0,-1.3999999999999986,0.013000000000000012,0.018382352941176516,0.09027777777777779,-2,0,0,1,0,0
2016,1,First Round,DePaul,James Madison,6,11,5,11.519999999999998,10.110000000000001,11.299999999999997,-2.6700000000000017,3.9000000000000057,0.09300000000000003,0.3000000000000007,-6.399999999999999,-0.07500000000000001,-0.06818181818181823,-0.05555555555555558,1,1,1,0,1,1
2016,1,First Round,James Madison,DePaul,11,6,-5,-11.519999999999998,-10.110000000000001,-11.299999999999997,2.6700000000000017,-3.9000000000000057,-0.09300000000000003,-0.3000000000000007,6.399999999999999,0.07500000000000001,0.06818181818181823,0.05555555555555558,-1,1,1,1,0,0
2016,1,First Round,Louisville,Central Arkansas,3,14,11,28.42,23.5,-7.8999999999999915,5.189999999999998,11.499999999999993,0.01799999999999996,0.3000000000000007,-3.1000000000000014,-0.019000000000000017,-0.11029411764705888,0.04861111111111116,4,0,0,0,1,1
2016,1,First Round,Central Arkansas,Louisville,14,3,-11,-28.42,-23.5,7.8999999999999915,-5.189999999999998,-11.499999999999993,-0.01799999999999996,-0.3000000000000007,3.1000000000000014,0.019000000000000017,0.11029411764705888,-0.04861111111111116,-4,0,0,1,0,0
2016,1,First Round,St. Bonaventure,Oklahoma State,10,7,-3,-6.449999999999999,-6.360000000000001,-1.8999999999999915,-7.099999999999994,-1.5,0.025999999999999968,-1.3999999999999986,-12.800000000000004,-0.033999999999999975,0.07258064516129037,0.13888888888888884,-2,0,0,0,0,1
2016,1,First Round,Oklahoma State,St. Bonaventure,7,10,3,6.449999999999999,6.360000000000001,1.8999999999999915,7.099999999999994,1.5,-0.025999999999999968,1.3999999999999986,12.800000000000004,0.033999999999999975,-0.07258064516129037,-0.13888888888888884,2,0,0,0,0,0
2016,1,First Round,Oregon State,Troy,2,15,13,32.31,18.95,-0.7999999999999972,24.52,-12.700000000000003,0.034999999999999976,-0.3999999999999986,-0.10000000000000142,-0.04999999999999999,0.25880425880425884,0.28888888888888886,4,1,0,1,1,1
2016,1,First Round,Troy,Oregon State,15,2,-13,-32.31,-18.95,0.7999999999999972,-24.52,12.700000000000003,-0.034999999999999976,0.3999999999999986,0.10000000000000142,0.04999999999999999,-0.25880425880425884,-0.28888888888888886,-4,0,1,1,1,0
2016,2,Second Round,Baylor,Auburn,1,9,8,23.610000000000003,1.040000000000001,20.0,10.450000000000003,2.1000000000000085,0.067,3.8000000000000007,6.699999999999996,0.067,0.34130781499202545,0.4444444444444444,6,1,0,1,0,1
2016,2,Second Round,Auburn,Baylor,9,1,-8,-23.610000000000003,-1.040000000000001,-20.0,-10.450000000000003,-2.1000000000000085,-0.067,-3.8000000000000007,-6.699999999999996,-0.067,-0.34130781499202545,-0.4444444444444444,-6,0,1,0,1,0
2016,2,Second Round,Florida State,Texas A&M,5,4,-1,5.060000000000002,-2.0100000000000016,4.5,3.6799999999999997,0.5999999999999943,0.035999999999999976,-2.8000000000000007,6.5,-0.006000000000000005,0.07007575757575757,0.125,3,0,0,0,0,1
2016,2,Second Round,Texas A&M,Florida State,4,5,1,-5.060000000000002,2.0100000000000016,-4.5,-3.6799999999999997,-0.5999999999999943,-0.035999999999999976,2.8000000000000007,-6.5,0.006000000000000005,-0.07007575757575757,-0.125,-3,0,0,0,0,0
2016,2,Second Round,DePaul,Louisville,6,3,-3,2.419999999999998,-0.27999999999999936,6.099999999999994,-4.369999999999997,4.1000000000000085,0.04400000000000004,2.8999999999999986,-6.600000000000001,-0.10299999999999998,-0.014705882352941124,-0.04861111111111116,-2,1,0,0,0,1
2016,2,Second Round,Louisville,DePaul,3,6,3,-2.419999999999998,0.27999999999999936,-6.099999999999994,4.369999999999997,-4.1000000000000085,-0.04400000000000004,-2.8999999999999986,6.600000000000001,0.10299999999999998,0.014705882352941124,0.04861111111111116,2,0,1,0,0,0
2016,2,Second Round,Oregon State,St. Bonaventure,2,10,8,19.080000000000002,11.05,7.099999999999994,13.669999999999998,-0.10000000000000853,0.017000000000000015,0.6999999999999993,12.700000000000003,-0.010000000000000009,0.11486486486486491,0.13888888888888884,4,1,0,1,0,1
2016,2,Second Round,St. Bonaventure,Oregon State,10,2,-8,-19.080000000000002,-11.05,-7.099999999999994,-13.669999999999998,0.10000000000000853,-0.017000000000000015,-0.6999999999999993,-12.700000000000003,0.010000000000000009,-0.11486486486486491,-0.13888888888888884,-4,0,1,0,1,0
2016,3,Sweet Sixteen,Baylor,Florida State,1,5,4,8.760000000000002,0.620000000000001,6.700000000000003,6.270000000000003,-0.5999999999999943,0.017000000000000015,2.8000000000000007,-2.1000000000000014,0.03500000000000003,0.18979266347687396,0.13194444444444442,1,1,0,1,0,1
2016,3,Sweet Sixteen,Florida State,Baylor,5,1,-4,-8.760000000000002,-0.620000000000001,-6.700000000000003,-6.270000000000003,0.5999999999999943,-0.017000000000000015,-2.8000000000000007,2.1000000000000014,-0.03500000000000003,-0.18979266347687396,-0.13194444444444442,-1,0,1,0,1,0
2016,3,Sweet Sixteen,Oregon State,DePaul,2,6,4,3.770000000000003,4.27,-10.799999999999997,15.84,-6.1000000000000085,-0.030000000000000027,-4.5,1.7000000000000028,0.05399999999999999,0.11486486486486491,0.0,2,1,1,1,0,1
2016,3,Sweet Sixteen,DePaul,Oregon State,6,2,-4,-3.770000000000003,-4.27,10.799999999999997,-15.84,6.1000000000000085,0.030000000000000027,4.5,-1.7000000000000028,-0.05399999999999999,-0.11486486486486491,0.0,-2,1,1,0,1,0
2016,4,Elite Eight,Oregon State,Baylor,2,1,-1,-6.010000000000002,3.16,-9.400000000000006,-1.0599999999999987,-4.1000000000000085,-0.018000000000000016,-1.8000000000000007,-6.199999999999996,-0.08600000000000002,-0.08250355618776661,-0.05555555555555558,-2,1,1,1,1,1
2016,4,Elite Eight,Baylor,Oregon State,1,2,1,6.010000000000002,-3.16,9.400000000000006,1.0599999999999987,4.1000000000000085,0.018000000000000016,1.8000000000000007,6.199999999999996,0.08600000000000002,0.08250355618776661,0.05555555555555558,2,1,1,1,1,0
2016,1,First Round,Notre Dame,North Carolina A&T,1,16,15,40.38,24.4,16.900000000000006,9.04,4.700000000000003,0.12500000000000006,2.6999999999999993,-4.700000000000003,0.04099999999999998,0.3299539170506912,0.25,6,1,1,1,1,1
2016,1,First Round,North Carolina A&T,Notre Dame,16,1,-15,-40.38,-24.4,-16.900000000000006,-9.04,-4.700000000000003,-0.12500000000000006,-2.6999999999999993,4.700000000000003,-0.04099999999999998,-0.3299539170506912,-0.25,-6,1,1,1,1,0
2016,1,First Round,Indiana,Georgia,9,8,-1,-3.1099999999999994,3.120000000000001,5.599999999999994,-11.639999999999993,3.6000000000000085,0.02699999999999997,1.5,-8.400000000000002,0.10699999999999998,-0.04105571847507328,0.10416666666666663,-3,0,0,0,0,1
2016,1,First Round,Georgia,Indiana,8,9,1,3.1099999999999994,-3.120000000000001,-5.599999999999994,11.639999999999993,-3.6000000000000085,-0.02699999999999997,-1.5,8.400000000000002,-0.10699999999999998,0.04105571847507328,-0.10416666666666663,3,0,0,0,0,0
2016,1,First Round,South Dakota State,Miami,12,5,-7,-6.050000000000001,-6.26,3.799999999999997,-6.539999999999999,-4.200000000000003,-0.0050000000000000044,2.1999999999999993,-2.1999999999999957,-0.007000000000000006,0.06684491978609619,0.1875,0,0,0,1,0,1
2016,1,First Round,Miami,South Dakota State,5,12,7,6.050000000000001,6.26,-3.799999999999997,6.539999999999999,4.200000000000003,0.0050000000000000044,-2.1999999999999993,2.1999999999999957,0.007000000000000006,-0.06684491978609619,-0.1875,0,0,0,0,1,0
2016,1,First Round,Stanford,San Francisco,4,13,9,22.589999999999996,11.79,-3.9000000000000057,14.769999999999996,0.4000000000000057,0.0010000000000000009,2.599999999999998,1.5,-0.05299999999999999,0.1350649350649351,0.2777777777777778,2,0,0,0,1,1
2016,1,First Round,San Francisco,Stanford,13,4,-9,-22.589999999999996,-11.79,3.9000000000000057,-14.769999999999996,-0.4000000000000057,-0.0010000000000000009,-2.599999999999998,-1.5,0.05299999999999999,-0.1350649350649351,-0.2777777777777778,-2,0,0,1,0,0
2016,1,First Round,Oklahoma,Purdue,6,11,5,2.4700000000000024,0.6099999999999994,-1.3000000000000114,1.6999999999999957,4.5,0.0040000000000000036,-1.5999999999999979,-1.6999999999999993,0.028000000000000025,0.04166666666666663,0.05555555555555558,0,0,0,0,0,1
2016,1,First Round,Purdue,Oklahoma,11,6,-5,-2.4700000000000024,-0.6099999999999994,1.3000000000000114,-1.6999999999999957,-4.5,-0.0040000000000000036,1.5999999999999979,1.6999999999999993,-0.028000000000000025,-0.04166666666666663,-0.05555555555555558,0,0,0,0,0,0
2016,1,First Round,Kentucky,UNC Asheville,3,14,11,30.54,23.259999999999998,-1.0999999999999943,17.089999999999996,7.700000000000003,0.032999999999999974,-0.5,-3.3999999999999986,-0.05499999999999999,-0.030303030303030276,-0.17500000000000004,2,0,1,0,1,1
2016,1,First Round,UNC Asheville,Kentucky,14,3,-11,-30.54,-23.259999999999998,1.0999999999999943,-17.089999999999996,-7.700000000000003,-0.032999999999999974,0.5,3.3999999999999986,0.05499999999999999,0.030303030303030276,0.17500000000000004,-2,1,0,1,0,0
2016,1,First Round,Washington,Penn,7,10,3,12.79,14.32,1.5,0.8900000000000006,8.200000000000003,0.04199999999999998,-1.8000000000000007,-6.699999999999999,0.02899999999999997,-0.12488350419384897,-0.31746031746031744,3,0,1,0,0,1
2016,1,First Round,Penn,Washington,10,7,-3,-12.79,-14.32,-1.5,-0.8900000000000006,-8.200000000000003,-0.04199999999999998,1.8000000000000007,6.699999999999999,-0.02899999999999997,0.12488350419384897,0.31746031746031744,-3,1,0,0,0,0
2016,1,First Round,Maryland,Iona,2,15,13,30.870000000000005,13.36,22.099999999999994,14.549999999999997,4.900000000000006,0.11000000000000004,1.1000000000000014,7.799999999999997,0.022999999999999993,0.22857142857142854,0.0888888888888888,3,1,0,1,1,1
2016,1,First Round,Iona,Maryland,15,2,-13,-30.870000000000005,-13.36,-22.099999999999994,-14.549999999999997,-4.900000000000006,-0.11000000000000004,-1.1000000000000014,-7.799999999999997,-0.022999999999999993,-0.22857142857142854,-0.0888888888888888,-3,0,1,1,1,0
2016,2,Second Round,Notre Dame,Indiana,1,9,8,16.75,1.5599999999999987,10.900000000000006,8.639999999999993,0.5999999999999943,0.06800000000000006,-0.40000000000000213,6.099999999999998,-0.02200000000000002,0.3064935064935065,0.33333333333333337,6,1,0,1,0,1
2016,2,Second Round,Indiana,Notre Dame,9,1,-8,-16.75,-1.5599999999999987,-10.900000000000006,-8.639999999999993,-0.5999999999999943,-0.06800000000000006,0.40000000000000213,-6.099999999999998,0.02200000000000002,-0.3064935064935065,-0.33333333333333337,-6,0,1,0,1,0
2016,2,Second Round,Stanford,South Dakota State,4,12,8,13.829999999999998,11.24,0.5999999999999943,10.089999999999996,-1.2999999999999972,0.007000000000000006,-1.5,4.399999999999999,0.05099999999999999,-0.02268907563025202,-0.03472222222222221,1,0,0,0,1,1
2016,2,Second Round,South Dakota State,Stanford,12,4,-8,-13.829999999999998,-11.24,-0.5999999999999943,-10.089999999999996,1.2999999999999972,-0.007000000000000006,1.5,-4.399999999999999,-0.05099999999999999,0.02268907563025202,0.03472222222222221,-1,0,0,1,0,0
2016,2,Second Round,Kentucky,Oklahoma,3,6,3,5.459999999999997,-0.9599999999999991,6.900000000000006,1.0300000000000011,-0.29999999999999716,0.02699999999999997,1.5,5.400000000000002,-0.017000000000000015,0.09090909090909094,0.01388888888888884,2,0,0,0,0,1
2016,2,Second Round,Oklahoma,Kentucky,6,3,-3,-5.459999999999997,0.9599999999999991,-6.900000000000006,-1.0300000000000011,0.29999999999999716,-0.02699999999999997,-1.5,-5.400000000000002,0.017000000000000015,-0.09090909090909094,-0.01388888888888884,-2,0,0,0,0,0
2016,2,Second Round,Washington,Maryland,7,2,-5,-10.960000000000004,3.7200000000000006,-13.899999999999991,-5.899999999999999,-1.4000000000000057,-0.07100000000000006,2.299999999999999,-17.499999999999996,0.043999999999999984,-0.18301158301158293,-0.2777777777777777,0,0,1,0,1,1
2016,2,Second Round,Maryland,Washington,2,7,5,10.960000000000004,-3.7200000000000006,13.899999999999991,5.899999999999999,1.4000000000000057,0.07100000000000006,-2.299999999999999,17.499999999999996,-0.043999999999999984,0.18301158301158293,0.2777777777777777,0,1,0,1,0,0
2016,3,Sweet Sixteen,Stanford,Notre Dame,4,1,-3,-5.470000000000002,0.47000000000000064,-7.900000000000006,1.1400000000000006,-5.599999999999994,-0.06000000000000005,0.3000000000000007,2.6000000000000014,-0.046999999999999986,-0.17142857142857137,-0.2222222222222222,-4,0,1,0,1,1
2016,3,Sweet Sixteen,Notre Dame,Stanford,1,4,3,5.470000000000002,-0.47000000000000064,7.900000000000006,-1.1400000000000006,5.599999999999994,0.06000000000000005,-0.3000000000000007,-2.6000000000000014,0.046999999999999986,0.17142857142857137,0.2222222222222222,4,1,0,1,0,0
2016,3,Sweet Sixteen,Washington,Kentucky,7,3,-4,-3.5,2.41,-2.299999999999997,-4.909999999999997,-1.2999999999999972,-0.016000000000000014,1.9999999999999982,-9.8,-0.0050000000000000044,-0.05487305487305483,-0.01388888888888884,1,0,0,0,0,1
2016,3,Sweet Sixteen,Kentucky,Washington,3,7,4,3.5,-2.41,2.299999999999997,4.909999999999997,1.2999999999999972,0.016000000000000014,-1.9999999999999982,9.8,0.0050000000000000044,0.05487305487305483,0.01388888888888884,-1,0,0,0,0,0
2016,4,Elite Eight,Washington,Stanford,7,4,-3,-4.75,-0.09999999999999964,-2.5999999999999943,-5.839999999999996,5.099999999999994,-0.009000000000000008,1.4000000000000004,-10.7,0.0,-0.06872586872586872,-0.16666666666666663,1,0,0,0,0,1
2016,4,Elite Eight,Stanford,Washington,4,7,3,4.75,0.09999999999999964,2.5999999999999943,5.839999999999996,-5.099999999999994,0.009000000000000008,-1.4000000000000004,10.7,0.0,0.06872586872586872,0.16666666666666663,-1,0,0,0,0,0
2016,1,First Round,South Carolina,Jacksonville,1,16,15,27.86,18.45,7.700000000000003,5.489999999999995,4.0,0.045999999999999985,4.199999999999999,-5.199999999999996,0.09599999999999997,0.2761904761904762,0.2142857142857143,5,1,0,1,1,1
2016,1,First Round,Jacksonville,South Carolina,16,1,-15,-27.86,-18.45,-7.700000000000003,-5.489999999999995,-4.0,-0.045999999999999985,-4.199999999999999,5.199999999999996,-0.09599999999999997,-0.2761904761904762,-0.2142857142857143,-5,0,1,1,1,0
2016,1,First Round,Kansas State,George Washington,9,8,-1,1.8699999999999992,8.05,-3.700000000000003,3.480000000000004,-3.5999999999999943,0.02999999999999997,-0.6000000000000014,-17.8,0.045999999999999985,-0.19412878787878785,-0.3680555555555556,0,0,1,0,1,1
2016,1,First Round,George Washington,Kansas State,8,9,1,-1.8699999999999992,-8.05,3.700000000000003,-3.480000000000004,3.5999999999999943,-0.02999999999999997,0.6000000000000014,17.8,-0.045999999999999985,0.19412878787878785,0.3680555555555556,0,1,0,1,0,0
2016,1,First Round,Albany (NY),Florida,12,5,-7,-4.959999999999999,-13.7,7.700000000000003,-7.990000000000002,-12.599999999999994,0.031000000000000028,3.8000000000000007,1.8999999999999986,0.007000000000000006,0.13880742913000976,0.3125,-1,1,0,1,0,1
2016,1,First Round,Florida,Albany (NY),5,12,7,4.959999999999999,13.7,-7.700000000000003,7.990000000000002,12.599999999999994,-0.031000000000000028,-3.8000000000000007,-1.8999999999999986,-0.007000000000000006,-0.13880742913000976,-0.3125,1,0,1,0,1,0
2016,1,First Round,Syracuse,Army,4,13,9,12.92,19.42,-9.799999999999997,10.5,9.200000000000003,-0.07300000000000001,2.299999999999999,-0.7999999999999972,-0.008000000000000007,-0.11677631578947367,-0.13194444444444442,3,0,1,0,1,1
2016,1,First Round,Army,Syracuse,13,4,-9,-12.92,-19.42,9.799999999999997,-10.5,-9.200000000000003,0.07300000000000001,-2.299999999999999,0.7999999999999972,0.008000000000000007,0.11677631578947367,0.13194444444444442,-3,1,0,1,0,0
2016,1,First Round,West Virginia,Princeton,6,11,5,4.379999999999999,9.81,-7.199999999999989,7.43,0.20000000000000284,-0.02100000000000002,-1.2999999999999972,-3.0,0.010000000000000009,-0.0788177339901478,-0.19047619047619047,2,0,0,0,0,1
2016,1,First Round,Princeton,West Virginia,11,6,-5,-4.379999999999999,-9.81,7.199999999999989,-7.43,-0.20000000000000284,0.02100000000000002,1.2999999999999972,3.0,-0.010000000000000009,0.0788177339901478,0.19047619047619047,-2,0,0,0,0,0
2016,1,First Round,Ohio State,Buffalo,3,14,11,26.32,15.32,22.700000000000003,2.4499999999999957,7.0,0.12200000000000005,4.200000000000001,-8.8,0.03799999999999998,0.17647058823529405,0.38888888888888895,3,0,0,0,1,1
2016,1,First Round,Buffalo,Ohio State,14,3,-11,-26.32,-15.32,-22.700000000000003,-2.4499999999999957,-7.0,-0.12200000000000005,-4.200000000000001,8.8,-0.03799999999999998,-0.17647058823529405,-0.38888888888888895,-3,0,0,1,0,0
2016,1,First Round,Tennessee,Green Bay,7,10,3,5.389999999999997,12.8,-7.299999999999997,2.4100000000000037,4.700000000000003,-0.04899999999999999,-2.0,3.0,0.03799999999999998,-0.23737373737373735,-0.38888888888888884,4,0,1,0,1,1
2016,1,First Round,Green Bay,Tennessee,10,7,-3,-5.389999999999997,-12.8,7.299999999999997,-2.4100000000000037,-4.700000000000003,0.04899999999999999,2.0,-3.0,-0.03799999999999998,0.23737373737373735,0.38888888888888884,-4,1,0,1,0,0
2016,1,First Round,Arizona State,New Mexico State,2,15,13,19.799999999999997,18.67,-4.5,12.439999999999998,-1.8000000000000114,-0.010999999999999954,-0.3999999999999986,2.1999999999999957,0.010000000000000009,-0.050830889540567026,-0.039682539682539764,0,1,1,0,1,1
2016,1,First Round,New Mexico State,Arizona State,15,2,-13,-19.799999999999997,-18.67,4.5,-12.439999999999998,1.8000000000000114,0.010999999999999954,0.3999999999999986,-2.1999999999999957,-0.010000000000000009,0.050830889540567026,0.039682539682539764,0,1,1,1,0,0
2016,2,Second Round,South Carolina,Kansas State,1,9,8,16.53,1.6399999999999988,13.700000000000003,7.099999999999994,-0.4000000000000057,0.03400000000000003,1.8999999999999986,12.400000000000002,0.09999999999999998,0.34910714285714284,0.5555555555555556,4,1,0,1,0,1
2016,2,Second Round,Kansas State,South Carolina,9,1,-8,-16.53,-1.6399999999999988,-13.700000000000003,-7.099999999999994,0.4000000000000057,-0.03400000000000003,-1.8999999999999986,-12.400000000000002,-0.09999999999999998,-0.34910714285714284,-0.5555555555555556,-4,0,1,0,1,0
2016,2,Second Round,Syracuse,Albany (NY),4,12,8,11.299999999999999,16.02,-7.200000000000003,12.79,7.400000000000006,-0.067,3.0999999999999996,-4.899999999999999,-0.07200000000000001,-0.05901116427432218,-0.125,3,0,1,0,1,1
2016,2,Second Round,Albany (NY),Syracuse,12,4,-8,-11.299999999999999,-16.02,7.200000000000003,-12.79,-7.400000000000006,0.067,-3.0999999999999996,4.899999999999999,0.07200000000000001,0.05901116427432218,0.125,-3,1,0,1,0,0
2016,2,Second Round,Ohio State,West Virginia,3,6,3,5.260000000000002,5.67,10.799999999999997,-7.850000000000001,6.200000000000003,0.04300000000000004,4.799999999999999,-7.9999999999999964,-0.02200000000000002,0.05042016806722682,0.16666666666666674,1,0,0,0,0,1
2016,2,Second Round,West Virginia,Ohio State,6,3,-3,-5.260000000000002,-5.67,-10.799999999999997,7.850000000000001,-6.200000000000003,-0.04300000000000004,-4.799999999999999,7.9999999999999964,0.02200000000000002,-0.05042016806722682,-0.16666666666666674,-1,0,0,0,0,0
2016,2,Second Round,Tennessee,Arizona State,7,2,-5,-1.25,1.1899999999999995,-2.1000000000000085,-1.1999999999999957,3.4000000000000057,-0.02200000000000002,-0.1999999999999993,1.3000000000000043,0.012999999999999956,-0.17676767676767668,-0.38888888888888884,5,0,1,0,0,1
2016,2,Second Round,Arizona State,Tennessee,2,7,5,1.25,-1.1899999999999995,2.1000000000000085,1.1999999999999957,-3.4000000000000057,0.02200000000000002,0.1999999999999993,-1.3000000000000043,-0.012999999999999956,0.17676767676767668,0.38888888888888884,-5,1,0,0,0,0
2016,3,Sweet Sixteen,Syracuse,South Carolina,4,1,-3,-6.25,-0.6999999999999993,-7.299999999999997,-2.0700000000000003,4.300000000000011,-0.065,2.200000000000001,-0.10000000000000142,-0.14499999999999996,-0.1533834586466165,-0.1875,-2,0,1,0,1,1
2016,3,Sweet Sixteen,South Carolina,Syracuse,1,4,3,6.25,0.6999999999999993,7.299999999999997,2.0700000000000003,-4.300000000000011,0.065,-2.200000000000001,0.10000000000000142,0.14499999999999996,0.1533834586466165,0.1875,2,1,0,1,0,0
2016,3,Sweet Sixteen,Tennessee,Ohio State,7,3,-4,-5.270000000000003,-0.39000000000000057,-15.900000000000006,8.550000000000004,-7.700000000000003,-0.09700000000000003,-3.5999999999999996,9.900000000000002,-0.01100000000000001,-0.15359477124182996,-0.33333333333333337,1,0,0,0,0,1
2016,3,Sweet Sixteen,Ohio State,Tennessee,3,7,4,5.270000000000003,0.39000000000000057,15.900000000000006,-8.550000000000004,7.700000000000003,0.09700000000000003,3.5999999999999996,-9.900000000000002,0.01100000000000001,0.15359477124182996,0.33333333333333337,-1,0,0,0,0,0
2016,4,Elite Eight,Syracuse,Tennessee,4,7,3,3.210000000000001,-2.5700000000000003,3.700000000000003,1.5699999999999932,4.900000000000006,0.0,3.299999999999999,-0.7000000000000028,-0.011999999999999955,0.17836257309941517,0.3125,-2,0,0,0,0,1
2016,4,Elite Eight,Tennessee,Syracuse,7,4,-3,-3.210000000000001,2.5700000000000003,-3.700000000000003,-1.5699999999999932,-4.900000000000006,0.0,-3.299999999999999,0.7000000000000028,0.011999999999999955,-0.17836257309941517,-0.3125,2,0,0,0,0,0
2016,6,Championship,UConn,Syracuse,1,4,3,27.29,-0.05000000000000071,26.700000000000003,12.670000000000002,-3.8000000000000114,0.15199999999999997,0.8000000000000007,2.299999999999997,-0.03900000000000001,0.21052631578947367,0.1875,6,1,0,1,0,1
2016,6,Championship,Syracuse,UConn,4,1,-3,-27.29,0.05000000000000071,-26.700000000000003,-12.670000000000002,3.8000000000000114,-0.15199999999999997,-0.8000000000000007,-2.299999999999997,0.03900000000000001,-0.21052631578947367,-0.1875,-6,0,1,0,1,0
2017,1,First Round,UConn,Albany (NY),1,16,15,48.86,18.27,30.10000000000001,23.93,0.0,0.13799999999999996,7.700000000000001,-4.5,0.031000000000000028,0.3366093366093367,0.25,8,1,0,1,1,1
2017,1,First Round,Albany (NY),UConn,16,1,-15,-48.86,-18.27,-30.10000000000001,-23.93,0.0,-0.13799999999999996,-7.700000000000001,4.5,-0.031000000000000028,-0.3366093366093367,-0.25,-8,0,1,1,1,0
2017,1,First Round,Syracuse,Iowa State,8,9,1,4.559999999999999,-1.7400000000000002,0.0,2.230000000000004,4.8999999999999915,-0.010999999999999954,-0.1999999999999993,9.200000000000003,-0.010999999999999954,0.08602150537634401,0.1875,1,0,0,0,0,1
2017,1,First Round,Iowa State,Syracuse,9,8,-1,-4.559999999999999,1.7400000000000002,0.0,-2.230000000000004,-4.8999999999999915,0.010999999999999954,0.1999999999999993,-9.200000000000003,0.010999999999999954,-0.08602150537634401,-0.1875,-1,0,0,0,0,0
2017,1,First Round,Texas A&M,Penn,5,12,7,11.400000000000002,13.71,2.0,0.4799999999999969,6.000000000000007,0.017000000000000015,-2.4000000000000004,1.8999999999999986,0.09000000000000002,-0.08627450980392148,-0.3660714285714286,1,0,1,0,1,1
2017,1,First Round,Penn,Texas A&M,12,5,-7,-11.400000000000002,-13.71,-2.0,-0.4799999999999969,-6.000000000000007,-0.017000000000000015,2.4000000000000004,-1.8999999999999986,-0.09000000000000002,0.08627450980392148,0.3660714285714286,-1,1,0,1,0,0
2017,1,First Round,UCLA,Boise State,4,13,9,20.25,14.120000000000001,3.6000000000000085,8.939999999999998,3.3999999999999915,0.006000000000000005,3.799999999999999,-0.7000000000000028,0.092,-0.022281639928698693,0.05555555555555558,4,0,0,0,1,1
2017,1,First Round,Boise State,UCLA,13,4,-9,-20.25,-14.120000000000001,-3.6000000000000085,-8.939999999999998,-3.3999999999999915,-0.006000000000000005,-3.799999999999999,0.7000000000000028,-0.092,0.022281639928698693,-0.05555555555555558,-4,0,0,1,0,0
2017,1,First Round,West Virginia,Elon,6,11,5,9.81,8.86,-1.1000000000000085,5.109999999999999,3.6999999999999886,0.028000000000000025,-1.6000000000000014,-6.0,-0.04299999999999998,-0.10840336134453776,-0.4444444444444444,3,0,1,1,1,1
2017,1,First Round,Elon,West Virginia,11,6,-5,-9.81,-8.86,1.1000000000000085,-5.109999999999999,-3.6999999999999886,-0.028000000000000025,1.6000000000000014,6.0,0.04299999999999998,0.10840336134453776,0.4444444444444444,-3,1,0,1,1,0
2017,1,First Round,Maryland,Bucknell,3,14,11,29.049999999999997,12.59,17.89999999999999,13.54,8.799999999999997,0.05700000000000005,3.6999999999999993,12.600000000000001,-0.026000000000000023,0.09610389610389602,0.04861111111111116,3,1,1,1,1,1
2017,1,First Round,Bucknell,Maryland,14,3,-11,-29.049999999999997,-12.59,-17.89999999999999,-13.54,-8.799999999999997,-0.05700000000000005,-3.6999999999999993,-12.600000000000001,0.026000000000000023,-0.09610389610389602,-0.04861111111111116,-3,1,1,1,1,0
2017,1,First Round,Oregon,Temple,10,7,-3,6.200000000000001,10.34,2.3999999999999915,-1.4699999999999989,-0.5,0.05099999999999999,-2.0,-3.799999999999997,-0.030000000000000027,-0.1283783783783784,-0.3680555555555556,3,0,0,0,0,1
2017,1,First Round,Temple,Oregon,7,10,3,-6.200000000000001,-10.34,-2.3999999999999915,1.4699999999999989,0.5,-0.05099999999999999,2.0,3.799999999999997,0.030000000000000027,0.1283783783783784,0.3680555555555556,-3,0,0,0,0,0
2017,1,First Round,Duke,Hampton,2,15,13,35.81,17.740000000000002,19.39999999999999,14.18,-0.9000000000000057,0.138,-1.6999999999999993,3.3000000000000043,-0.03899999999999998,0.21746880570409977,0.125,5,0,0,0,1,1
2017,1,First Round,Hampton,Duke,15,2,-13,-35.81,-17.740000000000002,-19.39999999999999,-14.18,0.9000000000000057,-0.138,1.6999999999999993,-3.3000000000000043,0.03899999999999998,-0.21746880570409977,-0.125,-5,0,0,1,0,0
2017,2,Second Round,UConn,Syracuse,1,8,7,23.8,2.880000000000001,17.200000000000003,15.21,-4.099999999999994,0.12799999999999995,0.09999999999999964,-3.3000000000000043,0.0040000000000000036,0.3063063063063064,0.3125,6,1,0,1,0,1
2017,2,Second Round,Syracuse,UConn,8,1,-7,-23.8,-2.880000000000001,-17.200000000000003,-15.21,4.099999999999994,-0.12799999999999995,-0.09999999999999964,3.3000000000000043,-0.0040000000000000036,-0.3063063063063064,-0.3125,-6,0,1,0,1,0
2017,2,Second Round,UCLA,Texas A&M,4,5,1,8.889999999999997,4.16,0.9000000000000057,7.530000000000001,5.199999999999989,-0.006000000000000005,3.4000000000000004,-2.3999999999999986,-0.025000000000000022,0.08823529411764708,0.1597222222222222,3,0,0,0,0,1
2017,2,Second Round,Texas A&M,UCLA,5,4,-1,-8.889999999999997,-4.16,-0.9000000000000057,-7.530000000000001,-5.199999999999989,0.006000000000000005,-3.4000000000000004,2.3999999999999986,0.025000000000000022,-0.08823529411764708,-0.1597222222222222,-3,0,0,0,0,0
2017,2,Second Round,Maryland,West Virginia,3,6,3,10.389999999999997,-3.01,16.700000000000003,-1.8900000000000006,3.0,0.05900000000000005,2.5,12.100000000000001,0.01200000000000001,0.22857142857142854,0.4930555555555556,0,1,0,1,1,1
2017,2,Second Round,West Virginia,Maryland,6,3,-3,-10.389999999999997,3.01,-16.700000000000003,1.8900000000000006,-3.0,-0.05900000000000005,-2.5,-12.100000000000001,-0.01200000000000001,-0.22857142857142854,-0.4930555555555556,0,0,1,1,1,0
2017,2,Second Round,Oregon,Duke,10,2,-8,-7.899999999999999,5.249999999999998,-3.0,-12.399999999999999,-0.5999999999999943,-0.020000000000000018,1.5,-1.6000000000000014,-0.061,-0.20190779014308424,-0.3680555555555556,-1,0,0,0,0,1
2017,2,Second Round,Duke,Oregon,2,10,8,7.899999999999999,-5.249999999999998,3.0,12.399999999999999,0.5999999999999943,0.020000000000000018,-1.5,1.6000000000000014,0.061,0.20190779014308424,0.3680555555555556,1,0,0,0,0,0
2017,3,Sweet Sixteen,UConn,UCLA,1,4,3,19.21,-2.66,19.5,9.630000000000003,-1.3999999999999915,0.13199999999999995,-1.0,0.3999999999999986,-0.019999999999999962,0.23767885532591415,0.2777777777777778,4,1,0,1,0,1
2017,3,Sweet Sixteen,UCLA,UConn,4,1,-3,-19.21,2.66,-19.5,-9.630000000000003,1.3999999999999915,-0.13199999999999995,1.0,-0.3999999999999986,0.019999999999999962,-0.23767885532591415,-0.2777777777777778,-4,0,1,0,1,0
2017,3,Sweet Sixteen,Oregon,Maryland,10,3,-7,-11.129999999999995,8.589999999999998,-16.5,-2.990000000000002,-5.699999999999989,-0.05700000000000005,-1.1999999999999993,-12.100000000000001,-0.067,-0.29266409266409266,-0.4930555555555556,1,0,1,0,1,1
2017,3,Sweet Sixteen,Maryland,Oregon,3,10,7,11.129999999999995,-8.589999999999998,16.5,2.990000000000002,5.699999999999989,0.05700000000000005,1.1999999999999993,12.100000000000001,0.067,0.29266409266409266,0.4930555555555556,-1,1,0,1,0,0
2017,4,Elite Eight,UConn,Oregon,1,10,9,24.869999999999997,-2.2399999999999984,20.900000000000006,15.660000000000004,0.7999999999999972,0.09299999999999997,2.799999999999999,2.6999999999999957,0.03200000000000003,0.3513513513513514,0.5555555555555556,4,1,0,1,0,1
2017,4,Elite Eight,Oregon,UConn,10,1,-9,-24.869999999999997,2.2399999999999984,-20.900000000000006,-15.660000000000004,-0.7999999999999972,-0.09299999999999997,-2.799999999999999,-2.6999999999999957,-0.03200000000000003,-0.3513513513513514,-0.5555555555555556,-4,0,1,0,1,0
2017,1,First Round,Notre Dame,Robert Morris,1,16,15,42.31,28.380000000000003,18.900000000000006,13.269999999999996,4.200000000000003,0.07500000000000001,4.800000000000001,4.100000000000001,0.007000000000000006,0.22522522522522526,0.1597222222222222,6,1,1,1,1,1
2017,1,First Round,Robert Morris,Notre Dame,16,1,-15,-42.31,-28.380000000000003,-18.900000000000006,-13.269999999999996,-4.200000000000003,-0.07500000000000001,-4.800000000000001,-4.100000000000001,-0.007000000000000006,-0.22522522522522526,-0.1597222222222222,-6,1,1,1,1,0
2017,1,First Round,Purdue,Green Bay,9,8,-1,-0.14999999999999858,10.02,-9.600000000000009,-0.35999999999999943,4.299999999999997,-0.04800000000000004,-0.7999999999999972,-5.599999999999998,0.055999999999999994,-0.1792929292929294,-0.20833333333333337,-1,0,1,0,1,1
2017,1,First Round,Green Bay,Purdue,8,9,1,0.14999999999999858,-10.02,9.600000000000009,0.35999999999999943,-4.299999999999997,0.04800000000000004,0.7999999999999972,5.599999999999998,-0.055999999999999994,0.1792929292929294,0.20833333333333337,1,1,0,1,0,0
2017,1,First Round,Ohio State,Western Kentucky,5,12,7,10.47,9.45,-4.0,7.899999999999999,12.799999999999997,0.018000000000000016,-1.9000000000000004,-4.700000000000003,0.015000000000000013,0.005882352941176561,0.04861111111111116,3,1,1,0,1,1
2017,1,First Round,Western Kentucky,Ohio State,12,5,-7,-10.47,-9.45,4.0,-7.899999999999999,-12.799999999999997,-0.018000000000000016,1.9000000000000004,4.700000000000003,-0.015000000000000013,-0.005882352941176561,-0.04861111111111116,-3,1,1,1,0,0
2017,1,First Round,Kentucky,Belmont,4,13,9,16.43,20.68,-10.0,13.290000000000006,-0.09999999999999432,-0.05900000000000005,1.8000000000000007,-6.900000000000002,0.0050000000000000044,-0.1515151515151516,-0.3125,2,0,1,0,1,1
2017,1,First Round,Belmont,Kentucky,13,4,-9,-16.43,-20.68,10.0,-13.290000000000006,0.09999999999999432,0.05900000000000005,-1.8000000000000007,6.900000000000002,-0.0050000000000000044,0.1515151515151516,0.3125,-2,1,0,1,0,0
2017,1,First Round,NC State,Auburn,6,11,5,6.959999999999999,-3.3199999999999985,9.200000000000003,-0.25,2.4000000000000057,0.064,-0.10000000000000142,-1.2000000000000028,0.059,0.1875,0.3125,1,0,0,0,0,1
2017,1,First Round,Auburn,NC State,11,6,-5,-6.959999999999999,3.3199999999999985,-9.200000000000003,0.25,-2.4000000000000057,-0.064,0.10000000000000142,1.2000000000000028,-0.059,-0.1875,-0.3125,-1,0,0,0,0,0
2017,1,First Round,Texas,Central Arkansas,3,14,11,28.52,26.9,-14.400000000000006,10.819999999999993,13.800000000000004,-0.02300000000000002,0.10000000000000142,1.4000000000000057,-0.05399999999999999,-0.103415559772296,-0.05555555555555547,3,0,1,0,1,1
2017,1,First Round,Central Arkansas,Texas,14,3,-11,-28.52,-26.9,14.400000000000006,-10.819999999999993,-13.800000000000004,0.02300000000000002,-0.10000000000000142,-1.4000000000000057,0.05399999999999999,0.103415559772296,0.05555555555555547,-3,1,0,1,0,0
2017,1,First Round,Kansas State,Drake,7,10,3,6.710000000000001,17.68,-16.700000000000003,11.240000000000002,-1.8999999999999915,-0.08100000000000007,-0.29999999999999716,-2.3000000000000043,0.07999999999999996,-0.17201426024955435,-0.38888888888888884,1,0,1,0,1,1
2017,1,First Round,Drake,Kansas State,10,7,-3,-6.710000000000001,-17.68,16.700000000000003,-11.240000000000002,1.8999999999999915,0.08100000000000007,0.29999999999999716,2.3000000000000043,-0.07999999999999996,0.17201426024955435,0.38888888888888884,-1,1,0,1,0,0
2017,1,First Round,Stanford,New Mexico State,2,15,13,27.54,19.68,0.7000000000000028,15.61,1.9000000000000057,0.016000000000000014,1.5,-0.10000000000000142,0.007000000000000006,0.06791171477079794,-0.16666666666666663,2,0,1,1,1,1
2017,1,First Round,New Mexico State,Stanford,15,2,-13,-27.54,-19.68,-0.7000000000000028,-15.61,-1.9000000000000057,-0.016000000000000014,-1.5,0.10000000000000142,-0.007000000000000006,-0.06791171477079794,0.16666666666666663,-2,1,0,1,1,0
2017,2,Second Round,Notre Dame,Purdue,1,9,8,16.63,6.380000000000001,15.100000000000009,2.4099999999999966,1.7999999999999972,0.06700000000000006,2.3999999999999986,3.900000000000002,-0.021999999999999964,0.25300300300300305,0.3125,6,1,0,1,0,1
2017,2,Second Round,Purdue,Notre Dame,9,1,-8,-16.63,-6.380000000000001,-15.100000000000009,-2.4099999999999966,-1.7999999999999972,-0.06700000000000006,-2.3999999999999986,-3.900000000000002,0.021999999999999964,-0.25300300300300305,-0.3125,-6,0,1,0,1,0
2017,2,Second Round,Ohio State,Kentucky,5,4,-1,1.3900000000000006,-5.41,6.1000000000000085,-2.230000000000004,10.399999999999991,0.041000000000000036,-0.40000000000000036,2.6999999999999993,-0.006000000000000005,0.13333333333333341,0.25,1,1,0,0,0,1
2017,2,Second Round,Kentucky,Ohio State,4,5,1,-1.3900000000000006,5.41,-6.1000000000000085,2.230000000000004,-10.399999999999991,-0.041000000000000036,0.40000000000000036,-2.6999999999999993,0.006000000000000005,-0.13333333333333341,-0.25,-1,0,1,0,0,0
2017,2,Second Round,Texas,NC State,3,6,3,8.030000000000001,8.15,-0.9000000000000057,6.329999999999998,3.5,-0.0050000000000000044,-0.7999999999999972,10.200000000000003,-0.08800000000000002,0.016544117647058876,0.08333333333333337,2,0,0,0,0,1
2017,2,Second Round,NC State,Texas,6,3,-3,-8.030000000000001,-8.15,0.9000000000000057,-6.329999999999998,-3.5,0.0050000000000000044,0.7999999999999972,-10.200000000000003,0.08800000000000002,-0.016544117647058876,-0.08333333333333337,-2,0,0,0,0,0
2017,2,Second Round,Stanford,Kansas State,2,7,5,9.649999999999999,-0.5599999999999987,7.700000000000003,4.799999999999997,-1.5,0.026000000000000023,1.5,4.600000000000001,-0.055999999999999994,0.16563467492260053,0.2222222222222222,1,0,0,1,0,1
2017,2,Second Round,Kansas State,Stanford,7,2,-5,-9.649999999999999,0.5599999999999987,-7.700000000000003,-4.799999999999997,1.5,-0.026000000000000023,-1.5,-4.600000000000001,0.055999999999999994,-0.16563467492260053,-0.2222222222222222,-1,0,0,0,1,0
2017,3,Sweet Sixteen,Notre Dame,Ohio State,1,5,4,9.36,5.720000000000001,4.0,6.509999999999998,-8.0,0.031000000000000028,-0.40000000000000036,1.2000000000000028,-0.03899999999999998,0.09189189189189184,0.0,3,1,1,1,0,1
2017,3,Sweet Sixteen,Ohio State,Notre Dame,5,1,-4,-9.36,-5.720000000000001,-4.0,-6.509999999999998,8.0,-0.031000000000000028,0.40000000000000036,-1.2000000000000028,0.03899999999999998,-0.09189189189189184,0.0,-3,1,1,0,1,0
2017,3,Sweet Sixteen,Stanford,Texas,2,3,1,2.3999999999999986,-0.9600000000000009,3.200000000000003,0.3200000000000003,-4.5,0.018000000000000016,0.5,-5.300000000000004,0.04299999999999998,0.10681114551083581,0.0,-1,0,0,1,0,1
2017,3,Sweet Sixteen,Texas,Stanford,3,2,-1,-2.3999999999999986,0.9600000000000009,-3.200000000000003,-0.3200000000000003,4.5,-0.018000000000000016,-0.5,5.300000000000004,-0.04299999999999998,-0.10681114551083581,0.0,1,0,0,0,1,0
2017,4,Elite Eight,Stanford,Notre Dame,2,1,-1,-2.080000000000002,0.4900000000000002,-8.200000000000003,4.609999999999999,-2.5999999999999943,-0.04400000000000004,-1.3999999999999986,1.6999999999999957,0.020999999999999963,-0.049786628733997196,-0.10416666666666663,-4,0,1,1,1,1
2017,4,Elite Eight,Notre Dame,Stanford,1,2,1,2.080000000000002,-0.4900000000000002,8.200000000000003,-4.609999999999999,2.5999999999999943,0.04400000000000004,1.3999999999999986,-1.6999999999999957,-0.020999999999999963,0.049786628733997196,0.10416666666666663,4,1,0,1,1,0
2017,1,First Round,Baylor,Texas Southern,1,16,15,58.519999999999996,27.009999999999998,31.299999999999997,25.75,6.299999999999997,0.10400000000000004,8.999999999999998,9.699999999999996,-0.09499999999999997,0.19492219492219487,0.16666666666666663,8,1,1,0,1,1
2017,1,First Round,Texas Southern,Baylor,16,1,-15,-58.519999999999996,-27.009999999999998,-31.299999999999997,-25.75,-6.299999999999997,-0.10400000000000004,-8.999999999999998,-9.699999999999996,0.09499999999999997,-0.19492219492219487,-0.16666666666666663,-8,1,1,1,0,0
2017,1,First Round,California,LSU,9,8,-1,0.16000000000000014,0.9800000000000004,2.5,-4.479999999999997,3.5999999999999943,0.063,-3.3000000000000007,-3.3999999999999986,-0.062,-0.03676470588235292,-0.16666666666666669,1,0,0,0,0,1
2017,1,First Round,LSU,California,8,9,1,-0.16000000000000014,-0.9800000000000004,-2.5,4.479999999999997,-3.5999999999999943,-0.063,3.3000000000000007,3.3999999999999986,0.062,0.03676470588235292,0.16666666666666669,-1,0,0,0,0,0
2017,1,First Round,Tennessee,Dayton,5,12,7,11.88,10.53,5.400000000000006,4.220000000000006,4.0,0.019999999999999962,2.299999999999999,-4.399999999999999,-0.0010000000000000009,-0.0625,-0.1875,3,0,1,0,1,1
2017,1,First Round,Dayton,Tennessee,12,5,-7,-11.88,-10.53,-5.400000000000006,-4.220000000000006,-4.0,-0.019999999999999962,-2.299999999999999,4.399999999999999,0.0010000000000000009,0.0625,0.1875,-3,1,0,1,0,0
2017,1,First Round,Louisville,Chattanooga,4,13,9,21.65,12.9,2.0999999999999943,19.639999999999993,9.199999999999996,0.006000000000000005,0.3000000000000007,4.5,-0.027000000000000024,0.12753378378378377,-0.1071428571428571,6,0,1,0,1,1
2017,1,First Round,Chattanooga,Louisville,13,4,-9,-21.65,-12.9,-2.0999999999999943,-19.639999999999993,-9.199999999999996,-0.006000000000000005,-0.3000000000000007,-4.5,0.027000000000000024,-0.12753378378378377,0.1071428571428571,-6,1,0,1,0,0
2017,1,First Round,Oklahoma,Gonzaga,6,11,5,3.3900000000000006,12.66,-9.900000000000006,3.009999999999998,8.599999999999994,-0.01599999999999996,0.0,-12.299999999999997,0.0020000000000000018,-0.09090909090909083,-0.05555555555555558,-1,0,1,0,1,1
2017,1,First Round,Gonzaga,Oklahoma,11,6,-5,-3.3900000000000006,-12.66,9.900000000000006,-3.009999999999998,-8.599999999999994,0.01599999999999996,0.0,12.299999999999997,-0.0020000000000000018,0.09090909090909083,0.05555555555555558,1,1,0,1,0,0
2017,1,First Round,Washington,Montana State,3,14,11,29.519999999999996,14.42,19.400000000000006,6.079999999999998,-0.5999999999999943,0.08700000000000002,5.100000000000001,-2.0,0.04400000000000004,0.047321428571428625,0.0,2,0,1,0,1,1
2017,1,First Round,Montana State,Washington,14,3,-11,-29.519999999999996,-14.42,-19.400000000000006,-6.079999999999998,0.5999999999999943,-0.08700000000000002,-5.100000000000001,2.0,-0.04400000000000004,-0.047321428571428625,0.0,-2,1,0,1,0,0
2017,1,First Round,DePaul,Northern Iowa,7,10,3,13.31,8.809999999999999,6.700000000000003,2.1799999999999997,9.599999999999994,0.055999999999999994,-0.40000000000000036,2.5,-0.06200000000000003,0.04415584415584417,0.05555555555555547,2,1,0,0,0,1
2017,1,First Round,Northern Iowa,DePaul,10,7,-3,-13.31,-8.809999999999999,-6.700000000000003,-2.1799999999999997,-9.599999999999994,-0.055999999999999994,0.40000000000000036,-2.5,0.06200000000000003,-0.04415584415584417,-0.05555555555555547,-2,0,1,0,0,0
2017,1,First Round,Mississippi St.,Troy,2,15,13,31.54,19.91,7.6000000000000085,16.480000000000004,-13.0,0.044999999999999984,3.8999999999999986,-3.3000000000000043,0.04700000000000004,0.20512820512820518,0.14583333333333337,3,0,0,0,1,1
2017,1,First Round,Troy,Mississippi St.,15,2,-13,-31.54,-19.91,-7.6000000000000085,-16.480000000000004,13.0,-0.044999999999999984,-3.8999999999999986,3.3000000000000043,-0.04700000000000004,-0.20512820512820518,-0.14583333333333337,-3,0,0,1,0,0
2017,2,Second Round,Baylor,California,1,9,8,28.209999999999997,-1.3599999999999994,22.5,15.939999999999998,4.0,0.04400000000000004,5.9,13.699999999999996,0.041000000000000036,0.3036565977742448,0.6111111111111112,6,1,0,0,0,1
2017,2,Second Round,California,Baylor,9,1,-8,-28.209999999999997,1.3599999999999994,-22.5,-15.939999999999998,-4.0,-0.04400000000000004,-5.9,-13.699999999999996,-0.041000000000000036,-0.3036565977742448,-0.6111111111111112,-6,0,1,0,0,0
2017,2,Second Round,Louisville,Tennessee,4,5,1,4.699999999999999,-1.4499999999999993,4.3999999999999915,4.8899999999999935,-2.1000000000000085,0.027000000000000024,-0.5999999999999996,6.5,-0.08700000000000002,0.15878378378378377,0.125,2,0,0,0,0,1
2017,2,Second Round,Tennessee,Louisville,5,4,-1,-4.699999999999999,1.4499999999999993,-4.3999999999999915,-4.8899999999999935,2.1000000000000085,-0.027000000000000024,0.5999999999999996,-6.5,0.08700000000000002,-0.15878378378378377,-0.125,-2,0,0,0,0,0
2017,2,Second Round,Washington,Oklahoma,3,6,3,14.329999999999998,-2.2799999999999994,22.60000000000001,-0.0799999999999983,-5.0,0.08500000000000002,5.0,2.5,0.017000000000000015,0.1316017316017316,0.11111111111111116,2,0,0,0,0,1
2017,2,Second Round,Oklahoma,Washington,6,3,-3,-14.329999999999998,2.2799999999999994,-22.60000000000001,0.0799999999999983,5.0,-0.08500000000000002,-5.0,-2.5,-0.017000000000000015,-0.1316017316017316,-0.11111111111111116,-2,0,0,0,0,0
2017,2,Second Round,Mississippi St.,DePaul,2,7,5,12.32,6.950000000000001,1.7999999999999972,11.090000000000003,-6.400000000000006,-0.016000000000000014,0.0,4.399999999999999,0.12300000000000003,0.10036630036630034,-0.07638888888888884,1,0,1,0,0,1
2017,2,Second Round,DePaul,Mississippi St.,7,2,-5,-12.32,-6.950000000000001,-1.7999999999999972,-11.090000000000003,6.400000000000006,0.016000000000000014,0.0,-4.399999999999999,-0.12300000000000003,-0.10036630036630034,0.07638888888888884,-1,1,0,0,0,0
2017,3,Sweet Sixteen,Baylor,Louisville,1,4,3,18.799999999999997,-0.8300000000000001,13.400000000000006,9.130000000000003,5.0,0.04400000000000004,1.799999999999999,8.399999999999999,0.08100000000000002,0.10810810810810811,0.19444444444444442,2,1,0,0,0,1
2017,3,Sweet Sixteen,Louisville,Baylor,4,1,-3,-18.799999999999997,0.8300000000000001,-13.400000000000006,-9.130000000000003,-5.0,-0.04400000000000004,-1.799999999999999,-8.399999999999999,-0.08100000000000002,-0.10810810810810811,-0.19444444444444442,-2,0,1,0,0,0
2017,3,Sweet Sixteen,Mississippi St.,Washington,2,3,1,-0.29999999999999716,2.3900000000000006,-10.200000000000003,7.880000000000003,-2.4000000000000057,-0.06400000000000006,-2.3000000000000007,10.399999999999999,0.0040000000000000036,0.04322344322344318,-0.02083333333333337,1,0,0,0,0,1
2017,3,Sweet Sixteen,Washington,Mississippi St.,3,2,-1,0.29999999999999716,-2.3900000000000006,10.200000000000003,-7.880000000000003,2.4000000000000057,0.06400000000000006,2.3000000000000007,-10.399999999999999,-0.0040000000000000036,-0.04322344322344318,0.02083333333333337,-1,0,0,0,0,0
2017,4,Elite Eight,Mississippi St.,Baylor,2,1,-1,-12.159999999999997,2.75,-10.299999999999997,-5.229999999999997,-6.0,-0.052000000000000046,-0.40000000000000036,-5.899999999999999,0.0040000000000000036,-0.02009702009702008,-0.13194444444444442,-5,0,1,0,0,1
2017,4,Elite Eight,Baylor,Mississippi St.,1,2,1,12.159999999999997,-2.75,10.299999999999997,5.229999999999997,6.0,0.052000000000000046,0.40000000000000036,5.899999999999999,-0.0040000000000000036,0.02009702009702008,0.13194444444444442,5,1,0,0,0,0
2017,1,First Round,South Carolina,UNC Asheville,1,16,15,46.160000000000004,27.43,11.400000000000006,30.67,5.200000000000003,0.057999999999999996,1.1999999999999993,1.3000000000000043,0.063,0.33306836248012717,0.375,6,1,0,1,1,1
2017,1,First Round,UNC Asheville,South Carolina,16,1,-15,-46.160000000000004,-27.43,-11.400000000000006,-30.67,-5.200000000000003,-0.057999999999999996,-1.1999999999999993,-1.3000000000000043,-0.063,-0.33306836248012717,-0.375,-6,0,1,1,1,0
2017,1,First Round,Arizona State,Michigan State,8,9,1,5.640000000000001,6.029999999999999,-3.9000000000000057,8.29,-6.900000000000006,-0.05099999999999999,0.8999999999999986,6.5,0.07400000000000001,-0.030303030303030276,-0.0625,-1,0,0,0,0,1
2017,1,First Round,Michigan State,Arizona State,9,8,-1,-5.640000000000001,-6.029999999999999,3.9000000000000057,-8.29,6.900000000000006,0.05099999999999999,-0.8999999999999986,-6.5,-0.07400000000000001,0.030303030303030276,0.0625,1,0,0,0,0,0
2017,1,First Round,Quinnipiac,Marquette,12,5,-7,-6.889999999999999,-7.97,-13.200000000000003,8.599999999999994,-0.5,-0.066,-2.9999999999999982,1.2999999999999972,0.02699999999999997,0.04797979797979801,0.12777777777777777,-1,1,0,1,1,1
2017,1,First Round,Marquette,Quinnipiac,5,12,7,6.889999999999999,7.97,13.200000000000003,-8.599999999999994,0.5,0.066,2.9999999999999982,-1.2999999999999972,-0.02699999999999997,-0.04797979797979801,-0.12777777777777777,1,0,1,1,1,0
2017,1,First Round,Miami,Florida Gulf Coast,4,13,9,13.48,18.52,-7.299999999999997,2.519999999999996,5.699999999999989,-0.007000000000000006,-3.5000000000000018,7.400000000000002,0.03799999999999998,-0.01558441558441559,-0.2321428571428571,2,0,0,0,1,1
2017,1,First Round,Florida Gulf Coast,Miami,13,4,-9,-13.48,-18.52,7.299999999999997,-2.519999999999996,-5.699999999999989,0.007000000000000006,3.5000000000000018,-7.400000000000002,-0.03799999999999998,0.01558441558441559,0.2321428571428571,-2,0,0,1,0,0
2017,1,First Round,Missouri,South Florida,6,11,5,0.4499999999999993,5.659999999999999,-4.0,2.8999999999999986,-2.0,0.014000000000000012,-4.599999999999998,-3.200000000000003,0.07100000000000001,-0.06060606060606066,0.0,1,0,0,0,0,1
2017,1,First Round,South Florida,Missouri,11,6,-5,-0.4499999999999993,-5.659999999999999,4.0,-2.8999999999999986,2.0,-0.014000000000000012,4.599999999999998,3.200000000000003,-0.07100000000000001,0.06060606060606066,0.0,-1,0,0,0,0,0
2017,1,First Round,Florida State,Western Illinois,3,14,11,25.65,13.75,-1.2999999999999972,15.690000000000005,-0.10000000000000853,0.0,-1.6000000000000014,11.600000000000001,0.03400000000000003,0.0121212121212122,0.0,5,0,1,0,1,1
2017,1,First Round,Western Illinois,Florida State,14,3,-11,-25.65,-13.75,1.2999999999999972,-15.690000000000005,0.10000000000000853,0.0,1.6000000000000014,-11.600000000000001,-0.03400000000000003,-0.0121212121212122,0.0,-5,1,0,1,0,0
2017,1,First Round,Creighton,Toledo,7,10,3,5.989999999999998,5.17,4.799999999999997,-1.9799999999999969,-8.599999999999994,0.023999999999999966,2.9999999999999982,-5.0,-0.11599999999999999,0.014705882352941124,0.2222222222222222,1,1,0,0,1,1
2017,1,First Round,Toledo,Creighton,10,7,-3,-5.989999999999998,-5.17,-4.799999999999997,1.9799999999999969,8.599999999999994,-0.023999999999999966,-2.9999999999999982,5.0,0.11599999999999999,-0.014705882352941124,-0.2222222222222222,-1,0,1,1,0,0
2017,1,First Round,Oregon State,Long Beach State,2,15,13,22.22,13.34,2.5,16.35,-2.200000000000003,0.03799999999999998,-2.0,2.700000000000003,-0.010999999999999954,0.184640522875817,0.13888888888888884,3,1,0,0,1,1
2017,1,First Round,Long Beach State,Oregon State,15,2,-13,-22.22,-13.34,-2.5,-16.35,2.200000000000003,-0.03799999999999998,2.0,-2.700000000000003,0.010999999999999954,-0.184640522875817,-0.13888888888888884,-3,0,1,1,0,0
2017,2,Second Round,South Carolina,Arizona State,1,8,7,13.68,0.28000000000000114,14.600000000000009,5.68,3.200000000000003,0.066,2.1999999999999993,-0.5,0.04899999999999999,0.2858312858312858,0.375,6,1,0,1,0,1
2017,2,Second Round,Arizona State,South Carolina,8,1,-7,-13.68,-0.28000000000000114,-14.600000000000009,-5.68,-3.200000000000003,-0.066,-2.1999999999999993,0.5,-0.04899999999999999,-0.2858312858312858,-0.375,-6,0,1,0,1,0
2017,2,Second Round,Quinnipiac,Miami,12,4,-8,-12.28,-13.1,-5.1000000000000085,-5.060000000000002,0.30000000000001137,-0.043999999999999984,1.2000000000000028,-2.9000000000000057,-0.0030000000000000027,0.07828282828282829,0.22499999999999998,-2,1,0,1,0,1
2017,2,Second Round,Miami,Quinnipiac,4,12,8,12.28,13.1,5.1000000000000085,5.060000000000002,-0.30000000000001137,0.043999999999999984,-1.2000000000000028,2.9000000000000057,0.0030000000000000027,-0.07828282828282829,-0.22499999999999998,2,0,1,0,1,0
2017,2,Second Round,Florida State,Missouri,3,6,3,16.97,0.019999999999999574,8.5,12.880000000000003,6.200000000000003,0.0,4.299999999999997,9.800000000000004,-0.009000000000000008,0.13333333333333341,0.125,4,0,0,0,0,1
2017,2,Second Round,Missouri,Florida State,6,3,-3,-16.97,-0.019999999999999574,-8.5,-12.880000000000003,-6.200000000000003,0.0,-4.299999999999997,-9.800000000000004,0.009000000000000008,-0.13333333333333341,-0.125,-4,0,0,0,0,0
2017,2,Second Round,Oregon State,Creighton,2,7,5,10.63,7.41,-1.2000000000000028,9.559999999999995,0.7000000000000028,0.01100000000000001,-3.4000000000000004,8.5,0.029000000000000026,0.11111111111111116,0.0,2,1,1,0,0,1
2017,2,Second Round,Creighton,Oregon State,7,2,-5,-10.63,-7.41,1.2000000000000028,-9.559999999999995,-0.7000000000000028,-0.01100000000000001,3.4000000000000004,-8.5,-0.029000000000000026,-0.11111111111111116,0.0,-2,1,1,0,0,0
2017,3,Sweet Sixteen,South Carolina,Quinnipiac,1,12,11,27.72,17.98,16.30000000000001,13.980000000000004,-3.6000000000000085,0.07100000000000001,1.5999999999999979,4.800000000000004,0.09200000000000003,0.0863363363363363,0.025000000000000022,6,1,1,1,1,1
2017,3,Sweet Sixteen,Quinnipiac,South Carolina,12,1,-11,-27.72,-17.98,-16.30000000000001,-13.980000000000004,3.6000000000000085,-0.07100000000000001,-1.5999999999999979,-4.800000000000004,-0.09200000000000003,-0.0863363363363363,-0.025000000000000022,-6,1,1,1,1,0
2017,3,Sweet Sixteen,Florida State,Oregon State,3,2,-1,7.579999999999998,-1.8800000000000008,9.100000000000009,1.7700000000000031,6.599999999999994,0.010000000000000009,2.1999999999999993,5.700000000000003,0.05499999999999999,-0.061111111111111116,-0.07638888888888884,2,0,1,0,0,1
2017,3,Sweet Sixteen,Oregon State,Florida State,2,3,1,-7.579999999999998,1.8800000000000008,-9.100000000000009,-1.7700000000000031,-6.599999999999994,-0.010000000000000009,-2.1999999999999993,-5.700000000000003,-0.05499999999999999,0.061111111111111116,0.07638888888888884,-2,1,0,0,0,0
2017,4,Elite Eight,South Carolina,Florida State,1,3,2,2.700000000000003,3.950000000000001,3.200000000000003,0.6099999999999994,-4.0,0.017000000000000015,0.8000000000000007,-3.6000000000000014,0.057999999999999996,0.09189189189189184,0.0625,1,1,0,1,0,1
2017,4,Elite Eight,Florida State,South Carolina,3,1,-2,-2.700000000000003,-3.950000000000001,-3.200000000000003,-0.6099999999999994,4.0,-0.017000000000000015,-0.8000000000000007,3.6000000000000014,-0.057999999999999996,-0.09189189189189184,-0.0625,-1,0,1,0,1,0
2017,6,Championship,South Carolina,Mississippi St.,1,2,1,2.0700000000000003,0.9199999999999999,3.200000000000003,0.3999999999999986,-0.7999999999999972,0.030000000000000027,-0.5,-2.299999999999997,0.04799999999999999,0.02009702009702008,0.0625,3,1,0,1,0,1
2017,6,Championship,Mississippi St.,South Carolina,2,1,-1,-2.0700000000000003,-0.9199999999999999,-3.200000000000003,-0.3999999999999986,0.7999999999999972,-0.030000000000000027,0.5,2.299999999999997,-0.04799999999999999,-0.02009702009702008,-0.0625,-3,0,1,0,1,0
2018,1,First Round,UConn,Saint Francis (PA),1,16,15,51.86,21.83,22.099999999999994,32.72,-6.400000000000006,0.12899999999999995,2.6999999999999993,2.5,-0.01999999999999999,0.2670906200317965,0.11111111111111116,7,1,1,1,1,1
2018,1,First Round,Saint Francis (PA),UConn,16,1,-15,-51.86,-21.83,-22.099999999999994,-32.72,6.400000000000006,-0.12899999999999995,-2.6999999999999993,-2.5,0.01999999999999999,-0.2670906200317965,-0.11111111111111116,-7,1,1,1,1,0
2018,1,First Round,Quinnipiac,Miami,9,8,-1,-5.799999999999999,-11.72,6.5,-7.829999999999998,-4.700000000000003,0.0040000000000000036,5.499999999999998,-4.199999999999999,-0.09300000000000003,0.16727941176470584,0.375,-1,1,0,1,0,1
2018,1,First Round,Miami,Quinnipiac,8,9,1,5.799999999999999,11.72,-6.5,7.829999999999998,4.700000000000003,-0.0040000000000000036,-5.499999999999998,4.199999999999999,0.09300000000000003,-0.16727941176470584,-0.375,1,0,1,0,1,0
2018,1,First Round,Duke,Belmont,5,12,7,11.24,15.82,-13.599999999999994,15.130000000000003,0.5,-0.03700000000000003,-3.9000000000000004,-1.5,0.010999999999999954,-0.15844155844155838,-0.3125,4,0,1,0,1,1
2018,1,First Round,Belmont,Duke,12,5,-7,-11.24,-15.82,13.599999999999994,-15.130000000000003,-0.5,0.03700000000000003,3.9000000000000004,1.5,-0.010999999999999954,0.15844155844155838,0.3125,-4,1,0,1,0,0
2018,1,First Round,Georgia,Mercer,4,13,9,8.129999999999999,14.56,-12.600000000000009,14.480000000000004,4.799999999999997,-0.023999999999999966,-6.300000000000001,2.299999999999997,0.04500000000000001,-0.12121212121212122,-0.25,2,0,1,0,1,1
2018,1,First Round,Mercer,Georgia,13,4,-9,-8.129999999999999,-14.56,12.600000000000009,-14.480000000000004,-4.799999999999997,0.023999999999999966,6.300000000000001,-2.299999999999997,-0.04500000000000001,0.12121212121212122,0.25,-2,1,0,1,0,0
2018,1,First Round,Buffalo,South Florida,11,6,-5,-4.91,-5.64,-8.099999999999994,4.690000000000005,8.700000000000003,-0.02100000000000002,-2.1000000000000014,-0.4000000000000057,0.006000000000000005,0.0638655462184875,0.07638888888888884,1,1,0,0,0,1
2018,1,First Round,South Florida,Buffalo,6,11,5,4.91,5.64,8.099999999999994,-4.690000000000005,-8.700000000000003,0.02100000000000002,2.1000000000000014,0.4000000000000057,-0.006000000000000005,-0.0638655462184875,-0.07638888888888884,-1,0,1,0,0,0
2018,1,First Round,Florida State,Little Rock,3,14,11,23.29,12.47,17.700000000000003,1.6499999999999986,9.200000000000003,0.05099999999999999,3.8000000000000007,8.100000000000001,0.043999999999999984,0.09090909090909083,-0.19444444444444442,3,0,1,0,1,1
2018,1,First Round,Little Rock,Florida State,14,3,-11,-23.29,-12.47,-17.700000000000003,-1.6499999999999986,-9.200000000000003,-0.05099999999999999,-3.8000000000000007,-8.100000000000001,-0.043999999999999984,-0.09090909090909083,0.19444444444444442,-3,1,0,1,0,0
2018,1,First Round,Virginia,California,10,7,-3,-0.9099999999999984,1.2800000000000011,-10.700000000000003,6.450000000000003,0.20000000000000284,-0.04299999999999998,-1.3000000000000007,-4.800000000000001,-0.015000000000000013,-0.0804924242424242,0.01388888888888884,-1,0,0,0,0,1
2018,1,First Round,California,Virginia,7,10,3,0.9099999999999984,-1.2800000000000011,10.700000000000003,-6.450000000000003,-0.20000000000000284,0.04299999999999998,1.3000000000000007,4.800000000000001,0.015000000000000013,0.0804924242424242,-0.01388888888888884,1,0,0,0,0,0
2018,1,First Round,South Carolina,North Carolina A&T,2,15,13,31.9,23.240000000000002,16.799999999999997,5.640000000000001,-3.299999999999997,0.10100000000000003,1.8000000000000007,-0.30000000000000426,0.030999999999999972,0.08680555555555558,-0.1875,3,0,1,1,1,1
2018,1,First Round,North Carolina A&T,South Carolina,15,2,-13,-31.9,-23.240000000000002,-16.799999999999997,-5.640000000000001,3.299999999999997,-0.10100000000000003,-1.8000000000000007,0.30000000000000426,-0.030999999999999972,-0.08680555555555558,0.1875,-3,1,0,1,1,0
2018,2,Second Round,UConn,Quinnipiac,1,9,8,37.68,14.510000000000002,20.599999999999994,22.24,2.5999999999999943,0.12,-0.29999999999999893,6.699999999999999,-0.010999999999999982,0.14944356120826718,0.0,7,1,1,1,1,1
2018,2,Second Round,Quinnipiac,UConn,9,1,-8,-37.68,-14.510000000000002,-20.599999999999994,-22.24,-2.5999999999999943,-0.12,0.29999999999999893,-6.699999999999999,0.010999999999999982,-0.14944356120826718,0.0,-7,1,1,1,1,0
2018,2,Second Round,Duke,Georgia,5,4,-1,5.490000000000002,2.369999999999999,9.100000000000009,-2.780000000000001,-4.5,0.061,-1.3000000000000007,-0.10000000000000142,0.030999999999999972,-0.06060606060606055,-0.0625,1,0,0,0,0,1
2018,2,Second Round,Georgia,Duke,4,5,1,-5.490000000000002,-2.369999999999999,-9.100000000000009,2.780000000000001,4.5,-0.061,1.3000000000000007,0.10000000000000142,-0.030999999999999972,0.06060606060606055,0.0625,-1,0,0,0,0,0
2018,2,Second Round,Buffalo,Florida State,11,3,-8,-10.66,-6.930000000000001,-10.899999999999991,1.2000000000000028,5.0,-0.028000000000000025,-2.1000000000000014,-5.700000000000003,-0.006000000000000005,0.04069264069264078,0.13888888888888884,-2,1,0,0,0,1
2018,2,Second Round,Florida State,Buffalo,3,11,8,10.66,6.930000000000001,10.899999999999991,-1.2000000000000028,-5.0,0.028000000000000025,2.1000000000000014,5.700000000000003,0.006000000000000005,-0.04069264069264078,-0.13888888888888884,2,0,1,0,0,0
2018,2,Second Round,South Carolina,Virginia,2,10,8,11.62,-1.5,16.10000000000001,3.740000000000002,2.200000000000003,0.05399999999999999,2.6999999999999993,6.4999999999999964,0.11599999999999999,0.22979797979797978,0.125,2,0,0,1,0,1
2018,2,Second Round,Virginia,South Carolina,10,2,-8,-11.62,1.5,-16.10000000000001,-3.740000000000002,-2.200000000000003,-0.05399999999999999,-2.6999999999999993,-6.4999999999999964,-0.11599999999999999,-0.22979797979797978,-0.125,-2,0,0,0,1,0
2018,3,Sweet Sixteen,UConn,Duke,1,5,4,25.619999999999997,2.040000000000001,19.89999999999999,11.809999999999999,5.799999999999997,0.08299999999999996,4.600000000000001,2.200000000000003,-0.05699999999999997,0.24570024570024573,0.3125,3,1,0,1,0,1
2018,3,Sweet Sixteen,Duke,UConn,5,1,-4,-25.619999999999997,-2.040000000000001,-19.89999999999999,-11.809999999999999,-5.799999999999997,-0.08299999999999996,-4.600000000000001,-2.200000000000003,0.05699999999999997,-0.24570024570024573,-0.3125,-3,0,1,0,1,0
2018,3,Sweet Sixteen,South Carolina,Buffalo,2,11,9,10.07,9.010000000000002,7.299999999999997,5.0,-7.599999999999994,0.029000000000000026,0.3000000000000007,2.0,0.07700000000000001,-0.023015873015873045,-0.13888888888888884,2,0,1,1,0,1
2018,3,Sweet Sixteen,Buffalo,South Carolina,11,2,-9,-10.07,-9.010000000000002,-7.299999999999997,-5.0,7.599999999999994,-0.029000000000000026,-0.3000000000000007,-2.0,-0.07700000000000001,0.023015873015873045,0.13888888888888884,-2,1,0,0,1,0
2018,4,Elite Eight,UConn,South Carolina,1,2,1,22.349999999999998,0.3200000000000003,14.599999999999994,12.169999999999998,2.8999999999999915,0.08499999999999996,2.6000000000000014,-0.7999999999999972,-0.13699999999999998,0.16741741741741745,0.25,4,1,0,1,1,1
2018,4,Elite Eight,South Carolina,UConn,2,1,-1,-22.349999999999998,-0.3200000000000003,-14.599999999999994,-12.169999999999998,-2.8999999999999915,-0.08499999999999996,-2.6000000000000014,0.7999999999999972,0.13699999999999998,-0.16741741741741745,-0.25,-4,0,1,1,1,0
2018,1,First Round,Mississippi St.,Nicholls State,1,16,15,45.03,18.68,19.10000000000001,19.92,2.299999999999997,0.07500000000000001,8.200000000000001,5.099999999999998,-0.03999999999999998,0.3729603729603729,0.38888888888888884,3,1,0,0,1,1
2018,1,First Round,Nicholls State,Mississippi St.,16,1,-15,-45.03,-18.68,-19.10000000000001,-19.92,-2.299999999999997,-0.07500000000000001,-8.200000000000001,-5.099999999999998,0.03999999999999998,-0.3729603729603729,-0.38888888888888884,-3,0,1,1,0,0
2018,1,First Round,Oklahoma State,Syracuse,9,8,-1,7.289999999999999,3.08,4.200000000000003,4.559999999999995,2.299999999999997,0.0010000000000000009,3.3000000000000007,-3.0000000000000036,0.09800000000000003,-0.053427419354838745,-0.01388888888888884,2,0,0,0,0,1
2018,1,First Round,Syracuse,Oklahoma State,8,9,1,-7.289999999999999,-3.08,-4.200000000000003,-4.559999999999995,-2.299999999999997,-0.0010000000000000009,-3.3000000000000007,3.0000000000000036,-0.09800000000000003,0.053427419354838745,0.01388888888888884,-2,0,0,0,0,0
2018,1,First Round,Maryland,Princeton,5,12,7,11.280000000000001,8.309999999999999,7.5,2.190000000000005,6.400000000000006,0.015000000000000013,1.8000000000000007,5.0,0.056999999999999995,-0.03529411764705892,-0.1071428571428571,-1,0,1,0,1,1
2018,1,First Round,Princeton,Maryland,12,5,-7,-11.280000000000001,-8.309999999999999,-7.5,-2.190000000000005,-6.400000000000006,-0.015000000000000013,-1.8000000000000007,-5.0,-0.056999999999999995,0.03529411764705892,0.1071428571428571,1,1,0,1,0,0
2018,1,First Round,NC State,Elon,4,13,9,10.060000000000002,13.110000000000001,-1.6000000000000085,5.420000000000002,-3.5,-0.034999999999999976,2.8000000000000007,0.8999999999999986,0.010000000000000009,-0.014718614718614687,-0.09027777777777779,1,0,0,0,1,1
2018,1,First Round,Elon,NC State,13,4,-9,-10.060000000000002,-13.110000000000001,1.6000000000000085,-5.420000000000002,3.5,0.034999999999999976,-2.8000000000000007,-0.8999999999999986,-0.010000000000000009,0.014718614718614687,0.09027777777777779,-1,0,0,1,0,0
2018,1,First Round,Creighton,Iowa,11,6,-5,-5.159999999999998,2.4000000000000004,-1.5999999999999943,-6.339999999999996,-9.599999999999994,-0.026000000000000023,3.6000000000000014,-6.900000000000002,-0.064,-0.15625,-0.07638888888888884,-1,0,0,0,0,1
2018,1,First Round,Iowa,Creighton,6,11,5,5.159999999999998,-2.4000000000000004,1.5999999999999943,6.339999999999996,9.599999999999994,0.026000000000000023,-3.6000000000000014,6.900000000000002,0.064,0.15625,0.07638888888888884,1,0,0,0,0,0
2018,1,First Round,UCLA,American,3,14,11,26.009999999999998,20.470000000000002,12.100000000000009,15.239999999999995,3.0,0.01899999999999996,2.3000000000000007,16.4,-0.035999999999999976,-0.01645021645021638,-0.11111111111111105,5,0,1,0,1,1
2018,1,First Round,American,UCLA,14,3,-11,-26.009999999999998,-20.470000000000002,-12.100000000000009,-15.239999999999995,-3.0,-0.01899999999999996,-2.3000000000000007,-16.4,0.035999999999999976,0.01645021645021638,0.11111111111111105,-5,1,0,1,0,0
2018,1,First Round,Arizona State,Nebraska,7,10,3,8.459999999999999,3.59,5.400000000000006,5.169999999999995,-3.799999999999997,-0.0030000000000000027,2.6999999999999993,4.399999999999999,-0.007000000000000006,-0.02767857142857144,-0.13194444444444442,0,0,0,0,0,1
2018,1,First Round,Nebraska,Arizona State,10,7,-3,-8.459999999999999,-3.59,-5.400000000000006,-5.169999999999995,3.799999999999997,0.0030000000000000027,-2.6999999999999993,-4.399999999999999,0.007000000000000006,0.02767857142857144,0.13194444444444442,0,0,0,0,0,0
2018,1,First Round,Texas,Maine,2,15,13,26.93,16.5,7.200000000000003,11.870000000000005,10.799999999999997,0.025000000000000022,1.1999999999999993,6.699999999999996,0.044999999999999984,0.10303030303030303,0.02083333333333337,4,0,1,0,1,1
2018,1,First Round,Maine,Texas,15,2,-13,-26.93,-16.5,-7.200000000000003,-11.870000000000005,-10.799999999999997,-0.025000000000000022,-1.1999999999999993,-6.699999999999996,-0.044999999999999984,-0.10303030303030303,-0.02083333333333337,-4,1,0,1,0,0
2018,2,Second Round,Mississippi St.,Oklahoma State,1,9,8,14.200000000000003,0.16999999999999993,11.0,10.490000000000002,-5.0,0.04300000000000004,0.5999999999999996,6.199999999999999,-0.026000000000000023,0.2924679487179487,0.38888888888888884,1,1,0,0,0,1
2018,2,Second Round,Oklahoma State,Mississippi St.,9,1,-8,-14.200000000000003,-0.16999999999999993,-11.0,-10.490000000000002,5.0,-0.04300000000000004,-0.5999999999999996,-6.199999999999999,0.026000000000000023,-0.2924679487179487,-0.38888888888888884,-1,0,1,0,0,0
2018,2,Second Round,NC State,Maryland,4,5,1,-3.09,2.870000000000001,-11.800000000000011,6.68,-4.299999999999997,-0.05299999999999999,-1.1999999999999993,-3.8999999999999986,0.07100000000000001,-0.02184873949579824,-0.0625,0,0,0,0,0,1
2018,2,Second Round,Maryland,NC State,5,4,-1,3.09,-2.870000000000001,11.800000000000011,-6.68,4.299999999999997,0.05299999999999999,1.1999999999999993,3.8999999999999986,-0.07100000000000001,0.02184873949579824,0.0625,0,0,0,0,0,0
2018,2,Second Round,UCLA,Creighton,3,11,8,14.389999999999999,4.700000000000001,2.700000000000003,14.059999999999995,5.799999999999997,-0.03300000000000003,1.1999999999999993,15.3,0.020000000000000018,0.17767857142857146,0.16666666666666663,4,0,0,0,0,1
2018,2,Second Round,Creighton,UCLA,11,3,-8,-14.389999999999999,-4.700000000000001,-2.700000000000003,-14.059999999999995,-5.799999999999997,0.03300000000000003,-1.1999999999999993,-15.3,-0.020000000000000018,-0.17767857142857146,-0.16666666666666663,-4,0,0,0,0,0
2018,2,Second Round,Texas,Arizona State,2,7,5,8.850000000000001,2.2200000000000006,5.299999999999997,3.760000000000005,8.799999999999997,0.030000000000000027,-1.8000000000000007,4.299999999999997,-0.02300000000000002,0.17142857142857149,0.2777777777777778,4,0,0,0,0,1
2018,2,Second Round,Arizona State,Texas,7,2,-5,-8.850000000000001,-2.2200000000000006,-5.299999999999997,-3.760000000000005,-8.799999999999997,-0.030000000000000027,1.8000000000000007,-4.299999999999997,0.02300000000000002,-0.17142857142857149,-0.2777777777777778,-4,0,0,0,0,0
2018,3,Sweet Sixteen,Mississippi St.,NC State,1,4,3,15.3,0.08999999999999986,19.30000000000001,3.3299999999999983,0.5,0.07300000000000001,4.299999999999999,0.0,-0.064,0.2058608058608058,0.3125,2,1,0,0,0,1
2018,3,Sweet Sixteen,NC State,Mississippi St.,4,1,-3,-15.3,-0.08999999999999986,-19.30000000000001,-3.3299999999999983,-0.5,-0.07300000000000001,-4.299999999999999,0.0,0.064,-0.2058608058608058,-0.3125,-2,0,1,0,0,0
2018,3,Sweet Sixteen,UCLA,Texas,3,2,-1,-3.280000000000001,1.4400000000000013,-2.299999999999997,-1.6500000000000057,-4.200000000000003,-0.03600000000000003,2.3000000000000007,0.20000000000000284,0.030000000000000027,-0.02857142857142858,-0.05555555555555558,1,0,0,0,0,1
2018,3,Sweet Sixteen,Texas,UCLA,2,3,1,3.280000000000001,-1.4400000000000013,2.299999999999997,1.6500000000000057,4.200000000000003,0.03600000000000003,-2.3000000000000007,-0.20000000000000284,-0.030000000000000027,0.02857142857142858,0.05555555555555558,-1,0,0,0,0,0
2018,4,Elite Eight,Mississippi St.,UCLA,1,3,2,8.840000000000003,-3.9700000000000006,10.0,4.700000000000003,-0.7999999999999972,0.049000000000000044,1.4000000000000004,-4.100000000000001,0.03999999999999998,0.17728937728937721,0.2222222222222222,-2,1,0,0,0,1
2018,4,Elite Eight,UCLA,Mississippi St.,3,1,-2,-8.840000000000003,3.9700000000000006,-10.0,-4.700000000000003,0.7999999999999972,-0.049000000000000044,-1.4000000000000004,4.100000000000001,-0.03999999999999998,-0.17728937728937721,-0.2222222222222222,2,0,1,0,0,0
2018,1,First Round,Louisville,Boise State,1,16,15,29.520000000000003,14.41,6.900000000000006,15.170000000000002,2.9000000000000057,0.04600000000000004,2.900000000000002,-4.299999999999997,0.017000000000000015,0.2261072261072261,0.1597222222222222,7,1,1,1,1,1
2018,1,First Round,Boise State,Louisville,16,1,-15,-29.520000000000003,-14.41,-6.900000000000006,-15.170000000000002,-2.9000000000000057,-0.04600000000000004,-2.900000000000002,4.299999999999997,-0.017000000000000015,-0.2261072261072261,-0.1597222222222222,-7,1,1,1,1,0
2018,1,First Round,Marquette,Dayton,8,9,1,7.619999999999999,9.379999999999999,4.3999999999999915,0.28999999999999915,2.8999999999999915,0.014000000000000012,1.9000000000000021,1.5,-0.055999999999999994,-0.0607843137254902,-0.10416666666666663,1,1,1,0,0,1
2018,1,First Round,Dayton,Marquette,9,8,-1,-7.619999999999999,-9.379999999999999,-4.3999999999999915,-0.28999999999999915,-2.8999999999999915,-0.014000000000000012,-1.9000000000000021,-1.5,0.055999999999999994,0.0607843137254902,0.10416666666666663,-1,1,1,0,0,0
2018,1,First Round,Florida Gulf Coast,Missouri,12,5,-7,-6.92,-14.11,11.799999999999997,-2.7900000000000063,0.20000000000000284,0.007000000000000006,4.999999999999998,-0.5,-0.04999999999999999,0.11111111111111116,0.2410714285714286,-1,1,0,1,0,1
2018,1,First Round,Missouri,Florida Gulf Coast,5,12,7,6.92,14.11,-11.799999999999997,2.7900000000000063,-0.20000000000000284,-0.007000000000000006,-4.999999999999998,0.5,0.04999999999999999,-0.11111111111111116,-0.2410714285714286,1,0,1,0,1,0
2018,1,First Round,Stanford,Gonzaga,4,13,9,8.69,15.419999999999998,-10.200000000000003,8.719999999999999,3.4000000000000057,0.006000000000000005,-1.8000000000000007,-5.300000000000004,-0.07300000000000001,-0.1324675324675325,-0.12091503267973858,1,0,1,0,1,1
2018,1,First Round,Gonzaga,Stanford,13,4,-9,-8.69,-15.419999999999998,10.200000000000003,-8.719999999999999,-3.4000000000000057,-0.006000000000000005,1.8000000000000007,5.300000000000004,0.07300000000000001,0.1324675324675325,0.12091503267973858,-1,1,0,1,0,0
2018,1,First Round,Oregon State,Western Kentucky,6,11,5,14.359999999999998,12.07,-1.2000000000000028,13.480000000000004,-2.1999999999999886,0.08300000000000007,-5.100000000000001,-4.600000000000001,-0.092,0.03743315508021383,0.02777777777777779,3,0,0,0,1,1
2018,1,First Round,Western Kentucky,Oregon State,11,6,-5,-14.359999999999998,-12.07,1.2000000000000028,-13.480000000000004,2.1999999999999886,-0.08300000000000007,5.100000000000001,4.600000000000001,0.092,-0.03743315508021383,-0.02777777777777779,-3,0,0,1,0,0
2018,1,First Round,Tennessee,Liberty,3,14,11,25.799999999999997,21.43,-0.3999999999999915,13.68,12.5,0.008000000000000007,1.4000000000000021,-6.0,0.07900000000000001,0.05169340463458105,-0.20138888888888884,3,0,1,0,1,1
2018,1,First Round,Liberty,Tennessee,14,3,-11,-25.799999999999997,-21.43,0.3999999999999915,-13.68,-12.5,-0.008000000000000007,-1.4000000000000021,6.0,-0.07900000000000001,-0.05169340463458105,0.20138888888888884,-3,1,0,1,0,0
2018,1,First Round,Michigan,Northern Colorado,7,10,3,14.969999999999999,8.889999999999999,4.099999999999994,9.36,1.5,0.015000000000000013,-1.6999999999999993,12.400000000000002,0.010999999999999954,-0.09090909090909083,-0.20833333333333337,0,0,1,0,1,1
2018,1,First Round,Northern Colorado,Michigan,10,7,-3,-14.969999999999999,-8.889999999999999,-4.099999999999994,-9.36,-1.5,-0.015000000000000013,1.6999999999999993,-12.400000000000002,-0.010999999999999954,0.09090909090909083,0.20833333333333337,0,1,0,1,0,0
2018,1,First Round,Baylor,Grambling,2,15,13,54.55,22.97,29.60000000000001,30.270000000000003,-1.9000000000000057,0.10700000000000004,5.1,14.600000000000001,-0.016000000000000014,0.36709956709956704,0.2777777777777778,8,1,0,1,1,1
2018,1,First Round,Grambling,Baylor,15,2,-13,-54.55,-22.97,-29.60000000000001,-30.270000000000003,1.9000000000000057,-0.10700000000000004,-5.1,-14.600000000000001,0.016000000000000014,-0.36709956709956704,-0.2777777777777778,-8,0,1,1,1,0
2018,2,Second Round,Louisville,Marquette,1,8,7,14.570000000000004,4.32,2.6000000000000085,15.700000000000003,-4.599999999999994,0.030000000000000027,-2.1999999999999993,1.3999999999999986,-0.006000000000000005,0.2171945701357466,0.10416666666666663,6,1,1,1,0,1
2018,2,Second Round,Marquette,Louisville,8,1,-7,-14.570000000000004,-4.32,-2.6000000000000085,-15.700000000000003,4.599999999999994,-0.030000000000000027,2.1999999999999993,-1.3999999999999986,0.006000000000000005,-0.2171945701357466,-0.10416666666666663,-6,1,1,0,1,0
2018,2,Second Round,Stanford,Florida Gulf Coast,4,12,8,11.639999999999999,21.49,-19.0,11.100000000000001,3.700000000000003,-0.05500000000000005,-3.5999999999999996,2.0,-0.03200000000000003,-0.17539682539682544,-0.10504201680672276,2,0,1,0,1,1
2018,2,Second Round,Florida Gulf Coast,Stanford,12,4,-8,-11.639999999999999,-21.49,19.0,-11.100000000000001,-3.700000000000003,0.05500000000000005,3.5999999999999996,-2.0,0.03200000000000003,0.17539682539682544,0.10504201680672276,-2,1,0,1,0,0
2018,2,Second Round,Oregon State,Tennessee,6,3,-3,-0.23000000000000043,-0.7099999999999991,8.0,-2.3299999999999983,-10.399999999999991,0.06600000000000006,0.09999999999999787,-0.9000000000000057,-0.141,0.007130124777183555,0.09027777777777779,0,0,0,0,0,1
2018,2,Second Round,Tennessee,Oregon State,3,6,3,0.23000000000000043,0.7099999999999991,-8.0,2.3299999999999983,10.399999999999991,-0.06600000000000006,-0.09999999999999787,0.9000000000000057,0.141,-0.007130124777183555,-0.09027777777777779,0,0,0,0,0,0
2018,2,Second Round,Baylor,Michigan,2,7,5,20.81,3.26,13.200000000000003,13.160000000000004,2.200000000000003,0.01200000000000001,4.6,8.600000000000001,0.009000000000000008,0.24588744588744582,0.375,8,1,0,1,0,1
2018,2,Second Round,Michigan,Baylor,7,2,-5,-20.81,-3.26,-13.200000000000003,-13.160000000000004,-2.200000000000003,-0.01200000000000001,-4.6,-8.600000000000001,-0.009000000000000008,-0.24588744588744582,-0.375,-8,0,1,0,1,0
2018,3,Sweet Sixteen,Louisville,Stanford,1,4,3,11.140000000000004,-2.459999999999999,12.600000000000009,3.6300000000000026,-1.2000000000000028,0.051000000000000045,1.1000000000000014,1.1000000000000014,0.013000000000000012,0.2373626373626374,0.11397058823529416,5,1,0,1,0,1
2018,3,Sweet Sixteen,Stanford,Louisville,4,1,-3,-11.140000000000004,2.459999999999999,-12.600000000000009,-3.6300000000000026,1.2000000000000028,-0.051000000000000045,-1.1000000000000014,-1.1000000000000014,-0.013000000000000012,-0.2373626373626374,-0.11397058823529416,-5,0,1,0,1,0
2018,3,Sweet Sixteen,Oregon State,Baylor,6,2,-4,-16.34,-0.129999999999999,-8.5,-8.939999999999998,-7.3999999999999915,0.013000000000000012,-3.200000000000001,-6.900000000000006,-0.07499999999999998,-0.17815126050420171,-0.2222222222222222,-5,0,1,0,1,1
2018,3,Sweet Sixteen,Baylor,Oregon State,2,6,4,16.34,0.129999999999999,8.5,8.939999999999998,7.3999999999999915,-0.013000000000000012,3.200000000000001,6.900000000000006,0.07499999999999998,0.17815126050420171,0.2222222222222222,5,1,0,1,0,0
2018,4,Elite Eight,Louisville,Oregon State,1,6,5,8.460000000000004,2.5299999999999994,0.0,5.119999999999997,4.099999999999994,-0.02100000000000002,1.4000000000000021,-1.2999999999999972,0.032,0.158371040723982,0.1597222222222222,4,1,0,1,0,1
2018,4,Elite Eight,Oregon State,Louisville,6,1,-5,-8.460000000000004,-2.5299999999999994,0.0,-5.119999999999997,-4.099999999999994,0.02100000000000002,-1.4000000000000021,1.2999999999999972,-0.032,-0.158371040723982,-0.1597222222222222,-4,0,1,0,1,0
2018,1,First Round,Notre Dame,CSUN,1,16,15,37.62,20.53,19.5,15.46,5.200000000000003,0.09300000000000003,4.299999999999999,0.29999999999999716,-0.02200000000000002,0.37819548872180453,0.4375,5,1,0,0,1,1
2018,1,First Round,CSUN,Notre Dame,16,1,-15,-37.62,-20.53,-19.5,-15.46,-5.200000000000003,-0.09300000000000003,-4.299999999999999,-0.29999999999999716,0.02200000000000002,-0.37819548872180453,-0.4375,-5,0,1,1,0,0
2018,1,First Round,Villanova,South Dakota State,9,8,-1,-3.0000000000000018,6.6,-7.0,-5.18,-5.300000000000011,-0.015000000000000013,2.9000000000000004,-10.999999999999996,-0.05699999999999997,-0.06912878787878785,-0.19047619047619047,-1,0,0,0,1,1
2018,1,First Round,South Dakota State,Villanova,8,9,1,3.0000000000000018,-6.6,7.0,5.18,5.300000000000011,0.015000000000000013,-2.9000000000000004,10.999999999999996,0.05699999999999997,0.06912878787878785,0.19047619047619047,1,0,0,1,0,0
2018,1,First Round,DePaul,Oklahoma,5,12,7,1.5999999999999979,-7.179999999999998,9.699999999999989,-4.43,-0.5999999999999943,0.03600000000000003,2.3000000000000007,3.6999999999999993,-0.13299999999999998,0.25529953917050696,0.2222222222222222,1,1,0,1,0,1
2018,1,First Round,Oklahoma,DePaul,12,5,-7,-1.5999999999999979,7.179999999999998,-9.699999999999989,4.43,0.5999999999999943,-0.03600000000000003,-2.3000000000000007,-3.6999999999999993,0.13299999999999998,-0.25529953917050696,-0.2222222222222222,-1,0,1,0,1,0
2018,1,First Round,Texas A&M,Drake,4,13,9,10.229999999999999,14.2,-5.900000000000006,7.690000000000005,0.7000000000000028,-0.07399999999999995,2.3999999999999986,4.700000000000003,0.055999999999999994,-0.042483660130718914,-0.3125,4,0,1,0,1,1
2018,1,First Round,Drake,Texas A&M,13,4,-9,-10.229999999999999,-14.2,5.900000000000006,-7.690000000000005,-0.7000000000000028,0.07399999999999995,-2.3999999999999986,-4.700000000000003,-0.055999999999999994,0.042483660130718914,0.3125,-4,1,0,1,0,0
2018,1,First Round,Central Michigan,LSU,11,6,-5,0.3699999999999992,-5.3500000000000005,18.5,-13.71,2.6999999999999886,0.09400000000000003,-0.8000000000000007,1.0,-0.0020000000000000018,0.20197044334975367,0.2569444444444444,0,1,0,1,0,1
2018,1,First Round,LSU,Central Michigan,6,11,5,-0.3699999999999992,5.3500000000000005,-18.5,13.71,-2.6999999999999886,-0.09400000000000003,0.8000000000000007,-1.0,0.0020000000000000018,-0.20197044334975367,-0.2569444444444444,0,0,1,0,1,0
2018,1,First Round,Ohio State,George Washington,3,14,11,21.93,9.25,17.599999999999994,4.93,12.299999999999997,0.08000000000000002,0.9000000000000004,6.800000000000001,-0.007000000000000006,0.22424242424242424,0.1875,2,1,0,1,1,1
2018,1,First Round,George Washington,Ohio State,14,3,-11,-21.93,-9.25,-17.599999999999994,-4.93,-12.299999999999997,-0.08000000000000002,-0.9000000000000004,-6.800000000000001,0.007000000000000006,-0.22424242424242424,-0.1875,-2,0,1,1,1,0
2018,1,First Round,Minnesota,Green Bay,10,7,-3,-1.4199999999999982,6.640000000000001,7.700000000000003,-17.130000000000003,12.900000000000006,0.0050000000000000044,2.1999999999999993,-1.6000000000000014,0.01799999999999996,-0.1515151515151515,-0.20138888888888884,2,0,1,0,1,1
2018,1,First Round,Green Bay,Minnesota,7,10,3,1.4199999999999982,-6.640000000000001,-7.700000000000003,17.130000000000003,-12.900000000000006,-0.0050000000000000044,-2.1999999999999993,1.6000000000000014,-0.01799999999999996,0.1515151515151515,0.20138888888888884,-2,1,0,1,0,0
2018,1,First Round,Oregon,Seattle,2,15,13,37.96,18.75,20.200000000000003,18.83,-0.6000000000000085,0.12199999999999994,0.6000000000000014,4.400000000000002,0.02300000000000002,0.32296650717703357,0.24603174603174593,4,1,0,1,1,1
2018,1,First Round,Seattle,Oregon,15,2,-13,-37.96,-18.75,-20.200000000000003,-18.83,0.6000000000000085,-0.12199999999999994,-0.6000000000000014,-4.400000000000002,-0.02300000000000002,-0.32296650717703357,-0.24603174603174593,-4,0,1,1,1,0
2018,2,Second Round,Notre Dame,Villanova,1,9,8,20.520000000000003,9.67,8.700000000000003,11.799999999999997,10.400000000000006,0.029000000000000026,-3.0999999999999996,15.499999999999996,0.06899999999999998,0.20230263157894735,0.27083333333333337,5,1,0,0,0,1
2018,2,Second Round,Villanova,Notre Dame,9,1,-8,-20.520000000000003,-9.67,-8.700000000000003,-11.799999999999997,-10.400000000000006,-0.029000000000000026,3.0999999999999996,-15.499999999999996,-0.06899999999999998,-0.20230263157894735,-0.27083333333333337,-5,0,1,0,0,0
2018,2,Second Round,Texas A&M,DePaul,4,5,1,-0.16000000000000014,2.789999999999999,-1.0,-0.5399999999999991,-4.099999999999994,-0.03600000000000003,-0.10000000000000142,8.100000000000001,0.12100000000000002,-0.049206349206349254,-0.14583333333333337,3,0,1,0,1,1
2018,2,Second Round,DePaul,Texas A&M,5,4,-1,0.16000000000000014,-2.789999999999999,1.0,0.5399999999999991,4.099999999999994,0.03600000000000003,0.10000000000000142,-8.100000000000001,-0.12100000000000002,0.049206349206349254,0.14583333333333337,-3,1,0,1,0,0
2018,2,Second Round,Central Michigan,Ohio State,11,3,-8,-11.560000000000002,-8.079999999999998,4.0,-11.719999999999999,-4.5,0.025000000000000022,-3.6000000000000014,5.300000000000001,0.059,0.05714285714285705,0.13194444444444442,-1,1,1,1,1,1
2018,2,Second Round,Ohio State,Central Michigan,3,11,8,11.560000000000002,8.079999999999998,-4.0,11.719999999999999,4.5,-0.025000000000000022,3.6000000000000014,-5.300000000000001,-0.059,-0.05714285714285705,-0.13194444444444442,1,1,1,1,1,0
2018,2,Second Round,Oregon,Minnesota,2,10,8,13.89,5.17,6.099999999999994,11.479999999999997,-6.900000000000006,0.07399999999999995,-1.799999999999999,0.8000000000000043,-0.02999999999999997,0.1411483253588517,0.20138888888888884,2,1,0,1,0,1
2018,2,Second Round,Minnesota,Oregon,10,2,-8,-13.89,-5.17,-6.099999999999994,-11.479999999999997,6.900000000000006,-0.07399999999999995,1.799999999999999,-0.8000000000000043,0.02999999999999997,-0.1411483253588517,-0.20138888888888884,-2,0,1,0,1,0
2018,3,Sweet Sixteen,Notre Dame,Texas A&M,1,4,3,13.380000000000003,5.1899999999999995,5.400000000000006,8.259999999999998,3.0999999999999943,0.04700000000000004,-0.29999999999999893,-1.7000000000000028,-0.04200000000000004,0.19883040935672514,0.25,1,1,0,0,0,1
2018,3,Sweet Sixteen,Texas A&M,Notre Dame,4,1,-3,-13.380000000000003,-5.1899999999999995,-5.400000000000006,-8.259999999999998,-3.0999999999999943,-0.04700000000000004,0.29999999999999893,1.7000000000000028,0.04200000000000004,-0.19883040935672514,-0.25,-1,0,1,0,0,0
2018,3,Sweet Sixteen,Oregon,Central Michigan,2,11,9,17.470000000000002,9.04,2.0,15.61,-1.7999999999999972,0.030999999999999917,1.1000000000000014,-1.8999999999999986,-0.032999999999999974,0.011278195488721887,-0.05555555555555558,3,1,1,1,1,1
2018,3,Sweet Sixteen,Central Michigan,Oregon,11,2,-9,-17.470000000000002,-9.04,-2.0,-15.61,1.7999999999999972,-0.030999999999999917,-1.1000000000000014,1.8999999999999986,0.032999999999999974,-0.011278195488721887,0.05555555555555558,-3,1,1,1,1,0
2018,4,Elite Eight,Notre Dame,Oregon,1,2,1,2.789999999999999,4.279999999999999,-3.0,1.1700000000000017,4.700000000000003,-0.03199999999999992,-0.40000000000000036,3.1999999999999957,0.02799999999999997,0.05263157894736836,0.04861111111111116,1,1,1,0,1,1
2018,4,Elite Eight,Oregon,Notre Dame,2,1,-1,-2.789999999999999,-4.279999999999999,3.0,-1.1700000000000017,-4.700000000000003,0.03199999999999992,0.40000000000000036,-3.1999999999999957,-0.02799999999999997,-0.05263157894736836,-0.04861111111111116,-1,1,1,1,0,0
2018,6,Championship,Notre Dame,Mississippi St.,1,1,0,-1.6000000000000014,5.799999999999999,-2.4000000000000057,-6.140000000000001,4.799999999999997,0.015000000000000013,-3.0,2.3999999999999986,-0.015000000000000013,-0.027665317139001333,-0.0625,2,1,1,0,0,1
2018,6,Championship,Mississippi St.,Notre Dame,1,1,0,1.6000000000000014,-5.799999999999999,2.4000000000000057,6.140000000000001,-4.799999999999997,-0.015000000000000013,3.0,-2.3999999999999986,0.015000000000000013,0.027665317139001333,0.0625,-2,1,1,0,0,0
2019,1,First Round,Louisville,Robert Morris,1,16,15,36.19,24.17,18.799999999999997,12.07,3.0,0.08600000000000002,4.299999999999999,-1.6000000000000014,-0.0030000000000000027,0.2222222222222222,-0.01388888888888884,8,1,1,0,1,1
2019,1,First Round,Robert Morris,Louisville,16,1,-15,-36.19,-24.17,-18.799999999999997,-12.07,-3.0,-0.08600000000000002,-4.299999999999999,1.6000000000000014,0.0030000000000000027,-0.2222222222222222,0.01388888888888884,-8,1,1,1,0,0
2019,1,First Round,Michigan,Kansas State,8,9,1,3.1899999999999995,-4.84,7.200000000000003,-0.5,1.5,0.032999999999999974,-0.5999999999999979,8.399999999999999,-0.01200000000000001,0.010695187165775444,0.0,1,0,0,0,0,1
2019,1,First Round,Kansas State,Michigan,9,8,-1,-3.1899999999999995,4.84,-7.200000000000003,0.5,-1.5,-0.032999999999999974,0.5999999999999979,-8.399999999999999,0.01200000000000001,-0.010695187165775444,0.0,-1,0,0,0,0,0
2019,1,First Round,Gonzaga,Little Rock,5,12,7,15.03,5.09,14.599999999999994,5.939999999999998,1.6000000000000085,0.034999999999999976,2.3000000000000007,5.600000000000001,0.01899999999999996,0.1966911764705882,0.05555555555555547,0,1,1,0,1,1
2019,1,First Round,Little Rock,Gonzaga,12,5,-7,-15.03,-5.09,-14.599999999999994,-5.939999999999998,-1.6000000000000085,-0.034999999999999976,-2.3000000000000007,-5.600000000000001,-0.01899999999999996,-0.1966911764705882,-0.05555555555555547,0,1,1,1,0,0
2019,1,First Round,Oregon State,Boise State,4,13,9,16.97,11.43,3.3999999999999915,5.799999999999997,-3.0,0.038000000000000034,1.3000000000000007,-3.0,0.016000000000000014,-0.08377896613190738,-0.11111111111111105,2,0,1,0,1,1
2019,1,First Round,Boise State,Oregon State,13,4,-9,-16.97,-11.43,-3.3999999999999915,-5.799999999999997,3.0,-0.038000000000000034,-1.3000000000000007,3.0,-0.016000000000000014,0.08377896613190738,0.11111111111111105,-2,1,0,1,0,0
2019,1,First Round,UCLA,Tennessee,6,11,5,4.949999999999999,5.51,2.700000000000003,1.2999999999999972,-4.099999999999994,-0.01799999999999996,3.099999999999998,1.5,-0.0010000000000000009,0.03482142857142856,0.22916666666666663,1,0,0,0,0,1
2019,1,First Round,Tennessee,UCLA,11,6,-5,-4.949999999999999,-5.51,-2.700000000000003,-1.2999999999999972,4.099999999999994,0.01799999999999996,-3.099999999999998,-1.5,0.0010000000000000009,-0.03482142857142856,-0.22916666666666663,-1,0,0,0,0,0
2019,1,First Round,Maryland,Radford,3,14,11,22.03,16.4,11.799999999999997,3.489999999999995,3.700000000000003,0.08700000000000002,-1.3999999999999986,3.5,-0.02200000000000002,0.06506238859180036,-0.11111111111111105,1,1,1,0,1,1
2019,1,First Round,Radford,Maryland,14,3,-11,-22.03,-16.4,-11.799999999999997,-3.489999999999995,-3.700000000000003,-0.08700000000000002,1.3999999999999986,-3.5,0.02200000000000002,-0.06506238859180036,0.11111111111111105,-1,1,1,1,0,0
2019,1,First Round,Buffalo,Rutgers,10,7,-3,-1.1399999999999988,-4.119999999999999,7.0,-7.009999999999998,6.900000000000006,0.00599999999999995,2.1999999999999993,0.29999999999999716,0.06,0.018382352941176516,-0.05555555555555558,0,0,0,1,0,1
2019,1,First Round,Rutgers,Buffalo,7,10,3,1.1399999999999988,4.119999999999999,-7.0,7.009999999999998,-6.900000000000006,-0.00599999999999995,-2.1999999999999993,-0.29999999999999716,-0.06,-0.018382352941176516,0.05555555555555558,0,0,0,0,1,0
2019,1,First Round,UConn,Towson,2,15,13,39.86,13.61,26.400000000000006,20.990000000000002,-3.700000000000003,0.13200000000000006,5.699999999999999,-5.300000000000004,-0.05399999999999999,0.31499202551834127,0.38888888888888884,6,1,0,1,1,1
2019,1,First Round,Towson,UConn,15,2,-13,-39.86,-13.61,-26.400000000000006,-20.990000000000002,3.700000000000003,-0.13200000000000006,-5.699999999999999,5.300000000000004,0.05399999999999999,-0.31499202551834127,-0.38888888888888884,-6,0,1,1,1,0
2019,2,Second Round,Louisville,Michigan,1,8,7,14.370000000000001,4.1,11.299999999999997,6.960000000000001,-1.0,0.040000000000000036,4.499999999999998,-3.3999999999999986,-0.04799999999999999,0.24183006535947704,0.26388888888888884,7,1,0,0,0,1
2019,2,Second Round,Michigan,Louisville,8,1,-7,-14.370000000000001,-4.1,-11.299999999999997,-6.960000000000001,1.0,-0.040000000000000036,-4.499999999999998,3.3999999999999986,0.04799999999999999,-0.24183006535947704,-0.26388888888888884,-7,0,1,0,0,0
2019,2,Second Round,Oregon State,Gonzaga,4,5,1,7.140000000000001,7.75,0.5,0.21999999999999886,0.5,0.04800000000000004,0.1999999999999993,-5.5,-0.03899999999999998,-0.08823529411764708,-0.11111111111111105,2,0,1,0,0,1
2019,2,Second Round,Gonzaga,Oregon State,5,4,-1,-7.140000000000001,-7.75,-0.5,-0.21999999999999886,-0.5,-0.04800000000000004,-0.1999999999999993,5.5,0.03899999999999998,0.08823529411764708,0.11111111111111105,-2,1,0,0,0,0
2019,2,Second Round,UCLA,Maryland,6,3,-3,-0.5300000000000011,8.35,-1.7999999999999972,-2.3900000000000006,-1.5,-0.056999999999999995,3.1999999999999993,4.899999999999999,-0.014000000000000012,-0.22436974789915964,-0.16666666666666674,2,0,1,0,0,1
2019,2,Second Round,Maryland,UCLA,3,6,3,0.5300000000000011,-8.35,1.7999999999999972,2.3900000000000006,1.5,0.056999999999999995,-3.1999999999999993,-4.899999999999999,0.014000000000000012,0.22436974789915964,0.16666666666666674,-2,1,0,0,0,0
2019,2,Second Round,UConn,Buffalo,2,10,8,22.980000000000004,5.68,13.299999999999997,14.380000000000003,-2.4000000000000057,0.08500000000000008,3.0,-3.5,-0.055999999999999994,0.21517027863777083,0.33333333333333337,6,1,0,1,1,1
2019,2,Second Round,Buffalo,UConn,10,2,-8,-22.980000000000004,-5.68,-13.299999999999997,-14.380000000000003,2.4000000000000057,-0.08500000000000008,-3.0,3.5,0.055999999999999994,-0.21517027863777083,-0.33333333333333337,-6,0,1,1,1,0
2019,3,Sweet Sixteen,Louisville,Oregon State,1,4,3,4.850000000000001,0.34999999999999964,1.7000000000000028,4.810000000000002,2.799999999999997,-0.01200000000000001,0.9000000000000004,2.6000000000000014,-0.0020000000000000018,0.12418300653594772,0.09722222222222221,6,1,0,0,0,1
2019,3,Sweet Sixteen,Oregon State,Louisville,4,1,-3,-4.850000000000001,-0.34999999999999964,-1.7000000000000028,-4.810000000000002,-2.799999999999997,0.01200000000000001,-0.9000000000000004,-2.6000000000000014,0.0020000000000000018,-0.12418300653594772,-0.09722222222222221,-6,0,1,0,0,0
2019,3,Sweet Sixteen,UConn,UCLA,2,6,4,15.570000000000004,-5.68,13.200000000000003,10.430000000000007,1.0,0.10200000000000004,0.6000000000000014,-7.700000000000003,-0.009999999999999953,0.2924812030075188,0.33333333333333337,4,1,0,1,0,1
2019,3,Sweet Sixteen,UCLA,UConn,6,2,-4,-15.570000000000004,5.68,-13.200000000000003,-10.430000000000007,-1.0,-0.10200000000000004,-0.6000000000000014,7.700000000000003,0.009999999999999953,-0.2924812030075188,-0.33333333333333337,-4,0,1,0,1,0
2019,4,Elite Eight,UConn,Louisville,2,1,-1,5.600000000000001,-2.26,5.200000000000003,3.0600000000000023,1.0,0.025000000000000022,0.7000000000000011,1.1999999999999957,0.02100000000000002,0.032163742690058506,0.125,-1,1,1,1,0,1
2019,4,Elite Eight,Louisville,UConn,1,2,1,-5.600000000000001,2.26,-5.200000000000003,-3.0600000000000023,-1.0,-0.025000000000000022,-0.7000000000000011,-1.1999999999999957,-0.02100000000000002,-0.032163742690058506,-0.125,1,1,1,0,1,0
2019,1,First Round,Notre Dame,Bethune-Cookman,1,16,15,52.49,28.82,25.200000000000003,16.369999999999997,8.0,0.12000000000000005,4.300000000000001,10.599999999999998,-0.05399999999999999,0.24118589743589747,0.1875,6,1,0,1,1,1
2019,1,First Round,Bethune-Cookman,Notre Dame,16,1,-15,-52.49,-28.82,-25.200000000000003,-16.369999999999997,-8.0,-0.12000000000000005,-4.300000000000001,-10.599999999999998,0.05399999999999999,-0.24118589743589747,-0.1875,-6,0,1,1,1,0
2019,1,First Round,Michigan State,Central Michigan,9,8,-1,-1.5900000000000034,6.13,-9.699999999999989,4.289999999999999,1.6000000000000085,-0.05800000000000005,-0.29999999999999716,-1.8000000000000007,0.057999999999999996,-0.12121212121212122,-0.33333333333333337,0,0,1,0,0,1
2019,1,First Round,Central Michigan,Michigan State,8,9,1,1.5900000000000034,-6.13,9.699999999999989,-4.289999999999999,-1.6000000000000085,0.05800000000000005,0.29999999999999716,1.8000000000000007,-0.057999999999999996,0.12121212121212122,0.33333333333333337,0,1,0,0,0,0
2019,1,First Round,Marquette,Rice,5,12,7,20.61,13.49,6.8999999999999915,6.980000000000004,10.5,-0.0050000000000000044,5.399999999999999,2.8000000000000043,-0.019000000000000017,-0.10357142857142854,-0.16666666666666663,0,1,1,0,1,1
2019,1,First Round,Rice,Marquette,12,5,-7,-20.61,-13.49,-6.8999999999999915,-6.980000000000004,-10.5,0.0050000000000000044,-5.399999999999999,-2.8000000000000043,0.019000000000000017,0.10357142857142854,0.16666666666666663,0,1,1,1,0,0
2019,1,First Round,Texas A&M,Wright State,4,13,9,14.850000000000001,12.870000000000001,0.6000000000000085,11.25,-0.5,0.04099999999999998,-4.1,-2.3000000000000043,0.129,-0.02941176470588236,-0.13888888888888884,4,0,1,0,1,1
2019,1,First Round,Wright State,Texas A&M,13,4,-9,-14.850000000000001,-12.870000000000001,-0.6000000000000085,-11.25,0.5,-0.04099999999999998,4.1,2.3000000000000043,-0.129,0.02941176470588236,0.13888888888888884,-4,1,0,1,0,0
2019,1,First Round,Missouri State,DePaul,11,6,-5,-7.399999999999999,-8.86,-10.299999999999997,2.6099999999999994,-0.20000000000000284,-0.04099999999999998,-0.5,0.7000000000000028,0.07200000000000001,-0.05042016806722682,0.11111111111111105,0,0,0,1,1,1
2019,1,First Round,DePaul,Missouri State,6,11,5,7.399999999999999,8.86,10.299999999999997,-2.6099999999999994,0.20000000000000284,0.04099999999999998,0.5,-0.7000000000000028,-0.07200000000000001,0.05042016806722682,-0.11111111111111105,0,0,0,1,1,0
2019,1,First Round,Iowa State,New Mexico State,3,14,11,31.71,22.759999999999998,8.099999999999994,12.39,1.6000000000000085,0.056999999999999995,1.8000000000000007,-4.900000000000002,-0.030999999999999972,-0.04502164502164496,-0.2152777777777778,1,0,1,0,1,1
2019,1,First Round,New Mexico State,Iowa State,14,3,-11,-31.71,-22.759999999999998,-8.099999999999994,-12.39,-1.6000000000000085,-0.056999999999999995,-1.8000000000000007,4.900000000000002,0.030999999999999972,0.04502164502164496,0.2152777777777778,-1,1,0,1,0,0
2019,1,First Round,BYU,Auburn,7,10,3,-5.57,-3.96,-0.20000000000000284,-5.369999999999997,-2.299999999999997,0.019999999999999962,-1.0,-3.8999999999999986,-0.021999999999999964,0.10037878787878785,0.27083333333333337,-1,0,0,1,0,1
2019,1,First Round,Auburn,BYU,10,7,-3,5.57,3.96,0.20000000000000284,5.369999999999997,2.299999999999997,-0.019999999999999962,1.0,3.8999999999999986,0.021999999999999964,-0.10037878787878785,-0.27083333333333337,1,0,0,0,1,0
2019,1,First Round,Stanford,UC Davis,2,15,13,17.71,17.580000000000002,0.4000000000000057,11.200000000000003,2.5999999999999943,-0.0010000000000000009,1.299999999999999,4.400000000000002,-0.05699999999999997,0.07986111111111116,-0.10416666666666663,2,0,1,1,1,1
2019,1,First Round,UC Davis,Stanford,15,2,-13,-17.71,-17.580000000000002,-0.4000000000000057,-11.200000000000003,-2.5999999999999943,0.0010000000000000009,-1.299999999999999,-4.400000000000002,0.05699999999999997,-0.07986111111111116,0.10416666666666663,-2,1,0,1,1,0
2019,2,Second Round,Notre Dame,Michigan State,1,9,8,22.660000000000004,5.510000000000002,14.099999999999994,12.11,2.799999999999997,0.049000000000000044,1.6999999999999993,9.099999999999998,0.016000000000000014,0.2610722610722611,0.375,5,1,0,1,0,1
2019,2,Second Round,Michigan State,Notre Dame,9,1,-8,-22.660000000000004,-5.510000000000002,-14.099999999999994,-12.11,-2.799999999999997,-0.049000000000000044,-1.6999999999999993,-9.099999999999998,-0.016000000000000014,-0.2610722610722611,-0.375,-5,0,1,0,1,0
2019,2,Second Round,Texas A&M,Marquette,4,5,1,-10.909999999999997,-0.1999999999999993,-11.699999999999989,-1.5600000000000023,-3.5,-0.05600000000000005,-2.8999999999999986,0.19999999999999574,0.08800000000000002,-0.006722689075630339,-0.08333333333333337,3,0,1,0,0,1
2019,2,Second Round,Marquette,Texas A&M,5,4,-1,10.909999999999997,0.1999999999999993,11.699999999999989,1.5600000000000023,3.5,0.05600000000000005,2.8999999999999986,-0.19999999999999574,-0.08800000000000002,0.006722689075630339,0.08333333333333337,-3,1,0,0,0,0
2019,2,Second Round,Missouri State,Iowa State,11,3,-8,-16.23,-10.969999999999999,-6.799999999999997,-7.510000000000005,-1.5,-0.04999999999999999,-0.5,7.300000000000001,0.04799999999999999,-0.02857142857142858,0.16666666666666663,-1,0,0,1,0,1
2019,2,Second Round,Iowa State,Missouri State,3,11,8,16.23,10.969999999999999,6.799999999999997,7.510000000000005,1.5,0.04999999999999999,0.5,-7.300000000000001,-0.04799999999999999,0.02857142857142858,-0.16666666666666663,1,0,0,0,1,0
2019,2,Second Round,Stanford,BYU,2,7,5,19.15,12.02,2.700000000000003,13.979999999999997,3.5,0.027000000000000024,0.7999999999999989,0.8000000000000007,-0.035,0.07323232323232332,0.0,3,0,0,1,1,1
2019,2,Second Round,BYU,Stanford,7,2,-5,-19.15,-12.02,-2.700000000000003,-13.979999999999997,-3.5,-0.027000000000000024,-0.7999999999999989,-0.8000000000000007,0.035,-0.07323232323232332,0.0,-3,0,0,1,1,0
2019,3,Sweet Sixteen,Notre Dame,Texas A&M,1,4,3,19.53,5.300000000000001,17.099999999999994,4.009999999999998,6.0,0.07300000000000006,2.5,5.600000000000001,-0.055999999999999994,0.13273001508295634,0.125,2,1,0,1,0,1
2019,3,Sweet Sixteen,Texas A&M,Notre Dame,4,1,-3,-19.53,-5.300000000000001,-17.099999999999994,-4.009999999999998,-6.0,-0.07300000000000006,-2.5,-5.600000000000001,0.055999999999999994,-0.13273001508295634,-0.125,-2,0,1,0,1,0
2019,3,Sweet Sixteen,Stanford,Missouri State,2,11,9,17.18,13.61,5.400000000000006,11.020000000000003,-2.200000000000003,0.05099999999999999,0.5999999999999996,-4.199999999999999,-0.086,0.14682539682539686,-0.05555555555555547,3,0,0,1,1,1
2019,3,Sweet Sixteen,Missouri State,Stanford,11,2,-9,-17.18,-13.61,-5.400000000000006,-11.020000000000003,2.200000000000003,-0.05099999999999999,-0.5999999999999996,4.199999999999999,0.086,-0.14682539682539686,0.05555555555555547,-3,0,0,1,1,0
2019,4,Elite Eight,Notre Dame,Stanford,1,2,1,10.880000000000003,0.4400000000000013,12.099999999999994,-0.3100000000000023,5.0,0.030000000000000027,0.7000000000000011,9.099999999999998,0.08399999999999999,0.03632478632478631,0.04166666666666663,3,1,0,1,1,1
2019,4,Elite Eight,Stanford,Notre Dame,2,1,-1,-10.880000000000003,-0.4400000000000013,-12.099999999999994,0.3100000000000023,-5.0,-0.030000000000000027,-0.7000000000000011,-9.099999999999998,-0.08399999999999999,-0.03632478632478631,-0.04166666666666663,-3,0,1,1,1,0
2019,1,First Round,Baylor,Abilene Christian,1,16,15,43.96,22.14,0.09999999999999432,28.25,7.6000000000000085,-0.0010000000000000009,6.4,1.1999999999999957,-0.014000000000000012,0.2767145135566188,0.2777777777777778,10,1,0,1,1,1
2019,1,First Round,Abilene Christian,Baylor,16,1,-15,-43.96,-22.14,-0.09999999999999432,-28.25,-7.6000000000000085,0.0010000000000000009,-6.4,-1.1999999999999957,0.014000000000000012,-0.2767145135566188,-0.2777777777777778,-10,0,1,1,1,0
2019,1,First Round,California,UNC,8,9,1,2.16,3.01,5.0,-1.0499999999999972,-6.200000000000003,0.019000000000000017,-0.5,6.200000000000003,0.007000000000000006,0.06060606060606066,0.0,-1,0,0,0,0,1
2019,1,First Round,UNC,California,9,8,-1,-2.16,-3.01,-5.0,1.0499999999999972,6.200000000000003,-0.019000000000000017,0.5,-6.200000000000003,-0.007000000000000006,-0.06060606060606066,0.0,1,0,0,0,0,0
2019,1,First Round,Florida State,Bucknell,5,12,7,8.589999999999998,15.870000000000001,-5.799999999999997,10.04,0.20000000000000284,-0.08100000000000002,2.0,8.099999999999998,-0.03799999999999998,-0.09625668449197855,-0.26388888888888884,1,0,1,0,1,1
2019,1,First Round,Bucknell,Florida State,12,5,-7,-8.589999999999998,-15.870000000000001,5.799999999999997,-10.04,-0.20000000000000284,0.08100000000000002,-2.0,-8.099999999999998,0.03799999999999998,0.09625668449197855,0.26388888888888884,-1,1,0,1,0,0
2019,1,First Round,South Carolina,Belmont,4,13,9,11.32,17.72,-7.799999999999997,10.909999999999997,5.099999999999994,-0.05600000000000005,-0.3000000000000007,3.200000000000003,0.05299999999999999,-0.09090909090909083,-0.07638888888888884,3,0,1,0,1,1
2019,1,First Round,Belmont,South Carolina,13,4,-9,-11.32,-17.72,7.799999999999997,-10.909999999999997,-5.099999999999994,0.05600000000000005,0.3000000000000007,-3.200000000000003,-0.05299999999999999,0.09090909090909083,0.07638888888888884,-3,1,0,1,0,0
2019,1,First Round,Kentucky,Princeton,6,11,5,12.850000000000001,7.669999999999999,2.200000000000003,11.990000000000002,-1.0,-0.004999999999999949,1.200000000000001,1.0999999999999979,0.028000000000000025,0.07007575757575757,-0.1696428571428571,0,0,1,0,1,1
2019,1,First Round,Princeton,Kentucky,11,6,-5,-12.850000000000001,-7.669999999999999,-2.200000000000003,-11.990000000000002,1.0,0.004999999999999949,-1.200000000000001,-1.0999999999999979,-0.028000000000000025,-0.07007575757575757,0.1696428571428571,0,1,0,1,0,0
2019,1,First Round,NC State,Maine,3,14,11,17.799999999999997,16.84,0.09999999999999432,15.32,4.5,0.017000000000000015,-2.799999999999999,1.9999999999999964,0.07399999999999998,0.06595365418894827,-0.1875,3,0,1,0,1,1
2019,1,First Round,Maine,NC State,14,3,-11,-17.799999999999997,-16.84,-0.09999999999999432,-15.32,-4.5,-0.017000000000000015,2.799999999999999,-1.9999999999999964,-0.07399999999999998,-0.06595365418894827,0.1875,-3,1,0,1,0,0
2019,1,First Round,Missouri,Drake,7,10,3,2.039999999999999,7.74,-7.799999999999997,3.740000000000002,-9.099999999999994,-0.02200000000000002,-0.8000000000000007,-1.8999999999999986,-0.0030000000000000027,-0.10840336134453776,-0.3194444444444444,1,0,1,0,0,1
2019,1,First Round,Drake,Missouri,10,7,-3,-2.039999999999999,-7.74,7.799999999999997,-3.740000000000002,9.099999999999994,0.02200000000000002,0.8000000000000007,1.8999999999999986,0.0030000000000000027,0.10840336134453776,0.3194444444444444,-1,1,0,0,0,0
2019,1,First Round,Iowa,Mercer,2,15,13,24.810000000000002,19.89,11.400000000000006,9.380000000000003,3.299999999999997,0.09199999999999997,-3.4000000000000004,-1.3000000000000007,0.08200000000000002,0.04797979797979801,-0.2222222222222222,2,0,1,1,1,1
2019,1,First Round,Mercer,Iowa,15,2,-13,-24.810000000000002,-19.89,-11.400000000000006,-9.380000000000003,-3.299999999999997,-0.09199999999999997,3.4000000000000004,1.3000000000000007,-0.08200000000000002,-0.04797979797979801,0.2222222222222222,-2,1,0,1,1,0
2019,2,Second Round,Baylor,California,1,8,7,22.81,-0.5199999999999996,6.3999999999999915,24.199999999999996,4.900000000000006,0.02400000000000002,1.3000000000000007,7.599999999999994,0.019999999999999962,0.36762360446570974,0.5,9,1,0,1,0,1
2019,2,Second Round,California,Baylor,8,1,-7,-22.81,0.5199999999999996,-6.3999999999999915,-24.199999999999996,-4.900000000000006,-0.02400000000000002,-1.3000000000000007,-7.599999999999994,-0.019999999999999962,-0.36762360446570974,-0.5,-9,0,1,0,1,0
2019,2,Second Round,South Carolina,Florida State,4,5,1,4.900000000000002,3.67,4.700000000000003,0.0799999999999983,2.5999999999999943,0.02699999999999997,0.6999999999999993,-1.2999999999999972,0.062,-0.030303030303030276,0.1875,2,0,0,0,0,1
2019,2,Second Round,Florida State,South Carolina,5,4,-1,-4.900000000000002,-3.67,-4.700000000000003,-0.0799999999999983,-2.5999999999999943,-0.02699999999999997,-0.6999999999999993,1.2999999999999972,-0.062,0.030303030303030276,-0.1875,-2,0,0,0,0,0
2019,2,Second Round,NC State,Kentucky,3,6,3,0.41999999999999815,2.6800000000000015,2.0,-2.5,-1.6000000000000085,0.03799999999999998,-1.799999999999999,0.3999999999999986,0.01699999999999996,0.06595365418894827,0.0625,2,0,0,0,0,1
2019,2,Second Round,Kentucky,NC State,6,3,-3,-0.41999999999999815,-2.6800000000000015,-2.0,2.5,1.6000000000000085,-0.03799999999999998,1.799999999999999,-0.3999999999999986,-0.01699999999999996,-0.06595365418894827,-0.0625,-2,0,0,0,0,0
2019,2,Second Round,Iowa,Missouri,2,7,5,5.640000000000001,1.7100000000000009,9.5,-3.5700000000000003,6.5,0.03499999999999992,3.8000000000000007,-1.0,-0.03699999999999998,0.11984126984126986,0.1527777777777778,1,0,0,1,0,1
2019,2,Second Round,Missouri,Iowa,7,2,-5,-5.640000000000001,-1.7100000000000009,-9.5,3.5700000000000003,-6.5,-0.03499999999999992,-3.8000000000000007,1.0,0.03699999999999998,-0.11984126984126986,-0.1527777777777778,-1,0,0,0,1,0
2019,3,Sweet Sixteen,Baylor,South Carolina,1,4,3,18.049999999999997,0.5600000000000005,10.399999999999991,14.43,-0.3999999999999915,0.04800000000000004,0.9000000000000004,7.199999999999996,-0.027000000000000024,0.2767145135566188,0.1875,7,1,0,1,0,1
2019,3,Sweet Sixteen,South Carolina,Baylor,4,1,-3,-18.049999999999997,-0.5600000000000005,-10.399999999999991,-14.43,0.3999999999999915,-0.04800000000000004,-0.9000000000000004,-7.199999999999996,0.027000000000000024,-0.2767145135566188,-0.1875,-7,0,1,0,1,0
2019,3,Sweet Sixteen,Iowa,NC State,2,3,1,2.740000000000002,1.83,7.200000000000003,-4.899999999999999,2.4000000000000057,0.05699999999999994,-0.10000000000000142,-3.4999999999999964,-0.01599999999999996,-0.017973856209150263,0.02777777777777779,-1,0,0,1,0,1
2019,3,Sweet Sixteen,NC State,Iowa,3,2,-1,-2.740000000000002,-1.83,-7.200000000000003,4.899999999999999,-2.4000000000000057,-0.05699999999999994,0.10000000000000142,3.4999999999999964,0.01599999999999996,0.017973856209150263,-0.02777777777777779,1,0,0,0,1,0
2019,4,Elite Eight,Baylor,Iowa,1,2,1,16.479999999999997,1.5299999999999994,3.0999999999999943,18.9,0.9000000000000057,-0.03499999999999992,2.4000000000000004,13.499999999999996,0.023999999999999966,0.16812865497076024,0.2222222222222222,8,1,0,1,1,1
2019,4,Elite Eight,Iowa,Baylor,2,1,-1,-16.479999999999997,-1.5299999999999994,-3.0999999999999943,-18.9,-0.9000000000000057,0.03499999999999992,-2.4000000000000004,-13.499999999999996,-0.023999999999999966,-0.16812865497076024,-0.2222222222222222,-8,0,1,1,1,0
2019,1,First Round,Mississippi St.,Southern,1,16,15,53.58,19.31,29.200000000000003,13.579999999999998,5.199999999999989,0.10600000000000004,8.100000000000001,10.200000000000003,0.02200000000000002,0.31060606060606055,0.1597222222222222,2,1,1,1,1,1
2019,1,First Round,Southern,Mississippi St.,16,1,-15,-53.58,-19.31,-29.200000000000003,-13.579999999999998,-5.199999999999989,-0.10600000000000004,-8.100000000000001,-10.200000000000003,-0.02200000000000002,-0.31060606060606055,-0.1597222222222222,-2,1,1,1,1,0
2019,1,First Round,Clemson,South Dakota,9,8,-1,-1.9900000000000002,11.23,-22.299999999999997,3.5600000000000023,8.799999999999997,-0.065,-5.6,0.5,0.0,-0.21746880570409977,-0.3125,0,0,0,0,0,1
2019,1,First Round,South Dakota,Clemson,8,9,1,1.9900000000000002,-11.23,22.299999999999997,-3.5600000000000023,-8.799999999999997,0.065,5.6,-0.5,0.0,0.21746880570409977,0.3125,0,0,0,0,0,0
2019,1,First Round,Arizona State,UCF,5,12,7,11.030000000000001,9.25,9.700000000000003,2.539999999999999,-2.799999999999997,0.02699999999999997,3.4999999999999982,0.7999999999999972,-0.03699999999999998,-0.12121212121212122,-0.22426470588235292,0,0,0,0,0,1
2019,1,First Round,UCF,Arizona State,12,5,-7,-11.030000000000001,-9.25,-9.700000000000003,-2.539999999999999,2.799999999999997,-0.02699999999999997,-3.4999999999999982,-0.7999999999999972,0.03699999999999998,0.12121212121212122,0.22426470588235292,0,0,0,0,0,0
2019,1,First Round,Miami,Florida Gulf Coast,4,13,9,9.81,16.78,-6.599999999999994,-0.14000000000000057,2.799999999999997,-0.010000000000000009,-4.0,7.400000000000002,0.10200000000000001,-0.11319073083778963,-0.25,0,0,1,0,1,1
2019,1,First Round,Florida Gulf Coast,Miami,13,4,-9,-9.81,-16.78,6.599999999999994,0.14000000000000057,-2.799999999999997,0.010000000000000009,4.0,-7.400000000000002,-0.10200000000000001,0.11319073083778963,0.25,0,1,0,1,0,0
2019,1,First Round,South Dakota State,Quinnipiac,6,11,5,11.37,8.94,16.89999999999999,0.28999999999999915,1.6999999999999886,0.10500000000000004,-0.3000000000000007,-4.199999999999999,0.017000000000000015,0.0121212121212122,-0.0625,1,1,1,1,1,1
2019,1,First Round,Quinnipiac,South Dakota State,11,6,-5,-11.37,-8.94,-16.89999999999999,-0.28999999999999915,-1.6999999999999886,-0.10500000000000004,0.3000000000000007,4.199999999999999,-0.017000000000000015,-0.0121212121212122,0.0625,-1,1,1,1,1,0
2019,1,First Round,Syracuse,Fordham,3,14,11,17.74,13.53,5.299999999999997,10.190000000000005,13.199999999999996,0.04299999999999998,-2.6000000000000014,2.0,0.015000000000000013,0.0,-0.125,0,0,1,0,1,1
2019,1,First Round,Fordham,Syracuse,14,3,-11,-17.74,-13.53,-5.299999999999997,-10.190000000000005,-13.199999999999996,-0.04299999999999998,2.6000000000000014,-2.0,-0.015000000000000013,0.0,0.125,0,1,0,1,0,0
2019,1,First Round,Indiana,Texas,10,7,-3,-5.27,-0.2900000000000009,-5.700000000000003,-3.1600000000000037,2.4000000000000057,-0.007000000000000006,1.0,-16.699999999999996,0.033999999999999975,-0.07932263814616758,-0.2222222222222222,-2,0,0,0,0,1
2019,1,First Round,Texas,Indiana,7,10,3,5.27,0.2900000000000009,5.700000000000003,3.1600000000000037,-2.4000000000000057,0.007000000000000006,-1.0,16.699999999999996,-0.033999999999999975,0.07932263814616758,0.2222222222222222,2,0,0,0,0,0
2019,1,First Round,Oregon,Portland State,2,15,13,31.87,20.55,24.39999999999999,6.400000000000006,-2.799999999999997,0.09899999999999998,5.300000000000001,4.699999999999999,-0.038000000000000034,0.11084529505582141,0.18888888888888888,5,1,0,0,1,1
2019,1,First Round,Portland State,Oregon,15,2,-13,-31.87,-20.55,-24.39999999999999,-6.400000000000006,2.799999999999997,-0.09899999999999998,-5.300000000000001,-4.699999999999999,0.038000000000000034,-0.11084529505582141,-0.18888888888888888,-5,0,1,1,0,0
2019,2,Second Round,Mississippi St.,Clemson,1,9,8,24.5,-1.3500000000000014,29.299999999999997,3.509999999999998,-4.400000000000006,0.07800000000000001,7.800000000000001,12.600000000000001,0.03600000000000003,0.31060606060606055,0.375,1,1,0,1,0,1
2019,2,Second Round,Clemson,Mississippi St.,9,1,-8,-24.5,1.3500000000000014,-29.299999999999997,-3.509999999999998,4.400000000000006,-0.07800000000000001,-7.800000000000001,-12.600000000000001,-0.03600000000000003,-0.31060606060606055,-0.375,-1,0,1,0,1,0
2019,2,Second Round,Arizona State,Miami,5,4,-1,2.09,4.940000000000001,-3.200000000000003,5.0,-6.5,-0.03700000000000003,2.9000000000000004,-0.6000000000000014,-0.07700000000000001,-0.06862745098039225,-0.16176470588235292,-1,0,0,0,0,1
2019,2,Second Round,Miami,Arizona State,4,5,1,-2.09,-4.940000000000001,3.200000000000003,-5.0,6.5,0.03700000000000003,-2.9000000000000004,0.6000000000000014,0.07700000000000001,0.06862745098039225,0.16176470588235292,1,0,0,0,0,0
2019,2,Second Round,South Dakota State,Syracuse,6,3,-3,-1.75,-8.12,10.5,-0.6200000000000045,-5.700000000000003,0.03400000000000003,2.700000000000001,-3.9999999999999964,0.08199999999999999,0.06470588235294117,0.25,1,1,0,1,0,1
2019,2,Second Round,Syracuse,South Dakota State,3,6,3,1.75,8.12,-10.5,0.6200000000000045,5.700000000000003,-0.03400000000000003,-2.700000000000001,3.9999999999999964,-0.08199999999999999,-0.06470588235294117,-0.25,-1,0,1,0,1,0
2019,2,Second Round,Oregon,Indiana,2,10,8,21.94,5.090000000000002,28.099999999999994,4.200000000000003,-3.799999999999997,0.10499999999999998,5.5,8.299999999999997,-0.07900000000000001,0.25077399380804954,0.4444444444444444,4,1,0,0,0,1
2019,2,Second Round,Indiana,Oregon,10,2,-8,-21.94,-5.090000000000002,-28.099999999999994,-4.200000000000003,3.799999999999997,-0.10499999999999998,-5.5,-8.299999999999997,0.07900000000000001,-0.25077399380804954,-0.4444444444444444,-4,0,1,0,0,0
2019,3,Sweet Sixteen,Mississippi St.,Arizona State,1,5,4,15.029999999999998,-5.760000000000002,19.200000000000003,2.289999999999999,7.3999999999999915,0.061000000000000054,1.700000000000001,11.5,0.08900000000000002,0.25,0.3492647058823529,2,1,0,1,0,1
2019,3,Sweet Sixteen,Arizona State,Mississippi St.,5,1,-4,-15.029999999999998,5.760000000000002,-19.200000000000003,-2.289999999999999,-7.3999999999999915,-0.061000000000000054,-1.700000000000001,-11.5,-0.08900000000000002,-0.25,-0.3492647058823529,-2,0,1,0,1,0
2019,3,Sweet Sixteen,Oregon,South Dakota State,2,6,4,16.330000000000002,12.290000000000001,10.700000000000003,2.760000000000005,-0.8999999999999915,0.040999999999999925,2.5999999999999996,3.099999999999998,-0.068,0.06842105263157894,-0.04861111111111116,4,1,1,0,1,1
2019,3,Sweet Sixteen,South Dakota State,Oregon,6,2,-4,-16.330000000000002,-12.290000000000001,-10.700000000000003,-2.760000000000005,0.8999999999999915,-0.040999999999999925,-2.5999999999999996,-3.099999999999998,0.068,-0.06842105263157894,0.04861111111111116,-4,1,1,1,0,0
2019,4,Elite Eight,Oregon,Mississippi St.,2,1,-1,-0.9799999999999969,6.580000000000002,5.099999999999994,-4.589999999999996,-4.3999999999999915,0.04699999999999993,1.3999999999999986,-12.600000000000001,-0.10500000000000004,-0.04824561403508765,-0.04861111111111116,3,1,1,0,1,1
2019,4,Elite Eight,Mississippi St.,Oregon,1,2,1,0.9799999999999969,-6.580000000000002,-5.099999999999994,4.589999999999996,4.3999999999999915,-0.04699999999999993,-1.3999999999999986,12.600000000000001,0.10500000000000004,0.04824561403508765,0.04861111111111116,-3,1,1,1,0,0
2019,6,Championship,Baylor,Notre Dame,1,1,0,0.9499999999999957,-1.4400000000000013,-3.700000000000003,8.39,-3.5999999999999943,-0.015000000000000013,0.09999999999999964,1.3999999999999986,-0.017000000000000015,0.07624831309041835,0.125,4,1,1,1,1,1
2019,6,Championship,Notre Dame,Baylor,1,1,0,-0.9499999999999957,1.4400000000000013,3.700000000000003,-8.39,3.5999999999999943,0.015000000000000013,-0.09999999999999964,-1.3999999999999986,0.017000000000000015,-0.07624831309041835,-0.125,-4,1,1,1,1,0
2021,1,First Round,Stanford,Utah Valley,1,16,15,49.79,26.630000000000003,17.599999999999994,22.810000000000002,3.700000000000003,0.07600000000000001,5.700000000000001,7.199999999999996,-0.121,0.2893939393939394,0.19047619047619047,5,1,0,1,0,1
2021,1,First Round,Utah Valley,Stanford,16,1,-15,-49.79,-26.630000000000003,-17.599999999999994,-22.810000000000002,-3.700000000000003,-0.07600000000000001,-5.700000000000001,-7.199999999999996,0.121,-0.2893939393939394,-0.19047619047619047,-5,0,1,0,1,0
2021,1,First Round,Oklahoma State,Wake Forest,8,9,1,8.220000000000002,-2.6500000000000004,1.5,13.409999999999997,4.0,0.01799999999999996,0.6999999999999993,1.5,-0.06199999999999997,0.19857142857142862,0.2777777777777778,0,0,0,0,0,1
2021,1,First Round,Wake Forest,Oklahoma State,9,8,-1,-8.220000000000002,2.6500000000000004,-1.5,-13.409999999999997,-4.0,-0.01799999999999996,-0.6999999999999993,-1.5,0.06199999999999997,-0.19857142857142862,-0.2777777777777778,0,0,0,0,0,0
2021,1,First Round,Missouri State,UC Davis,5,12,7,11.509999999999998,8.18,6.599999999999994,4.220000000000006,1.2000000000000028,-0.04099999999999998,3.099999999999998,16.099999999999998,0.015000000000000013,0.07211538461538458,0.09999999999999998,0,1,1,0,1,1
2021,1,First Round,UC Davis,Missouri State,12,5,-7,-11.509999999999998,-8.18,-6.599999999999994,-4.220000000000006,-1.2000000000000028,0.04099999999999998,-3.099999999999998,-16.099999999999998,-0.015000000000000013,-0.07211538461538458,-0.09999999999999998,0,1,1,1,0,0
2021,1,First Round,Wright State,Arkansas,13,4,-9,-12.810000000000002,-11.09,-14.099999999999994,1.5900000000000034,-9.400000000000006,-0.09000000000000002,-4.1,24.0,-0.045999999999999985,0.025132275132275117,0.15000000000000002,-2,1,0,1,0,1
2021,1,First Round,Arkansas,Wright State,4,13,9,12.810000000000002,11.09,14.099999999999994,-1.5900000000000034,9.400000000000006,0.09000000000000002,4.1,-24.0,0.045999999999999985,-0.025132275132275117,-0.15000000000000002,2,0,1,0,1,0
2021,1,First Round,Oregon,South Dakota,6,11,5,15.260000000000002,17.38,-5.6000000000000085,8.009999999999998,0.5,0.009000000000000008,-1.700000000000001,0.3999999999999986,-0.11499999999999999,-0.135,-0.26890756302521,0,0,0,0,1,1
2021,1,First Round,South Dakota,Oregon,11,6,-5,-15.260000000000002,-17.38,5.6000000000000085,-8.009999999999998,-0.5,-0.009000000000000008,1.700000000000001,-0.3999999999999986,0.11499999999999999,0.135,0.26890756302521,0,0,0,1,0,0
2021,1,First Round,Georgia,Drexel,3,14,11,24.169999999999998,16.78,1.8000000000000114,23.86,9.099999999999994,0.024999999999999967,-4.699999999999999,5.299999999999997,0.07500000000000001,0.14130434782608692,0.09523809523809523,1,0,0,0,1,1
2021,1,First Round,Drexel,Georgia,14,3,-11,-24.169999999999998,-16.78,-1.8000000000000114,-23.86,-9.099999999999994,-0.024999999999999967,4.699999999999999,-5.299999999999997,-0.07500000000000001,-0.14130434782608692,-0.09523809523809523,-1,0,0,1,0,0
2021,1,First Round,Northwestern,UCF,7,10,3,8.02,9.020000000000001,8.0,-1.8100000000000023,4.5,-0.01100000000000001,8.8,-6.599999999999998,-0.01799999999999996,-0.12190476190476185,-0.24603174603174593,2,0,0,0,0,1
2021,1,First Round,UCF,Northwestern,10,7,-3,-8.02,-9.020000000000001,-8.0,1.8100000000000023,-4.5,0.01100000000000001,-8.8,6.599999999999998,0.01799999999999996,0.12190476190476185,0.24603174603174593,-2,0,0,0,0,0
2021,1,First Round,Louisville,Marist,2,15,13,32.03,27.5,14.400000000000006,18.849999999999994,4.8999999999999915,0.063,2.4999999999999982,1.5,-0.04000000000000001,0.048484848484848464,0.0625,4,1,1,0,1,1
2021,1,First Round,Marist,Louisville,15,2,-13,-32.03,-27.5,-14.400000000000006,-18.849999999999994,-4.8999999999999915,-0.063,-2.4999999999999982,-1.5,0.04000000000000001,-0.048484848484848464,-0.0625,-4,1,1,1,0,0
2021,2,Second Round,Stanford,Oklahoma State,1,8,7,19.339999999999996,4.130000000000001,14.599999999999994,9.060000000000002,-3.700000000000003,0.05600000000000005,0.7000000000000011,8.799999999999997,-0.03,0.26082251082251084,0.18253968253968256,4,1,0,1,0,1
2021,2,Second Round,Oklahoma State,Stanford,8,1,-7,-19.339999999999996,-4.130000000000001,-14.599999999999994,-9.060000000000002,3.700000000000003,-0.05600000000000005,-0.7000000000000011,-8.799999999999997,0.03,-0.26082251082251084,-0.18253968253968256,-4,0,1,0,1,0
2021,2,Second Round,Missouri State,Wright State,5,13,8,11.52,7.250000000000001,9.099999999999994,10.21,1.2000000000000028,0.029000000000000026,1.6999999999999993,-5.100000000000001,-0.03999999999999998,0.18091168091168086,0.25,0,1,1,0,1,1
2021,2,Second Round,Wright State,Missouri State,13,5,-8,-11.52,-7.250000000000001,-9.099999999999994,-10.21,-1.2000000000000028,-0.029000000000000026,-1.6999999999999993,5.100000000000001,0.03999999999999998,-0.18091168091168086,-0.25,0,1,1,1,0,0
2021,2,Second Round,Oregon,Georgia,6,3,-3,6.920000000000002,6.449999999999999,6.699999999999989,-1.2800000000000011,-4.799999999999997,0.029000000000000026,3.6999999999999993,-2.3999999999999986,-0.068,-0.125,-0.07843137254901955,0,0,0,0,0,1
2021,2,Second Round,Georgia,Oregon,3,6,3,-6.920000000000002,-6.449999999999999,-6.699999999999989,1.2800000000000011,4.799999999999997,-0.029000000000000026,-3.6999999999999993,2.3999999999999986,0.068,0.125,0.07843137254901955,0,0,0,0,0,0
2021,2,Second Round,Louisville,Northwestern,2,7,5,6.030000000000001,-3.8000000000000007,14.5,-2.5,-1.0,0.08500000000000002,-1.0999999999999996,5.199999999999999,-0.11400000000000002,0.22666666666666668,0.26388888888888884,2,1,0,0,0,1
2021,2,Second Round,Northwestern,Louisville,7,2,-5,-6.030000000000001,3.8000000000000007,-14.5,2.5,1.0,-0.08500000000000002,1.0999999999999996,-5.199999999999999,0.11400000000000002,-0.22666666666666668,-0.26388888888888884,-2,0,1,0,0,0
2021,3,Sweet Sixteen,Stanford,Missouri State,1,5,4,22.54,9.620000000000001,9.0,11.259999999999998,0.9000000000000057,0.07400000000000001,0.20000000000000107,0.3999999999999986,-0.07400000000000001,0.05477855477855487,-0.09523809523809523,5,1,1,1,0,1
2021,3,Sweet Sixteen,Missouri State,Stanford,5,1,-4,-22.54,-9.620000000000001,-9.0,-11.259999999999998,-0.9000000000000057,-0.07400000000000001,-0.20000000000000107,-0.3999999999999986,0.07400000000000001,-0.05477855477855487,0.09523809523809523,-5,1,1,0,1,0
2021,3,Sweet Sixteen,Louisville,Oregon,2,6,4,-1.6900000000000013,-6.469999999999999,6.1000000000000085,-5.909999999999997,1.5999999999999943,0.015000000000000013,0.9000000000000004,1.5,0.01899999999999999,0.2416666666666667,0.2867647058823529,3,1,0,0,0,1
2021,3,Sweet Sixteen,Oregon,Louisville,6,2,-4,1.6900000000000013,6.469999999999999,-6.1000000000000085,5.909999999999997,-1.5999999999999943,-0.015000000000000013,-0.9000000000000004,-1.5,-0.01899999999999999,-0.2416666666666667,-0.2867647058823529,-3,0,1,0,0,0
2021,4,Elite Eight,Stanford,Louisville,1,2,1,12.939999999999998,5.010000000000002,2.5999999999999943,13.57,-1.0999999999999943,0.014000000000000012,-0.1999999999999993,3.8999999999999986,-0.011999999999999983,0.07272727272727275,0.029761904761904767,1,1,1,1,0,1
2021,4,Elite Eight,Louisville,Stanford,2,1,-1,-12.939999999999998,-5.010000000000002,-2.5999999999999943,-13.57,1.0999999999999943,-0.014000000000000012,0.1999999999999993,-3.8999999999999986,0.011999999999999983,-0.07272727272727275,-0.029761904761904767,-1,1,1,0,1,0
2021,1,First Round,South Carolina,Mercer,1,16,15,36.5,25.810000000000002,4.200000000000003,23.61,5.400000000000006,0.033999999999999975,-2.9000000000000004,7.5,0.095,0.10794044665012414,0.10576923076923073,7,0,0,1,1,1
2021,1,First Round,Mercer,South Carolina,16,1,-15,-36.5,-25.810000000000002,-4.200000000000003,-23.61,-5.400000000000006,-0.033999999999999975,2.9000000000000004,-7.5,-0.095,-0.10794044665012414,-0.10576923076923073,-7,0,0,1,1,0
2021,1,First Round,Oregon State,Florida State,8,9,1,8.54,6.440000000000001,12.099999999999994,3.269999999999996,-2.5,0.07600000000000001,0.6999999999999993,-5.0,0.04099999999999998,0.0736842105263158,-0.024038461538461564,1,0,0,0,0,1
2021,1,First Round,Florida State,Oregon State,9,8,-1,-8.54,-6.440000000000001,-12.099999999999994,-3.269999999999996,2.5,-0.07600000000000001,-0.6999999999999993,5.0,-0.04099999999999998,-0.0736842105263158,0.024038461538461564,-1,0,0,0,0,0
2021,1,First Round,Georgia Tech,Stephen F. Austin,5,12,7,2.59,26.04,-16.5,-6.410000000000004,-3.200000000000003,-0.07800000000000007,2.200000000000001,-7.299999999999997,-0.062,-0.23504273504273498,-0.33333333333333337,1,0,1,0,1,1
2021,1,First Round,Stephen F. Austin,Georgia Tech,12,5,-7,-2.59,-26.04,16.5,6.410000000000004,3.200000000000003,0.07800000000000007,-2.200000000000001,7.299999999999997,0.062,0.23504273504273498,0.33333333333333337,-1,1,0,1,0,0
2021,1,First Round,West Virginia,Lehigh,4,13,9,17.990000000000002,15.370000000000001,3.3999999999999915,25.240000000000002,-1.1000000000000085,0.015000000000000013,-2.9000000000000004,11.600000000000001,0.08499999999999999,0.13362068965517238,0.13888888888888884,1,0,0,0,1,1
2021,1,First Round,Lehigh,West Virginia,13,4,-9,-17.990000000000002,-15.370000000000001,-3.3999999999999915,-25.240000000000002,1.1000000000000085,-0.015000000000000013,2.9000000000000004,-11.600000000000001,-0.08499999999999999,-0.13362068965517238,-0.13888888888888884,-1,0,0,1,0,0
2021,1,First Round,Texas,Bradley,6,11,5,13.579999999999998,11.079999999999998,-5.5,15.470000000000006,1.5999999999999943,-0.04099999999999998,-0.1999999999999993,6.0,0.014999999999999958,0.09121245828698554,0.05555555555555558,1,0,0,0,1,1
2021,1,First Round,Bradley,Texas,11,6,-5,-13.579999999999998,-11.079999999999998,5.5,-15.470000000000006,-1.5999999999999943,0.04099999999999998,0.1999999999999993,-6.0,-0.014999999999999958,-0.09121245828698554,-0.05555555555555558,-1,0,0,1,0,0
2021,1,First Round,UCLA,Wyoming,3,14,11,26.279999999999998,16.52,9.400000000000006,12.439999999999998,4.199999999999989,-0.01899999999999996,1.5,17.099999999999998,0.099,0.15579710144927528,0.25,2,0,0,0,1,1
2021,1,First Round,Wyoming,UCLA,14,3,-11,-26.279999999999998,-16.52,-9.400000000000006,-12.439999999999998,-4.199999999999989,0.01899999999999996,-1.5,-17.099999999999998,-0.099,-0.15579710144927528,-0.25,-2,0,0,1,0,0
2021,1,First Round,Alabama,UNC,7,10,3,-0.8599999999999994,3.1000000000000014,3.700000000000003,-5.890000000000001,-2.6000000000000085,0.04299999999999998,-1.700000000000001,-3.3999999999999986,0.04099999999999998,0.08796296296296302,0.02941176470588236,1,0,0,0,0,1
2021,1,First Round,UNC,Alabama,10,7,-3,0.8599999999999994,-3.1000000000000014,-3.700000000000003,5.890000000000001,2.6000000000000085,-0.04299999999999998,1.700000000000001,3.3999999999999986,-0.04099999999999998,-0.08796296296296302,-0.02941176470588236,-1,0,0,0,0,0
2021,1,First Round,Maryland,Mount St. Mary's,2,15,13,41.32000000000001,29.52,21.200000000000003,24.45000000000001,3.8999999999999915,0.06900000000000006,4.0,9.2,0.05099999999999999,0.18821839080459768,0.16666666666666663,2,1,1,1,1,1
2021,1,First Round,Mount St. Mary's,Maryland,15,2,-13,-41.32000000000001,-29.52,-21.200000000000003,-24.45000000000001,-3.8999999999999915,-0.06900000000000006,-4.0,-9.2,-0.05099999999999999,-0.18821839080459768,-0.16666666666666663,-2,1,1,1,1,0
2021,2,Second Round,South Carolina,Oregon State,1,8,7,10.910000000000004,-4.800000000000001,-0.5999999999999943,12.57,5.0,-0.052000000000000046,1.6999999999999993,16.499999999999996,-0.0010000000000000009,0.2387096774193549,0.33653846153846156,6,0,0,1,0,1
2021,2,Second Round,Oregon State,South Carolina,8,1,-7,-10.910000000000004,4.800000000000001,0.5999999999999943,-12.57,-5.0,0.052000000000000046,-1.6999999999999993,-16.499999999999996,0.0010000000000000009,-0.2387096774193549,-0.33653846153846156,-6,0,0,0,1,0
2021,2,Second Round,Georgia Tech,West Virginia,5,4,-1,-1.620000000000001,0.6500000000000004,-2.5999999999999943,-1.4600000000000009,-5.200000000000003,-0.020000000000000018,2.0999999999999996,-0.1999999999999993,-0.064,-0.10477453580901852,-0.05555555555555558,0,0,0,0,0,1
2021,2,Second Round,West Virginia,Georgia Tech,4,5,1,1.620000000000001,-0.6500000000000004,2.5999999999999943,1.4600000000000009,5.200000000000003,0.020000000000000018,-2.0999999999999996,0.1999999999999993,0.064,0.10477453580901852,0.05555555555555558,0,0,0,0,0,0
2021,2,Second Round,Texas,UCLA,6,3,-3,-9.39,-2.5100000000000016,-6.400000000000006,-4.209999999999994,1.9000000000000057,-0.008000000000000007,-2.0999999999999996,-3.8999999999999986,-0.016000000000000014,-0.061711079943899017,-0.13888888888888884,-1,0,0,0,0,1
2021,2,Second Round,UCLA,Texas,3,6,3,9.39,2.5100000000000016,6.400000000000006,4.209999999999994,-1.9000000000000057,0.008000000000000007,2.0999999999999996,3.8999999999999986,0.016000000000000014,0.061711079943899017,0.13888888888888884,1,0,0,0,0,0
2021,2,Second Round,Maryland,Alabama,2,7,5,19.380000000000003,0.9899999999999984,17.0,6.07,3.5,0.050000000000000044,2.6000000000000014,10.600000000000001,-0.031000000000000028,0.2669220945083014,0.4444444444444444,0,1,0,1,0,1
2021,2,Second Round,Alabama,Maryland,7,2,-5,-19.380000000000003,-0.9899999999999984,-17.0,-6.07,-3.5,-0.050000000000000044,-2.6000000000000014,-10.600000000000001,0.031000000000000028,-0.2669220945083014,-0.4444444444444444,0,0,1,0,1,0
2021,3,Sweet Sixteen,South Carolina,Georgia Tech,1,5,4,14.660000000000004,1.4100000000000001,6.0,14.530000000000001,5.900000000000006,0.0010000000000000009,-0.09999999999999964,10.699999999999996,0.07800000000000001,0.18486352357320102,0.20833333333333337,6,0,0,1,0,1
2021,3,Sweet Sixteen,Georgia Tech,South Carolina,5,1,-4,-14.660000000000004,-1.4100000000000001,-6.0,-14.530000000000001,-5.900000000000006,-0.0010000000000000009,0.09999999999999964,-10.699999999999996,-0.07800000000000001,-0.18486352357320102,-0.20833333333333337,-6,0,0,0,1,0
2021,3,Sweet Sixteen,Texas,Maryland,6,2,-4,-13.760000000000005,1.7899999999999991,-24.200000000000003,8.32,-4.299999999999997,-0.11100000000000004,-2.0999999999999996,-4.600000000000001,-0.0030000000000000027,-0.21913236929922142,-0.33333333333333326,-1,0,1,0,1,1
2021,3,Sweet Sixteen,Maryland,Texas,2,6,4,13.760000000000005,-1.7899999999999991,24.200000000000003,-8.32,4.299999999999997,0.11100000000000004,2.0999999999999996,4.600000000000001,0.0030000000000000027,0.21913236929922142,0.33333333333333326,1,1,0,1,0,0
2021,4,Elite Eight,South Carolina,Texas,1,6,5,12.260000000000005,1.2200000000000024,5.900000000000006,8.849999999999994,2.5,0.02699999999999997,0.09999999999999964,5.899999999999999,0.029000000000000026,0.16129032258064524,0.26388888888888884,6,0,0,1,0,1
2021,4,Elite Eight,Texas,South Carolina,6,1,-5,-12.260000000000005,-1.2200000000000024,-5.900000000000006,-8.849999999999994,-2.5,-0.02699999999999997,-0.09999999999999964,-5.899999999999999,-0.029000000000000026,-0.16129032258064524,-0.26388888888888884,-6,0,0,0,1,0
2021,1,First Round,NC State,North Carolina A&T,1,16,15,30.28,29.830000000000002,9.600000000000009,9.420000000000002,-2.299999999999997,0.07900000000000001,2.3999999999999986,-10.200000000000003,0.027000000000000024,0.05647058823529416,-0.04285714285714293,2,0,1,1,1,1
2021,1,First Round,North Carolina A&T,NC State,16,1,-15,-30.28,-29.830000000000002,-9.600000000000009,-9.420000000000002,2.299999999999997,-0.07900000000000001,-2.3999999999999986,10.200000000000003,-0.027000000000000024,-0.05647058823529416,0.04285714285714293,-2,1,0,1,1,0
2021,1,First Round,South Florida,Washington State,8,9,1,-2.719999999999999,-12.930000000000001,4.300000000000011,-2.6600000000000037,0.20000000000000284,-0.013000000000000012,1.6999999999999993,8.0,0.092,0.32608695652173914,0.38345864661654133,2,1,0,1,0,1
2021,1,First Round,Washington State,South Florida,9,8,-1,2.719999999999999,12.930000000000001,-4.300000000000011,2.6600000000000037,-0.20000000000000284,0.013000000000000012,-1.6999999999999993,-8.0,-0.092,-0.32608695652173914,-0.38345864661654133,-2,0,1,0,1,0
2021,1,First Round,Belmont,Gonzaga,12,5,-7,-10.729999999999999,-5.73,-5.099999999999994,-11.07,2.0,-0.013000000000000012,1.9000000000000021,-9.399999999999999,-0.03,-0.07407407407407407,-0.11764705882352944,-2,0,1,1,1,1
2021,1,First Round,Gonzaga,Belmont,5,12,7,10.729999999999999,5.73,5.099999999999994,11.07,-2.0,0.013000000000000012,-1.9000000000000021,9.399999999999999,0.03,0.07407407407407407,0.11764705882352944,2,1,0,1,1,0
2021,1,First Round,Indiana,VCU,4,13,9,27.57,14.56,9.899999999999991,20.660000000000004,5.5,0.059,2.5999999999999996,-4.700000000000003,0.018000000000000016,0.18518518518518523,0.2222222222222222,3,0,0,0,1,1
2021,1,First Round,VCU,Indiana,13,4,-9,-27.57,-14.56,-9.899999999999991,-20.660000000000004,-5.5,-0.059,-2.5999999999999996,4.700000000000003,-0.018000000000000016,-0.18518518518518523,-0.2222222222222222,-3,0,0,1,0,0
2021,1,First Round,BYU,Rutgers,11,6,-5,-11.52,-3.3599999999999994,-8.299999999999997,1.7999999999999972,-1.0,-0.02400000000000002,-1.6000000000000014,-7.100000000000001,-0.05100000000000002,0.023157894736842155,0.043269230769230727,-1,0,0,0,0,1
2021,1,First Round,Rutgers,BYU,6,11,5,11.52,3.3599999999999994,8.299999999999997,-1.7999999999999972,1.0,0.02400000000000002,1.6000000000000014,7.100000000000001,0.05100000000000002,-0.023157894736842155,-0.043269230769230727,1,0,0,0,0,0
2021,1,First Round,Arizona,Stony Brook,3,14,11,33.04,29.439999999999998,5.599999999999994,32.51,2.6000000000000085,0.018000000000000016,5.100000000000001,-9.0,-0.034999999999999976,0.06349206349206349,-0.021008403361344574,5,0,0,0,1,1
2021,1,First Round,Stony Brook,Arizona,14,3,-11,-33.04,-29.439999999999998,-5.599999999999994,-32.51,-2.6000000000000085,-0.018000000000000016,-5.100000000000001,9.0,0.034999999999999976,-0.06349206349206349,0.021008403361344574,-5,0,0,1,0,0
2021,1,First Round,Iowa State,Michigan State,7,10,3,1.8000000000000007,2.6499999999999986,2.700000000000003,-0.4100000000000037,-0.8000000000000114,0.010000000000000009,0.3000000000000007,-6.100000000000001,-0.024999999999999967,-0.017857142857142905,0.1333333333333333,1,0,0,0,0,1
2021,1,First Round,Michigan State,Iowa State,10,7,-3,-1.8000000000000007,-2.6499999999999986,-2.700000000000003,0.4100000000000037,0.8000000000000114,-0.010000000000000009,-0.3000000000000007,6.100000000000001,0.024999999999999967,0.017857142857142905,-0.1333333333333333,-1,0,0,0,0,0
2021,1,First Round,Texas A&M,Troy,2,15,13,21.63,19.84,-2.5999999999999943,8.11,-8.899999999999991,0.05499999999999999,-1.5,-11.400000000000002,0.03400000000000003,0.1071428571428572,0.04621848739495804,3,1,1,0,1,1
2021,1,First Round,Troy,Texas A&M,15,2,-13,-21.63,-19.84,2.5999999999999943,-8.11,8.899999999999991,-0.05499999999999999,1.5,11.400000000000002,-0.03400000000000003,-0.1071428571428572,-0.04621848739495804,-3,1,1,1,0,0
2021,2,Second Round,NC State,South Florida,1,8,7,10.119999999999997,5.040000000000001,11.0,1.1600000000000037,4.299999999999997,0.09600000000000003,0.3000000000000007,-9.899999999999999,-0.04899999999999999,0.05391304347826087,0.0,0,0,1,1,1,1
2021,2,Second Round,South Florida,NC State,8,1,-7,-10.119999999999997,-5.040000000000001,-11.0,-1.1600000000000037,-4.299999999999997,-0.09600000000000003,-0.3000000000000007,9.899999999999999,0.04899999999999999,-0.05391304347826087,0.0,0,1,0,1,1,0
2021,2,Second Round,Indiana,Belmont,4,12,8,20.65,16.91,-0.7000000000000028,15.370000000000005,5.5,-0.020000000000000018,3.3999999999999986,-6.5,0.099,0.0,0.065359477124183,3,0,0,0,1,1
2021,2,Second Round,Belmont,Indiana,12,4,-8,-20.65,-16.91,0.7000000000000028,-15.370000000000005,-5.5,0.020000000000000018,-3.3999999999999986,6.5,-0.099,0.0,-0.065359477124183,-3,0,0,1,0,0
2021,2,Second Round,Arizona,BYU,3,11,8,15.77,13.899999999999999,-6.299999999999997,14.700000000000003,1.8000000000000114,-0.03999999999999998,2.900000000000002,-5.5,0.059000000000000025,0.01777777777777778,-0.047794117647058876,5,0,0,0,0,1
2021,2,Second Round,BYU,Arizona,11,3,-8,-15.77,-13.899999999999999,6.299999999999997,-14.700000000000003,-1.8000000000000114,0.03999999999999998,-2.900000000000002,5.5,-0.059000000000000025,-0.01777777777777778,0.047794117647058876,-5,0,0,0,0,0
2021,2,Second Round,Texas A&M,Iowa State,2,7,5,1.1600000000000001,-5.869999999999999,-2.200000000000003,8.939999999999998,-0.19999999999998863,-0.0020000000000000018,-1.1999999999999993,4.199999999999999,0.065,0.2857142857142858,0.261904761904762,1,1,0,0,0,1
2021,2,Second Round,Iowa State,Texas A&M,7,2,-5,-1.1600000000000001,5.869999999999999,2.200000000000003,-8.939999999999998,0.19999999999998863,0.0020000000000000018,1.1999999999999993,-4.199999999999999,-0.065,-0.2857142857142858,-0.261904761904762,-1,0,1,0,0,0
2021,3,Sweet Sixteen,Indiana,NC State,4,1,-3,2.370000000000001,2.9299999999999997,-4.6000000000000085,5.109999999999999,1.0,-0.040000000000000036,2.5,-1.6000000000000014,0.04299999999999998,-0.10222222222222221,0.031746031746031744,1,0,0,0,1,1
2021,3,Sweet Sixteen,NC State,Indiana,1,4,3,-2.370000000000001,-2.9299999999999997,4.6000000000000085,-5.109999999999999,-1.0,0.040000000000000036,-2.5,1.6000000000000014,-0.04299999999999998,0.10222222222222221,-0.031746031746031744,-1,0,0,1,0,0
2021,3,Sweet Sixteen,Arizona,Texas A&M,3,2,-1,7.25,8.78,-7.5,11.150000000000006,-3.5,-0.046999999999999986,2.5,-4.599999999999998,-0.07200000000000001,-0.11507936507936511,-0.16386554621848748,2,0,1,0,0,1
2021,3,Sweet Sixteen,Texas A&M,Arizona,2,3,1,-7.25,-8.78,7.5,-11.150000000000006,3.5,0.046999999999999986,-2.5,4.599999999999998,0.07200000000000001,0.11507936507936511,0.16386554621848748,-2,1,0,0,0,0
2021,4,Elite Eight,Arizona,Indiana,3,4,1,0.7899999999999991,4.239999999999998,-7.299999999999997,8.0,-3.5999999999999943,-0.02699999999999997,-1.6999999999999993,-0.7999999999999972,-0.044999999999999984,0.0,-0.12418300653594772,2,0,0,0,0,1
2021,4,Elite Eight,Indiana,Arizona,4,3,-1,-0.7899999999999991,-4.239999999999998,7.299999999999997,-8.0,3.5999999999999943,0.02699999999999997,1.6999999999999993,0.7999999999999972,0.044999999999999984,0.0,0.12418300653594772,-2,0,0,0,0,0
2021,1,First Round,UConn,High Point,1,16,15,47.42,26.37,10.599999999999994,27.64,1.5,0.04499999999999993,0.40000000000000213,17.299999999999997,-0.056999999999999995,0.17471264367816097,0.15000000000000002,7,1,1,1,1,1
2021,1,First Round,High Point,UConn,16,1,-15,-47.42,-26.37,-10.599999999999994,-27.64,-1.5,-0.04499999999999993,-0.40000000000000213,-17.299999999999997,0.056999999999999995,-0.17471264367816097,-0.15000000000000002,-7,1,1,1,1,0
2021,1,First Round,Syracuse,South Dakota State,8,9,1,4.249999999999998,11.54,-1.5,0.8299999999999983,3.1999999999999886,-0.013999999999999957,-1.3000000000000007,7.0,-0.07400000000000001,-0.21499999999999997,-0.4375,1,0,1,0,0,1
2021,1,First Round,South Dakota State,Syracuse,9,8,-1,-4.249999999999998,-11.54,1.5,-0.8299999999999983,-3.1999999999999886,0.013999999999999957,1.3000000000000007,-7.0,0.07400000000000001,0.21499999999999997,0.4375,-1,1,0,0,0,0
2021,1,First Round,Iowa,Central Michigan,5,12,7,17.06,14.630000000000003,7.5,6.25,3.299999999999997,0.05399999999999994,-0.6000000000000014,-0.3000000000000007,0.036000000000000004,0.0,-0.10526315789473684,2,0,0,0,1,1
2021,1,First Round,Central Michigan,Iowa,12,5,-7,-17.06,-14.630000000000003,-7.5,-6.25,-3.299999999999997,-0.05399999999999994,0.6000000000000014,0.3000000000000007,-0.036000000000000004,0.0,0.10526315789473684,-2,0,0,1,0,0
2021,1,First Round,Kentucky,Idaho State,4,13,9,13.989999999999998,18.8,0.4000000000000057,-3.6700000000000017,0.8999999999999915,-0.02400000000000002,3.0999999999999996,1.2999999999999972,0.003999999999999976,-0.17948717948717952,-0.2823529411764706,1,0,1,0,1,1
2021,1,First Round,Idaho State,Kentucky,13,4,-9,-13.989999999999998,-18.8,-0.4000000000000057,3.6700000000000017,-0.8999999999999915,0.02400000000000002,-3.0999999999999996,-1.2999999999999972,-0.003999999999999976,0.17948717948717952,0.2823529411764706,-1,1,0,1,0,0
2021,1,First Round,Michigan,Florida Gulf Coast,6,11,5,13.350000000000001,23.52,-8.899999999999991,-1.1200000000000045,-0.19999999999998863,-0.049000000000000044,-5.100000000000001,17.099999999999998,0.10799999999999998,-0.16927899686520376,-0.3076923076923077,1,0,1,0,1,1
2021,1,First Round,Florida Gulf Coast,Michigan,11,6,-5,-13.350000000000001,-23.52,8.899999999999991,1.1200000000000045,0.19999999999998863,0.049000000000000044,5.100000000000001,-17.099999999999998,-0.10799999999999998,0.16927899686520376,0.3076923076923077,-1,1,0,1,0,0
2021,1,First Round,Tennessee,Middle Tennessee,3,14,11,19.68,14.04,-2.5,16.830000000000005,-0.29999999999999716,0.0050000000000000044,-5.800000000000001,12.300000000000004,-0.059,0.0,-0.05769230769230771,3,0,1,0,1,1
2021,1,First Round,Middle Tennessee,Tennessee,14,3,-11,-19.68,-14.04,2.5,-16.830000000000005,0.29999999999999716,-0.0050000000000000044,5.800000000000001,-12.300000000000004,0.059,0.0,0.05769230769230771,-3,1,0,1,0,0
2021,1,First Round,Virginia Tech,Marquette,7,10,3,2.6400000000000006,5.370000000000001,0.6999999999999886,2.3200000000000003,0.7999999999999972,0.01100000000000001,1.1999999999999993,-9.899999999999999,0.014999999999999986,-0.13076923076923075,-0.2777777777777778,4,0,0,0,0,1
2021,1,First Round,Marquette,Virginia Tech,10,7,-3,-2.6400000000000006,-5.370000000000001,-0.6999999999999886,-2.3200000000000003,-0.7999999999999972,-0.01100000000000001,-1.1999999999999993,9.899999999999999,-0.014999999999999986,0.13076923076923075,0.2777777777777778,-4,0,0,0,0,0
2021,1,First Round,Baylor,Jackson State,2,15,13,40.21,21.09,16.5,24.490000000000002,1.4000000000000057,0.05299999999999999,3.0,6.399999999999999,-0.09300000000000003,0.15322580645161288,0.011111111111111072,3,1,1,1,1,1
2021,1,First Round,Jackson State,Baylor,15,2,-13,-40.21,-21.09,-16.5,-24.490000000000002,-1.4000000000000057,-0.05299999999999999,-3.0,-6.399999999999999,0.09300000000000003,-0.15322580645161288,-0.011111111111111072,-3,1,1,1,1,0
2021,2,Second Round,UConn,Syracuse,1,8,7,21.15,-6.359999999999999,14.599999999999994,12.270000000000003,-0.6999999999999886,0.09599999999999992,2.0,-0.10000000000000142,-0.05499999999999999,0.30833333333333335,0.4375,6,1,0,1,0,1
2021,2,Second Round,Syracuse,UConn,8,1,-7,-21.15,6.359999999999999,-14.599999999999994,-12.270000000000003,0.6999999999999886,-0.09599999999999992,-2.0,0.10000000000000142,0.05499999999999999,-0.30833333333333335,-0.4375,-6,0,1,0,1,0
2021,2,Second Round,Iowa,Kentucky,5,4,-1,3.1799999999999997,3.900000000000002,11.399999999999991,-13.449999999999996,4.400000000000006,0.10599999999999998,-2.200000000000001,-6.099999999999998,0.030000000000000027,0.0,-0.021052631578947323,2,0,0,0,0,1
2021,2,Second Round,Kentucky,Iowa,4,5,1,-3.1799999999999997,-3.900000000000002,-11.399999999999991,13.449999999999996,-4.400000000000006,-0.10599999999999998,2.200000000000001,6.099999999999998,-0.030000000000000027,0.0,0.021052631578947323,-2,0,0,0,0,0
2021,2,Second Round,Michigan,Tennessee,6,3,-3,3.41,2.3100000000000005,5.799999999999997,-4.830000000000005,-0.8999999999999915,0.020000000000000018,0.8000000000000007,-2.8000000000000043,0.08599999999999997,0.047272727272727244,0.0,-2,0,0,0,0,1
2021,2,Second Round,Tennessee,Michigan,3,6,3,-3.41,-2.3100000000000005,-5.799999999999997,4.830000000000005,0.8999999999999915,-0.020000000000000018,-0.8000000000000007,2.8000000000000043,-0.08599999999999997,-0.047272727272727244,0.0,2,0,0,0,0,0
2021,2,Second Round,Baylor,Virginia Tech,2,7,5,18.88,-1.6600000000000001,10.900000000000006,18.620000000000005,1.7999999999999972,0.007000000000000006,-0.3999999999999986,19.9,0.05399999999999999,0.3032258064516129,0.4444444444444444,1,1,0,1,0,1
2021,2,Second Round,Virginia Tech,Baylor,7,2,-5,-18.88,1.6600000000000001,-10.900000000000006,-18.620000000000005,-1.7999999999999972,-0.007000000000000006,0.3999999999999986,-19.9,-0.05399999999999999,-0.3032258064516129,-0.4444444444444444,-1,0,1,0,1,0
2021,3,Sweet Sixteen,UConn,Iowa,1,5,4,14.559999999999999,-8.940000000000001,-0.7999999999999972,25.439999999999998,-3.299999999999997,-0.027000000000000024,0.6000000000000014,8.599999999999998,-0.02300000000000002,0.2666666666666667,0.42105263157894735,4,1,0,1,0,1
2021,3,Sweet Sixteen,Iowa,UConn,5,1,-4,-14.559999999999999,8.940000000000001,0.7999999999999972,-25.439999999999998,3.299999999999997,0.027000000000000024,-0.6000000000000014,-8.599999999999998,0.02300000000000002,-0.2666666666666667,-0.42105263157894735,-4,0,1,0,1,0
2021,3,Sweet Sixteen,Baylor,Michigan,2,6,4,11.11,-5.01,6.799999999999997,15.290000000000006,1.5999999999999943,0.016000000000000014,0.6000000000000014,8.100000000000001,-0.046999999999999986,0.17595307917888559,0.25213675213675213,3,1,0,1,0,1
2021,3,Sweet Sixteen,Michigan,Baylor,6,2,-4,-11.11,5.01,-6.799999999999997,-15.290000000000006,-1.5999999999999943,-0.016000000000000014,-0.6000000000000014,-8.100000000000001,0.046999999999999986,-0.17595307917888559,-0.25213675213675213,-3,0,1,0,1,0
2021,4,Elite Eight,UConn,Baylor,1,2,1,0.5499999999999972,-2.17,2.299999999999997,-4.859999999999999,-1.5999999999999943,0.052999999999999936,1.0,-10.700000000000003,-0.05399999999999999,0.03010752688172047,0.05555555555555558,2,1,1,1,1,1
2021,4,Elite Eight,Baylor,UConn,2,1,-1,-0.5499999999999972,2.17,-2.299999999999997,4.859999999999999,1.5999999999999943,-0.052999999999999936,-1.0,10.700000000000003,0.05399999999999999,-0.03010752688172047,-0.05555555555555558,-2,1,1,1,1,0
2021,6,Championship,Stanford,Arizona,1,3,2,11.309999999999999,-1.6199999999999974,16.299999999999997,0.21999999999999886,0.29999999999999716,0.07300000000000001,0.09999999999999964,12.199999999999996,-0.067,0.16161616161616166,0.14005602240896364,0,1,0,1,0,1
2021,6,Championship,Arizona,Stanford,3,1,-2,-11.309999999999999,1.6199999999999974,-16.299999999999997,-0.21999999999999886,-0.29999999999999716,-0.07300000000000001,-0.09999999999999964,-12.199999999999996,0.067,-0.16161616161616166,-0.14005602240896364,0,0,1,0,1,0
2022,1,First Round,NC State,Longwood,1,16,15,39.97,24.48,14.199999999999989,23.17,-5.700000000000003,0.05700000000000005,4.300000000000001,1.1999999999999957,-0.048000000000000015,0.24183006535947704,0.11111111111111105,4,1,1,1,1,1
2022,1,First Round,Longwood,NC State,16,1,-15,-39.97,-24.48,-14.199999999999989,-23.17,5.700000000000003,-0.05700000000000005,-4.300000000000001,-1.1999999999999957,0.048000000000000015,-0.24183006535947704,-0.11111111111111105,-4,1,1,1,1,0
2022,1,First Round,Kansas State,Washington State,9,8,-1,4.850000000000001,-0.5400000000000009,3.5,2.75,3.799999999999997,0.01200000000000001,0.8999999999999986,-3.0,0.07899999999999999,-0.027272727272727226,-0.1470588235294118,1,0,0,0,0,1
2022,1,First Round,Washington State,Kansas State,8,9,1,-4.850000000000001,0.5400000000000009,-3.5,-2.75,-3.799999999999997,-0.01200000000000001,-0.8999999999999986,3.0,-0.07899999999999999,0.027272727272727226,0.1470588235294118,-1,0,0,0,0,0
2022,1,First Round,Notre Dame,UMass,5,12,7,12.07,11.16,-2.3999999999999915,12.170000000000002,4.0,0.01200000000000001,-1.1999999999999993,-5.4999999999999964,-0.018000000000000016,-0.06060606060606055,-0.027450980392156765,4,0,0,0,1,1
2022,1,First Round,UMass,Notre Dame,12,5,-7,-12.07,-11.16,2.3999999999999915,-12.170000000000002,-4.0,-0.01200000000000001,1.1999999999999993,5.4999999999999964,0.018000000000000016,0.06060606060606055,0.027450980392156765,-4,0,0,1,0,0
2022,1,First Round,Princeton,Kentucky,11,6,-5,-1.4199999999999982,-11.74,-0.10000000000000853,4.549999999999997,-3.8999999999999915,-0.012999999999999956,0.3000000000000007,3.5000000000000036,-0.017000000000000015,0.22043010752688175,0.5,-2,1,0,1,1,1
2022,1,First Round,Kentucky,Princeton,6,11,5,1.4199999999999982,11.74,0.10000000000000853,-4.549999999999997,3.8999999999999915,0.012999999999999956,-0.3000000000000007,-3.5000000000000036,0.017000000000000015,-0.22043010752688175,-0.5,2,0,1,1,1,0
2022,1,First Round,Indiana,Charlotte,3,14,11,17.52,12.23,9.299999999999997,7.219999999999999,2.700000000000003,0.061,1.3999999999999986,-4.800000000000001,-0.018000000000000016,0.03977272727272729,-0.14583333333333337,3,0,1,0,1,1
2022,1,First Round,Charlotte,Indiana,14,3,-11,-17.52,-12.23,-9.299999999999997,-7.219999999999999,-2.700000000000003,-0.061,-1.3999999999999986,4.800000000000001,0.018000000000000016,-0.03977272727272729,0.14583333333333337,-3,1,0,1,0,0
2022,1,First Round,UCF,Florida,7,10,3,6.889999999999999,-2.59,2.0,10.930000000000003,-9.199999999999989,-0.006000000000000005,0.09999999999999787,8.599999999999998,0.01699999999999996,0.2104166666666667,0.30833333333333335,-2,1,0,1,0,1
2022,1,First Round,Florida,UCF,10,7,-3,-6.889999999999999,2.59,-2.0,-10.930000000000003,9.199999999999989,0.006000000000000005,-0.09999999999999787,-8.599999999999998,-0.01699999999999996,-0.2104166666666667,-0.30833333333333335,2,0,1,0,1,0
2022,1,First Round,UConn,Mercer,2,15,13,31.040000000000003,19.71,13.800000000000011,15.780000000000001,-0.5999999999999943,0.08300000000000002,-0.3999999999999986,3.3000000000000007,-0.035,0.06666666666666665,0.012605042016806678,10,1,1,1,1,1
2022,1,First Round,Mercer,UConn,15,2,-13,-31.040000000000003,-19.71,-13.800000000000011,-15.780000000000001,0.5999999999999943,-0.08300000000000002,0.3999999999999986,-3.3000000000000007,0.035,-0.06666666666666665,-0.012605042016806678,-10,1,1,1,1,0
2022,2,Second Round,NC State,Kansas State,1,9,8,15.569999999999997,2.1800000000000015,16.69999999999999,2.469999999999999,-1.2999999999999972,0.07200000000000001,2.1000000000000014,8.199999999999996,-0.052999999999999964,0.28282828282828276,0.4444444444444444,3,1,0,1,0,1
2022,2,Second Round,Kansas State,NC State,9,1,-8,-15.569999999999997,-2.1800000000000015,-16.69999999999999,-2.469999999999999,1.2999999999999972,-0.07200000000000001,-2.1000000000000014,-8.199999999999996,0.052999999999999964,-0.28282828282828276,-0.4444444444444444,-3,0,1,0,1,0
2022,2,Second Round,Notre Dame,Oklahoma,5,4,-1,4.080000000000002,-1.1799999999999997,1.0,5.039999999999999,-8.900000000000006,-0.007000000000000006,2.8000000000000007,3.8000000000000007,-0.07500000000000001,-0.008021390374331583,0.03921568627450989,3,0,0,0,0,1
2022,2,Second Round,Oklahoma,Notre Dame,4,5,1,-4.080000000000002,1.1799999999999997,-1.0,-5.039999999999999,8.900000000000006,0.007000000000000006,-2.8000000000000007,-3.8000000000000007,0.07500000000000001,0.008021390374331583,-0.03921568627450989,-3,0,0,0,0,0
2022,2,Second Round,Indiana,Princeton,3,11,8,5.549999999999997,12.84,1.2000000000000028,0.8200000000000003,2.0,0.03199999999999997,-0.3000000000000007,-11.200000000000003,0.063,-0.10606060606060608,-0.3125,3,0,1,0,1,1
2022,2,Second Round,Princeton,Indiana,11,3,-8,-5.549999999999997,-12.84,-1.2000000000000028,-0.8200000000000003,-2.0,-0.03199999999999997,0.3000000000000007,11.200000000000003,-0.063,0.10606060606060608,0.3125,-3,1,0,1,0,0
2022,2,Second Round,UConn,UCF,2,7,5,10.790000000000003,4.66,13.200000000000003,-2.2300000000000004,3.799999999999997,0.09100000000000003,2.1000000000000014,-5.799999999999997,-0.06399999999999997,-0.033333333333333326,0.007843137254901933,10,1,1,1,1,1
2022,2,Second Round,UCF,UConn,7,2,-5,-10.790000000000003,-4.66,-13.200000000000003,2.2300000000000004,-3.799999999999997,-0.09100000000000003,-2.1000000000000014,5.799999999999997,0.06399999999999997,0.033333333333333326,-0.007843137254901933,-10,1,1,1,1,0
2022,3,Sweet Sixteen,NC State,Notre Dame,1,5,4,10.069999999999997,2.2300000000000004,9.199999999999989,3.8599999999999994,-4.0,0.026000000000000023,2.3999999999999986,0.9999999999999964,-0.00799999999999998,0.16161616161616155,0.2385620915032679,0,1,0,1,0,1
2022,3,Sweet Sixteen,Notre Dame,NC State,5,1,-4,-10.069999999999997,-2.2300000000000004,-9.199999999999989,-3.8599999999999994,4.0,-0.026000000000000023,-2.3999999999999986,-0.9999999999999964,0.00799999999999998,-0.16161616161616155,-0.2385620915032679,0,0,1,0,1,0
2022,3,Sweet Sixteen,UConn,Indiana,2,3,1,8.520000000000003,-0.7999999999999989,5.6000000000000085,5.82,-1.5,0.038000000000000034,-0.6999999999999993,8.5,-0.08199999999999999,0.10606060606060608,0.2536764705882353,7,1,0,1,0,1
2022,3,Sweet Sixteen,Indiana,UConn,3,2,-1,-8.520000000000003,0.7999999999999989,-5.6000000000000085,-5.82,1.5,-0.038000000000000034,0.6999999999999993,-8.5,0.08199999999999999,-0.10606060606060608,-0.2536764705882353,-7,0,1,0,1,0
2022,4,Elite Eight,UConn,NC State,2,1,-1,-2.3799999999999955,-2.4000000000000004,-3.6999999999999886,3.1099999999999994,-0.29999999999999716,0.008000000000000007,-2.1999999999999993,-0.7999999999999972,-0.007000000000000006,-0.05555555555555547,-0.0032679738562091387,6,1,1,1,1,1
2022,4,Elite Eight,NC State,UConn,1,2,1,2.3799999999999955,2.4000000000000004,3.6999999999999886,-3.1099999999999994,0.29999999999999716,-0.008000000000000007,2.1999999999999993,0.7999999999999972,0.007000000000000006,0.05555555555555547,0.0032679738562091387,-6,1,1,1,1,0
2022,1,First Round,South Carolina,Howard,1,16,15,50.1,31.25,14.400000000000006,33.56,-3.4000000000000057,0.061,2.5,10.399999999999999,-0.034999999999999976,0.2685265911072363,0.1517857142857143,10,1,1,0,1,1
2022,1,First Round,Howard,South Carolina,16,1,-15,-50.1,-31.25,-14.400000000000006,-33.56,3.4000000000000057,-0.061,-2.5,-10.399999999999999,0.034999999999999976,-0.2685265911072363,-0.1517857142857143,-10,1,1,1,0,0
2022,1,First Round,Miami,South Florida,8,9,1,1.5299999999999994,5.4,-4.700000000000003,4.109999999999999,3.9000000000000057,0.02200000000000002,-3.3000000000000007,-6.399999999999999,-0.030000000000000027,-0.10962566844919786,-0.24444444444444446,-1,0,0,0,0,1
2022,1,First Round,South Florida,Miami,9,8,-1,-1.5299999999999994,-5.4,4.700000000000003,-4.109999999999999,-3.9000000000000057,-0.02200000000000002,3.3000000000000007,6.399999999999999,0.030000000000000027,0.10962566844919786,0.24444444444444446,1,0,0,0,0,0
2022,1,First Round,UNC,Stephen F. Austin,5,12,7,17.75,15.98,-5.900000000000006,8.440000000000001,2.299999999999997,-0.043999999999999984,2.5,0.29999999999999716,-0.02200000000000002,-0.06723484848484851,-0.2222222222222222,0,0,1,0,1,1
2022,1,First Round,Stephen F. Austin,UNC,12,5,-7,-17.75,-15.98,5.900000000000006,-8.440000000000001,-2.299999999999997,0.043999999999999984,-2.5,-0.29999999999999716,0.02200000000000002,0.06723484848484851,0.2222222222222222,0,1,0,1,0,0
2022,1,First Round,Arizona,UNLV,4,13,9,13.149999999999999,13.930000000000001,-5.200000000000003,12.36,-5.200000000000003,-0.02400000000000002,1.1999999999999993,-3.6999999999999993,-0.032999999999999974,-0.06374085684430508,-0.20833333333333337,3,0,1,0,1,1
2022,1,First Round,UNLV,Arizona,13,4,-9,-13.149999999999999,-13.930000000000001,5.200000000000003,-12.36,5.200000000000003,0.02400000000000002,-1.1999999999999993,3.6999999999999993,0.032999999999999974,0.06374085684430508,0.20833333333333337,-3,1,0,1,0,0
2022,1,First Round,Georgia,Dayton,6,11,5,7.15,8.46,-1.0,5.520000000000003,3.0999999999999943,0.0030000000000000027,-2.799999999999999,4.400000000000002,-0.03799999999999998,-0.13508064516129037,-0.37083333333333335,0,0,1,0,0,1
2022,1,First Round,Dayton,Georgia,11,6,-5,-7.15,-8.46,1.0,-5.520000000000003,-3.0999999999999943,-0.0030000000000000027,2.799999999999999,-4.400000000000002,0.03799999999999998,0.13508064516129037,0.37083333333333335,0,1,0,0,0,0
2022,1,First Round,Iowa State,UT Arlington,3,14,11,22.67,13.58,12.0,8.509999999999998,-2.0,0.055999999999999994,1.4000000000000004,-0.5,-0.07299999999999995,0.08571428571428574,0.04444444444444451,2,0,0,0,1,1
2022,1,First Round,UT Arlington,Iowa State,14,3,-11,-22.67,-13.58,-12.0,-8.509999999999998,2.0,-0.055999999999999994,-1.4000000000000004,0.5,0.07299999999999995,-0.08571428571428574,-0.04444444444444451,-2,0,0,1,0,0
2022,1,First Round,Creighton,Colorado,10,7,-3,-0.3200000000000003,-2.09,12.299999999999997,-11.340000000000003,0.7000000000000028,0.07400000000000001,1.1999999999999993,-1.8000000000000007,-0.10599999999999998,-0.012707722385141729,0.1875,-1,0,0,0,0,1
2022,1,First Round,Colorado,Creighton,7,10,3,0.3200000000000003,2.09,-12.299999999999997,11.340000000000003,-0.7000000000000028,-0.07400000000000001,-1.1999999999999993,1.8000000000000007,0.10599999999999998,0.012707722385141729,-0.1875,1,0,0,0,0,0
2022,1,First Round,Iowa,Illinois State,2,15,13,23.77,9.45,11.599999999999994,9.399999999999999,10.300000000000011,0.07600000000000007,0.3999999999999986,-1.8000000000000007,-0.030000000000000027,0.1742424242424242,0.11111111111111116,3,1,0,1,1,1
2022,1,First Round,Illinois State,Iowa,15,2,-13,-23.77,-9.45,-11.599999999999994,-9.399999999999999,-10.300000000000011,-0.07600000000000007,-0.3999999999999986,1.8000000000000007,0.030000000000000027,-0.1742424242424242,-0.11111111111111116,-3,0,1,1,1,0
2022,2,Second Round,South Carolina,Miami,1,8,7,21.740000000000002,4.019999999999998,14.400000000000006,14.900000000000002,-0.4000000000000057,0.014000000000000012,4.100000000000001,15.899999999999999,0.07,0.3282988871224165,0.3819444444444444,9,1,0,0,0,1
2022,2,Second Round,Miami,South Carolina,8,1,-7,-21.740000000000002,-4.019999999999998,-14.400000000000006,-14.900000000000002,0.4000000000000057,-0.014000000000000012,-4.100000000000001,-15.899999999999999,-0.07,-0.3282988871224165,-0.3819444444444444,-9,0,1,0,0,0
2022,2,Second Round,UNC,Arizona,5,4,-1,6.530000000000001,-0.9900000000000002,0.4000000000000057,7.080000000000002,6.299999999999997,-0.02699999999999997,0.5,6.0,0.02699999999999997,0.05711206896551724,0.09722222222222221,-3,0,0,0,0,1
2022,2,Second Round,Arizona,UNC,4,5,1,-6.530000000000001,0.9900000000000002,-0.4000000000000057,-7.080000000000002,-6.299999999999997,0.02699999999999997,-0.5,-6.0,-0.02699999999999997,-0.05711206896551724,-0.09722222222222221,3,0,0,0,0,0
2022,2,Second Round,Iowa State,Georgia,3,6,3,4.870000000000001,1.4900000000000002,12.899999999999991,-8.450000000000003,-1.0999999999999943,0.062,2.9999999999999982,-7.800000000000001,0.02400000000000002,0.12258064516129041,0.2152777777777778,2,0,0,0,0,1
2022,2,Second Round,Georgia,Iowa State,6,3,-3,-4.870000000000001,-1.4900000000000002,-12.899999999999991,8.450000000000003,1.0999999999999943,-0.062,-2.9999999999999982,7.800000000000001,-0.02400000000000002,-0.12258064516129041,-0.2152777777777778,-2,0,0,0,0,0
2022,2,Second Round,Creighton,Iowa,10,2,-8,-5.890000000000001,-1.5899999999999999,-2.8999999999999915,-2.289999999999999,-7.700000000000003,-0.025000000000000022,1.1000000000000014,4.899999999999999,-0.09299999999999997,-0.05303030303030298,-0.02777777777777779,-4,0,1,0,1,1
2022,2,Second Round,Iowa,Creighton,2,10,8,5.890000000000001,1.5899999999999999,2.8999999999999915,2.289999999999999,7.700000000000003,0.025000000000000022,-1.1000000000000014,-4.899999999999999,0.09299999999999997,0.05303030303030298,0.02777777777777779,4,1,0,1,0,0
2022,3,Sweet Sixteen,South Carolina,UNC,1,5,4,8.89,6.019999999999998,2.9000000000000057,8.189999999999998,-4.299999999999997,0.008000000000000007,-1.1999999999999993,11.299999999999997,0.014000000000000012,0.16469594594594594,0.2152777777777778,10,1,0,0,0,1
2022,3,Sweet Sixteen,UNC,South Carolina,5,1,-4,-8.89,-6.019999999999998,-2.9000000000000057,-8.189999999999998,4.299999999999997,-0.008000000000000007,1.1999999999999993,-11.299999999999997,-0.014000000000000012,-0.16469594594594594,-0.2152777777777778,-10,0,1,0,0,0
2022,3,Sweet Sixteen,Creighton,Iowa State,10,3,-7,-6.080000000000002,-3.1500000000000004,0.4000000000000057,-5.170000000000002,-2.700000000000003,0.020000000000000018,-0.7999999999999989,2.3999999999999986,-0.07400000000000001,-0.10303030303030303,-0.02777777777777779,-2,0,0,0,0,1
2022,3,Sweet Sixteen,Iowa State,Creighton,3,10,7,6.080000000000002,3.1500000000000004,-0.4000000000000057,5.170000000000002,2.700000000000003,-0.020000000000000018,0.7999999999999989,-2.3999999999999986,0.07400000000000001,0.10303030303030303,0.02777777777777779,2,0,0,0,0,0
2022,4,Elite Eight,South Carolina,Creighton,1,10,9,18.28,7.759999999999998,-5.299999999999997,26.01,0.7999999999999972,-0.07200000000000001,-0.5,16.099999999999998,0.122,0.24897624897624893,0.1875,10,1,0,0,0,1
2022,4,Elite Eight,Creighton,South Carolina,10,1,-9,-18.28,-7.759999999999998,5.299999999999997,-26.01,-0.7999999999999972,0.07200000000000001,0.5,-16.099999999999998,-0.122,-0.24897624897624893,-0.1875,-10,0,1,0,0,0
2022,1,First Round,Stanford,Montana State,1,16,15,34.73,18.74,5.400000000000006,21.490000000000002,1.4000000000000057,0.07300000000000001,-1.9000000000000004,6.299999999999997,-0.022999999999999965,0.2603174603174603,0.30000000000000004,4,1,0,1,1,1
2022,1,First Round,Montana State,Stanford,16,1,-15,-34.73,-18.74,-5.400000000000006,-21.490000000000002,-1.4000000000000057,-0.07300000000000001,1.9000000000000004,-6.299999999999997,0.022999999999999965,-0.2603174603174603,-0.30000000000000004,-4,0,1,1,1,0
2022,1,First Round,Kansas,Georgia Tech,8,9,1,0.14999999999999858,1.8499999999999996,2.299999999999997,-5.010000000000005,10.5,0.02899999999999997,-2.5,-6.099999999999998,0.10399999999999998,0.02116935483870963,0.0,0,0,0,0,0,1
2022,1,First Round,Georgia Tech,Kansas,9,8,-1,-0.14999999999999858,-1.8499999999999996,-2.299999999999997,5.010000000000005,-10.5,-0.02899999999999997,2.5,6.099999999999998,-0.10399999999999998,-0.02116935483870963,0.0,0,0,0,0,0,0
2022,1,First Round,Florida Gulf Coast,Virginia Tech,12,5,-7,-9.479999999999999,-12.75,9.299999999999997,-2.780000000000001,0.5,0.01200000000000001,3.5,-0.40000000000000213,-0.045999999999999985,0.21212121212121204,0.2152777777777778,-3,1,0,1,0,1
2022,1,First Round,Virginia Tech,Florida Gulf Coast,5,12,7,9.479999999999999,12.75,-9.299999999999997,2.780000000000001,-0.5,-0.01200000000000001,-3.5,0.40000000000000213,0.045999999999999985,-0.21212121212121204,-0.2152777777777778,3,0,1,0,1,0
2022,1,First Round,Maryland,Delaware,4,13,9,21.49,16.98,8.200000000000003,7.25,0.7999999999999972,0.062,0.40000000000000036,-3.8999999999999986,-0.0020000000000000018,-0.03125,-0.06862745098039225,2,0,0,0,1,1
2022,1,First Round,Delaware,Maryland,13,4,-9,-21.49,-16.98,-8.200000000000003,-7.25,-0.7999999999999972,-0.062,-0.40000000000000036,3.8999999999999986,0.0020000000000000018,0.03125,0.06862745098039225,-2,0,0,1,0,0
2022,1,First Round,Ohio State,Missouri State,6,11,5,6.850000000000001,3.789999999999999,10.200000000000003,-7.949999999999996,6.0,0.119,-0.9000000000000004,-12.099999999999998,-0.033999999999999975,0.02367424242424243,0.0,4,1,0,0,0,1
2022,1,First Round,Missouri State,Ohio State,11,6,-5,-6.850000000000001,-3.789999999999999,-10.200000000000003,7.949999999999996,-6.0,-0.119,0.9000000000000004,12.099999999999998,0.033999999999999975,-0.02367424242424243,0.0,-4,0,1,0,0,0
2022,1,First Round,LSU,Jackson State,3,14,11,16.48,21.33,-4.300000000000011,14.480000000000004,-2.799999999999997,-0.008999999999999952,1.5999999999999996,-6.799999999999997,-0.07200000000000001,0.04583333333333328,-0.1875,4,0,1,0,1,1
2022,1,First Round,Jackson State,LSU,14,3,-11,-16.48,-21.33,4.300000000000011,-14.480000000000004,2.799999999999997,0.008999999999999952,-1.5999999999999996,6.799999999999997,0.07200000000000001,-0.04583333333333328,0.1875,-4,1,0,1,0,0
2022,1,First Round,Utah,Arkansas,7,10,3,1.4500000000000028,0.8100000000000005,6.200000000000003,-5.359999999999999,-2.200000000000003,0.04500000000000004,-4.300000000000001,9.599999999999998,-0.010000000000000009,0.07386363636363635,0.09583333333333333,1,0,0,0,0,1
2022,1,First Round,Arkansas,Utah,10,7,-3,-1.4500000000000028,-0.8100000000000005,-6.200000000000003,5.359999999999999,2.200000000000003,-0.04500000000000004,4.300000000000001,-9.599999999999998,0.010000000000000009,-0.07386363636363635,-0.09583333333333333,-1,0,0,0,0,0
2022,1,First Round,Texas,Fairfield,2,15,13,27.17,19.72,5.200000000000003,24.68,3.5,0.0010000000000000009,-1.3000000000000007,10.7,0.08400000000000002,0.02430555555555558,-0.22777777777777775,0,0,1,1,1,1
2022,1,First Round,Fairfield,Texas,15,2,-13,-27.17,-19.72,-5.200000000000003,-24.68,-3.5,-0.0010000000000000009,1.3000000000000007,-10.7,-0.08400000000000002,-0.02430555555555558,0.22777777777777775,0,1,0,1,1,0
2022,2,Second Round,Stanford,Kansas,1,8,7,14.780000000000001,4.669999999999998,10.800000000000011,8.470000000000006,-6.099999999999994,0.02300000000000002,4.299999999999999,12.299999999999997,-0.08399999999999996,0.2114695340501792,0.38888888888888884,3,1,0,1,0,1
2022,2,Second Round,Kansas,Stanford,8,1,-7,-14.780000000000001,-4.669999999999998,-10.800000000000011,-8.470000000000006,6.099999999999994,-0.02300000000000002,-4.299999999999999,-12.299999999999997,0.08399999999999996,-0.2114695340501792,-0.38888888888888884,-3,0,1,0,1,0
2022,2,Second Round,Maryland,Florida Gulf Coast,4,12,8,10.729999999999999,14.799999999999999,-5.0,-0.6899999999999977,4.200000000000003,-0.04200000000000004,-1.3999999999999986,11.300000000000004,0.046999999999999986,-0.19034090909090906,-0.17279411764705888,2,0,1,0,1,1
2022,2,Second Round,Florida Gulf Coast,Maryland,12,4,-8,-10.729999999999999,-14.799999999999999,5.0,0.6899999999999977,-4.200000000000003,0.04200000000000004,1.3999999999999986,-11.300000000000004,-0.046999999999999986,0.19034090909090906,0.17279411764705888,-2,1,0,1,0,0
2022,2,Second Round,Ohio State,LSU,6,3,-3,-0.35999999999999943,-0.8600000000000012,5.1000000000000085,-6.390000000000001,0.9000000000000057,0.05299999999999999,-1.0,-8.8,-0.035999999999999976,-0.03125,-0.03472222222222221,-2,1,0,0,0,1
2022,2,Second Round,LSU,Ohio State,3,6,3,0.35999999999999943,0.8600000000000012,-5.1000000000000085,6.390000000000001,-0.9000000000000057,-0.05299999999999999,1.0,8.8,0.035999999999999976,0.03125,0.03472222222222221,2,0,1,0,0,0
2022,2,Second Round,Texas,Utah,2,7,5,7.669999999999998,0.22999999999999865,-3.299999999999997,15.5,-1.7999999999999972,-0.041000000000000036,0.8000000000000007,2.6000000000000014,0.020000000000000018,0.16919191919191923,0.18888888888888888,-1,0,0,1,0,1
2022,2,Second Round,Utah,Texas,7,2,-5,-7.669999999999998,-0.22999999999999865,3.299999999999997,-15.5,1.7999999999999972,0.041000000000000036,-0.8000000000000007,-2.6000000000000014,-0.020000000000000018,-0.16919191919191923,-0.18888888888888888,1,0,0,0,1,0
2022,3,Sweet Sixteen,Stanford,Maryland,1,4,3,8.96,3.869999999999999,-2.5999999999999943,13.39,-3.0,0.017000000000000015,-1.4000000000000004,0.6999999999999957,-0.01799999999999996,0.17013888888888884,0.23529411764705888,1,1,0,1,0,1
2022,3,Sweet Sixteen,Maryland,Stanford,4,1,-3,-8.96,-3.869999999999999,2.5999999999999943,-13.39,3.0,-0.017000000000000015,1.4000000000000004,-0.6999999999999957,0.01799999999999996,-0.17013888888888884,-0.23529411764705888,-1,0,1,0,1,0
2022,3,Sweet Sixteen,Texas,Ohio State,2,6,4,7.309999999999999,4.76,-2.0,11.439999999999998,-5.400000000000006,-0.04600000000000004,-0.40000000000000036,10.599999999999998,0.04799999999999999,0.02430555555555558,-0.05555555555555558,-4,0,1,1,0,1
2022,3,Sweet Sixteen,Ohio State,Texas,6,2,-4,-7.309999999999999,-4.76,2.0,-11.439999999999998,5.400000000000006,0.04600000000000004,0.40000000000000036,-10.599999999999998,-0.04799999999999999,-0.02430555555555558,0.05555555555555558,4,1,0,0,1,0
2022,4,Elite Eight,Stanford,Texas,1,2,1,5.34,3.789999999999999,2.700000000000003,1.3000000000000043,0.4000000000000057,0.031000000000000028,0.7000000000000011,1.0,-0.057999999999999996,0.08333333333333326,0.2777777777777778,4,1,0,1,1,1
2022,4,Elite Eight,Texas,Stanford,2,1,-1,-5.34,-3.789999999999999,-2.700000000000003,-1.3000000000000043,-0.4000000000000057,-0.031000000000000028,-0.7000000000000011,-1.0,0.057999999999999996,-0.08333333333333326,-0.2777777777777778,-4,0,1,1,1,0
2022,1,First Round,Louisville,Albany (NY),1,16,15,34.53,24.5,9.5,19.0,8.299999999999997,0.035999999999999976,4.299999999999997,-3.1000000000000014,-0.036000000000000004,0.15597147950089119,0.16013071895424835,3,0,0,0,1,1
2022,1,First Round,Albany (NY),Louisville,16,1,-15,-34.53,-24.5,-9.5,-19.0,-8.299999999999997,-0.035999999999999976,-4.299999999999997,3.1000000000000014,0.036000000000000004,-0.15597147950089119,-0.16013071895424835,-3,0,0,1,0,0
2022,1,First Round,Gonzaga,Nebraska,9,8,-1,-1.5700000000000003,-0.9399999999999995,-0.3999999999999915,2.489999999999995,-8.099999999999994,-0.02200000000000002,-1.9000000000000004,8.099999999999994,0.006000000000000005,0.06684491978609619,0.2712418300653594,2,0,0,1,0,1
2022,1,First Round,Nebraska,Gonzaga,8,9,1,1.5700000000000003,0.9399999999999995,0.3999999999999915,-2.489999999999995,8.099999999999994,0.02200000000000002,1.9000000000000004,-8.099999999999994,-0.006000000000000005,-0.06684491978609619,-0.2712418300653594,-2,0,0,0,1,0
2022,1,First Round,Belmont,Oregon,12,5,-7,-11.929999999999998,-15.61,-1.5999999999999943,-9.219999999999999,0.09999999999999432,0.015000000000000013,0.1999999999999993,-2.099999999999998,-0.02200000000000002,0.11693548387096775,0.24183006535947704,-1,1,0,1,0,1
2022,1,First Round,Oregon,Belmont,5,12,7,11.929999999999998,15.61,1.5999999999999943,9.219999999999999,-0.09999999999999432,-0.015000000000000013,-0.1999999999999993,2.099999999999998,0.02200000000000002,-0.11693548387096775,-0.24183006535947704,1,0,1,0,1,0
2022,1,First Round,Tennessee,Buffalo,4,13,9,12.4,12.58,-6.699999999999989,16.39,-0.6999999999999886,-0.023999999999999966,-2.9999999999999982,4.799999999999997,0.032999999999999974,0.0,-0.11250000000000004,3,0,0,0,1,1
2022,1,First Round,Buffalo,Tennessee,13,4,-9,-12.4,-12.58,6.699999999999989,-16.39,0.6999999999999886,0.023999999999999966,2.9999999999999982,-4.799999999999997,-0.032999999999999974,0.0,0.11250000000000004,-3,0,0,1,0,0
2022,1,First Round,Villanova,BYU,11,6,-5,-13.059999999999999,1.6800000000000006,-16.799999999999997,-7.32,-0.5,-0.056999999999999995,-0.7000000000000011,-9.8,0.015999999999999986,-0.1393939393939394,-0.14802631578947367,1,0,1,0,0,1
2022,1,First Round,BYU,Villanova,6,11,5,13.059999999999999,-1.6800000000000006,16.799999999999997,7.32,0.5,0.056999999999999995,0.7000000000000011,9.8,-0.015999999999999986,0.1393939393939394,0.14802631578947367,-1,1,0,0,0,0
2022,1,First Round,Michigan,American,3,14,11,26.57,18.29,13.0,16.18,2.700000000000003,0.032999999999999974,1.1999999999999993,13.599999999999998,0.063,0.0625,0.042483660130718914,3,0,0,0,1,1
2022,1,First Round,American,Michigan,14,3,-11,-26.57,-18.29,-13.0,-16.18,-2.700000000000003,-0.032999999999999974,-1.1999999999999993,-13.599999999999998,-0.063,-0.0625,-0.042483660130718914,-3,0,0,1,0,0
2022,1,First Round,South Dakota,Ole Miss,10,7,-3,-2.16,-6.640000000000001,8.0,-1.0799999999999983,-3.8000000000000114,0.045999999999999985,2.0999999999999996,-8.100000000000001,-0.062,0.10982142857142863,0.3194444444444444,-2,1,0,1,0,1
2022,1,First Round,Ole Miss,South Dakota,7,10,3,2.16,6.640000000000001,-8.0,1.0799999999999983,3.8000000000000114,-0.045999999999999985,-2.0999999999999996,8.100000000000001,0.062,-0.10982142857142863,-0.3194444444444444,2,0,1,0,1,0
2022,1,First Round,Baylor,Hawaii,2,15,13,28.060000000000002,11.84,11.299999999999997,17.370000000000005,4.400000000000006,0.04899999999999999,3.5000000000000018,3.1999999999999993,-0.05499999999999999,0.13333333333333341,0.02083333333333337,3,1,1,0,1,1
2022,1,First Round,Hawaii,Baylor,15,2,-13,-28.060000000000002,-11.84,-11.299999999999997,-17.370000000000005,-4.400000000000006,-0.04899999999999999,-3.5000000000000018,-3.1999999999999993,0.05499999999999999,-0.13333333333333341,-0.02083333333333337,-3,1,1,1,0,0
2022,2,Second Round,Louisville,Gonzaga,1,9,8,9.400000000000002,6.130000000000001,-4.0,6.32,5.099999999999994,0.014000000000000012,1.1999999999999993,-6.899999999999999,-0.08099999999999999,0.05882352941176472,0.0,0,0,0,0,1,1
2022,2,Second Round,Gonzaga,Louisville,9,1,-8,-9.400000000000002,-6.130000000000001,4.0,-6.32,-5.099999999999994,-0.014000000000000012,-1.1999999999999993,6.899999999999999,0.08099999999999999,-0.05882352941176472,0.0,0,0,0,1,0,0
2022,2,Second Round,Tennessee,Belmont,4,12,8,11.459999999999999,15.53,-8.799999999999997,12.5,7.1000000000000085,-0.05499999999999999,-2.8999999999999986,9.599999999999998,0.07,-0.006641366223908873,-0.20138888888888884,3,0,1,0,1,1
2022,2,Second Round,Belmont,Tennessee,12,4,-8,-11.459999999999999,-15.53,8.799999999999997,-12.5,-7.1000000000000085,0.05499999999999999,2.8999999999999986,-9.599999999999998,-0.07,0.006641366223908873,0.20138888888888884,-3,1,0,1,0,0
2022,2,Second Round,Michigan,Villanova,3,11,8,11.989999999999998,4.989999999999999,6.200000000000003,7.940000000000005,1.5,0.023999999999999966,-2.6999999999999993,11.599999999999998,0.10000000000000003,0.05397727272727271,-0.024767801857585203,2,0,0,0,0,1
2022,2,Second Round,Villanova,Michigan,11,3,-8,-11.989999999999998,-4.989999999999999,-6.200000000000003,-7.940000000000005,-1.5,-0.023999999999999966,2.6999999999999993,-11.599999999999998,-0.10000000000000003,-0.05397727272727271,0.024767801857585203,-2,0,0,0,0,0
2022,2,Second Round,South Dakota,Baylor,10,2,-8,-8.84,-7.369999999999999,-2.3999999999999915,1.1000000000000014,-5.6000000000000085,-0.020000000000000018,1.0,-2.599999999999998,-0.07,0.02857142857142858,0.11111111111111105,-3,1,1,1,0,1
2022,2,Second Round,Baylor,South Dakota,2,10,8,8.84,7.369999999999999,2.3999999999999915,-1.1000000000000014,5.6000000000000085,0.020000000000000018,-1.0,2.599999999999998,0.07,-0.02857142857142858,-0.11111111111111105,3,1,1,0,1,0
2022,3,Sweet Sixteen,Louisville,Tennessee,1,4,3,5.850000000000001,-1.299999999999999,8.5,-0.46000000000000085,-4.400000000000006,0.05499999999999999,1.7999999999999972,-5.5,-0.10300000000000001,0.11764705882352933,0.19485294117647056,0,0,0,0,0,1
2022,3,Sweet Sixteen,Tennessee,Louisville,4,1,-3,-5.850000000000001,1.299999999999999,-8.5,0.46000000000000085,4.400000000000006,-0.05499999999999999,-1.7999999999999972,5.5,0.10300000000000001,-0.11764705882352933,-0.19485294117647056,0,0,0,0,0,0
2022,3,Sweet Sixteen,Michigan,South Dakota,3,10,7,4.389999999999997,8.18,-2.4000000000000057,-1.6400000000000006,3.3000000000000114,-0.0050000000000000044,-4.4,9.299999999999997,0.09300000000000003,-0.047321428571428625,-0.1797385620915033,2,0,1,0,1,1
2022,3,Sweet Sixteen,South Dakota,Michigan,10,3,-7,-4.389999999999997,-8.18,2.4000000000000057,1.6400000000000006,-3.3000000000000114,0.0050000000000000044,4.4,-9.299999999999997,-0.09300000000000003,0.047321428571428625,0.1797385620915033,-2,1,0,1,0,0
2022,4,Elite Eight,Louisville,Michigan,1,3,2,6.630000000000003,1.540000000000001,1.4000000000000057,4.489999999999995,0.09999999999999432,0.015000000000000013,1.8999999999999986,-2.5,-0.12700000000000003,0.0716911764705882,0.11764705882352944,0,0,0,0,0,1
2022,4,Elite Eight,Michigan,Louisville,3,1,-2,-6.630000000000003,-1.540000000000001,-1.4000000000000057,-4.489999999999995,-0.09999999999999432,-0.015000000000000013,-1.8999999999999986,2.5,0.12700000000000003,-0.0716911764705882,-0.11764705882352944,0,0,0,0,0,0
2022,6,Championship,South Carolina,UConn,1,2,1,5.719999999999999,4.359999999999998,-3.5,9.739999999999998,-0.20000000000000284,-0.069,0.5,13.299999999999997,0.095,0.11261261261261257,-0.003676470588235281,0,1,1,0,1,1
2022,6,Championship,UConn,South Carolina,2,1,-1,-5.719999999999999,-4.359999999999998,3.5,-9.739999999999998,0.20000000000000284,0.069,-0.5,-13.299999999999997,-0.095,-0.11261261261261257,0.003676470588235281,0,1,1,1,0,0
2023,1,First Round,South Carolina,Norfolk State,1,16,15,47.989999999999995,27.4,27.799999999999997,22.020000000000003,-1.1000000000000085,0.07300000000000001,6.400000000000002,12.0,0.018000000000000016,0.18509418509418518,0.2142857142857143,9,1,1,1,1,1
2023,1,First Round,Norfolk State,South Carolina,16,1,-15,-47.989999999999995,-27.4,-27.799999999999997,-22.020000000000003,1.1000000000000085,-0.07300000000000001,-6.400000000000002,-12.0,-0.018000000000000016,-0.18509418509418518,-0.2142857142857143,-9,1,1,1,1,0
2023,1,First Round,South Florida,Marquette,8,9,1,-0.240000000000002,-3.6400000000000006,8.0,-8.409999999999997,-0.6999999999999886,0.05399999999999999,-2.1999999999999993,3.700000000000003,0.096,0.13786764705882348,0.2875,2,1,0,0,0,1
2023,1,First Round,Marquette,South Florida,9,8,-1,0.240000000000002,3.6400000000000006,-8.0,8.409999999999997,0.6999999999999886,-0.05399999999999999,2.1999999999999993,-3.700000000000003,-0.096,-0.13786764705882348,-0.2875,-2,0,1,0,0,0
2023,1,First Round,Oklahoma,Portland,5,12,7,11.680000000000001,7.01,6.400000000000006,1.7099999999999937,9.5,0.006000000000000005,2.1999999999999993,3.200000000000003,-0.02799999999999997,0.06912878787878785,-0.05555555555555558,1,1,0,0,1,1
2023,1,First Round,Portland,Oklahoma,12,5,-7,-11.680000000000001,-7.01,-6.400000000000006,-1.7099999999999937,-9.5,-0.006000000000000005,-2.1999999999999993,-3.200000000000003,0.02799999999999997,-0.06912878787878785,0.05555555555555558,-1,0,1,1,0,0
2023,1,First Round,UCLA,Sacramento State,4,13,9,18.08,18.650000000000002,-6.599999999999994,17.679999999999993,5.1000000000000085,-0.10300000000000004,4.200000000000001,5.0,-0.020000000000000018,-0.027846027846027854,-0.11111111111111105,1,0,1,0,1,1
2023,1,First Round,Sacramento State,UCLA,13,4,-9,-18.08,-18.650000000000002,6.599999999999994,-17.679999999999993,-5.1000000000000085,0.10300000000000004,-4.200000000000001,-5.0,0.020000000000000018,0.027846027846027854,0.11111111111111105,-1,1,0,1,0,0
2023,1,First Round,Mississippi St.,Creighton,11,6,-5,-0.4800000000000004,-3.380000000000001,-6.900000000000006,6.519999999999996,4.299999999999997,-0.030000000000000027,-3.599999999999998,5.699999999999999,0.11099999999999999,-0.043010752688172116,-0.1875,1,0,0,0,0,1
2023,1,First Round,Creighton,Mississippi St.,6,11,5,0.4800000000000004,3.380000000000001,6.900000000000006,-6.519999999999996,-4.299999999999997,0.030000000000000027,3.599999999999998,-5.699999999999999,-0.11099999999999999,0.043010752688172116,0.1875,-1,0,0,0,0,0
2023,1,First Round,Notre Dame,Southern Utah,3,14,11,27.849999999999998,12.85,8.0,19.429999999999993,0.5,0.018000000000000016,1.5,6.0,0.05199999999999999,0.12121212121212122,-0.05555555555555547,3,1,1,0,1,1
2023,1,First Round,Southern Utah,Notre Dame,14,3,-11,-27.849999999999998,-12.85,-8.0,-19.429999999999993,-0.5,-0.018000000000000016,-1.5,-6.0,-0.05199999999999999,-0.12121212121212122,0.05555555555555547,-3,1,1,1,0,0
2023,1,First Round,Arizona,West Virginia,7,10,3,8.56,4.110000000000001,10.700000000000003,-0.01999999999999602,0.0,0.03799999999999998,1.5999999999999996,5.399999999999999,0.02999999999999997,0.07459677419354838,0.05555555555555558,2,0,0,0,0,1
2023,1,First Round,West Virginia,Arizona,10,7,-3,-8.56,-4.110000000000001,-10.700000000000003,0.01999999999999602,0.0,-0.03799999999999998,-1.5999999999999996,-5.399999999999999,-0.02999999999999997,-0.07459677419354838,-0.05555555555555558,-2,0,0,0,0,0
2023,1,First Round,Maryland,Holy Cross,2,15,13,32.03,27.16,12.299999999999997,15.170000000000002,9.299999999999997,0.03199999999999997,4.100000000000001,1.4000000000000021,0.021999999999999964,0.07272727272727275,0.11111111111111116,3,0,0,0,1,1
2023,1,First Round,Holy Cross,Maryland,15,2,-13,-32.03,-27.16,-12.299999999999997,-15.170000000000002,-9.299999999999997,-0.03199999999999997,-4.100000000000001,-1.4000000000000021,-0.021999999999999964,-0.07272727272727275,-0.11111111111111116,-3,0,0,1,0,0
2023,2,Second Round,South Carolina,South Florida,1,8,7,25.4,7.02,12.600000000000009,20.740000000000002,1.6999999999999886,-0.0050000000000000044,4.600000000000001,11.699999999999996,0.039000000000000035,0.17885532591414954,0.0625,7,1,1,1,0,1
2023,2,Second Round,South Florida,South Carolina,8,1,-7,-25.4,-7.02,-12.600000000000009,-20.740000000000002,-1.6999999999999886,0.0050000000000000044,-4.600000000000001,-11.699999999999996,-0.039000000000000035,-0.17885532591414954,-0.0625,-7,1,1,0,1,0
2023,2,Second Round,UCLA,Oklahoma,4,5,1,3.009999999999998,3.6800000000000015,-6.299999999999997,10.099999999999994,-9.799999999999997,-0.07100000000000001,2.4000000000000004,2.299999999999997,-0.02100000000000002,-0.05814905814905813,-0.16666666666666663,0,0,1,0,0,1
2023,2,Second Round,Oklahoma,UCLA,5,4,-1,-3.009999999999998,-3.6800000000000015,6.299999999999997,-10.099999999999994,9.799999999999997,0.07100000000000001,-2.4000000000000004,-2.299999999999997,0.02100000000000002,0.05814905814905813,0.16666666666666663,0,1,0,0,0,0
2023,2,Second Round,Notre Dame,Mississippi St.,3,11,8,7.039999999999999,4.1,4.1000000000000085,4.079999999999998,0.4000000000000057,-0.0020000000000000018,0.3999999999999986,6.0,0.04199999999999998,0.1515151515151516,0.27083333333333337,2,1,0,0,0,1
2023,2,Second Round,Mississippi St.,Notre Dame,11,3,-8,-7.039999999999999,-4.1,-4.1000000000000085,-4.079999999999998,-0.4000000000000057,0.0020000000000000018,-0.3999999999999986,-6.0,-0.04199999999999998,-0.1515151515151516,-0.27083333333333337,-2,0,1,0,0,0
2023,2,Second Round,Maryland,Arizona,2,7,5,4.640000000000001,3.209999999999999,3.6999999999999886,0.4099999999999966,3.0999999999999943,0.020000000000000018,-0.9000000000000004,-0.29999999999999716,-0.007000000000000006,0.11250000000000004,0.2222222222222222,0,0,0,0,0,1
2023,2,Second Round,Arizona,Maryland,7,2,-5,-4.640000000000001,-3.209999999999999,-3.6999999999999886,-0.4099999999999966,-3.0999999999999943,-0.020000000000000018,0.9000000000000004,0.29999999999999716,0.007000000000000006,-0.11250000000000004,-0.2222222222222222,0,0,0,0,0,0
2023,3,Sweet Sixteen,South Carolina,UCLA,1,4,3,19.33,-1.1700000000000017,15.299999999999997,13.420000000000009,0.3999999999999915,0.04899999999999999,1.4000000000000004,11.0,0.08400000000000002,0.2432432432432433,0.38888888888888884,8,1,0,1,0,1
2023,3,Sweet Sixteen,UCLA,South Carolina,4,1,-3,-19.33,1.1700000000000017,-15.299999999999997,-13.420000000000009,-0.3999999999999915,-0.04899999999999999,-1.4000000000000004,-11.0,-0.08400000000000002,-0.2432432432432433,-0.38888888888888884,-8,0,1,0,1,0
2023,3,Sweet Sixteen,Maryland,Notre Dame,2,3,1,-1.139999999999997,3.4299999999999997,2.3999999999999915,-5.909999999999997,3.5999999999999943,0.007000000000000006,3.0,-7.399999999999999,-0.064,-0.018181818181818188,0.0,0,0,1,0,0,1
2023,3,Sweet Sixteen,Notre Dame,Maryland,3,2,-1,1.139999999999997,-3.4299999999999997,-2.3999999999999915,5.909999999999997,-3.5999999999999943,-0.007000000000000006,-3.0,7.399999999999999,0.064,0.018181818181818188,0.0,0,1,0,0,0,0
2023,4,Elite Eight,South Carolina,Maryland,1,2,1,15.749999999999996,-2.41,9.600000000000009,14.880000000000003,-5.700000000000003,-0.0050000000000000044,1.3000000000000007,17.299999999999997,0.05600000000000005,0.17297297297297298,0.16666666666666663,6,1,0,1,0,1
2023,4,Elite Eight,Maryland,South Carolina,2,1,-1,-15.749999999999996,2.41,-9.600000000000009,-14.880000000000003,5.700000000000003,0.0050000000000000044,-1.3000000000000007,-17.299999999999997,-0.05600000000000005,-0.17297297297297298,-0.16666666666666663,-6,0,1,0,1,0
2023,1,First Round,Indiana,Tennessee Tech,1,16,15,37.32,22.89,11.299999999999997,26.340000000000003,3.6999999999999886,0.07200000000000006,1.6000000000000014,-4.800000000000001,0.02200000000000002,0.17803030303030298,0.16666666666666663,2,1,0,0,1,1
2023,1,First Round,Tennessee Tech,Indiana,16,1,-15,-37.32,-22.89,-11.299999999999997,-26.340000000000003,-3.6999999999999886,-0.07200000000000006,-1.6000000000000014,4.800000000000001,-0.02200000000000002,-0.17803030303030298,-0.16666666666666663,-2,0,1,1,0,0
2023,1,First Round,Miami,Oklahoma State,9,8,-1,-0.39000000000000057,0.6999999999999993,-5.900000000000006,4.640000000000001,-1.0999999999999943,-0.04200000000000004,-2.799999999999997,8.0,0.01599999999999996,-0.007792207792207795,0.05555555555555558,1,0,0,0,0,1
2023,1,First Round,Oklahoma State,Miami,8,9,1,0.39000000000000057,-0.6999999999999993,5.900000000000006,-4.640000000000001,1.0999999999999943,0.04200000000000004,2.799999999999997,-8.0,-0.01599999999999996,0.007792207792207795,-0.05555555555555558,-1,0,0,0,0,0
2023,1,First Round,Florida Gulf Coast,Washington State,12,5,-7,-4.079999999999998,-17.2,13.699999999999989,-7.439999999999998,1.3000000000000114,0.08599999999999997,3.0,-6.899999999999999,-0.024999999999999994,0.21542130365659773,0.4444444444444444,0,1,0,1,1,1
2023,1,First Round,Washington State,Florida Gulf Coast,5,12,7,4.079999999999998,17.2,-13.699999999999989,7.439999999999998,-1.3000000000000114,-0.08599999999999997,-3.0,6.899999999999999,0.024999999999999994,-0.21542130365659773,-0.4444444444444444,0,0,1,1,1,0
2023,1,First Round,Villanova,Cleveland State,4,13,9,14.139999999999999,18.13,4.300000000000011,5.030000000000001,-5.400000000000006,0.015000000000000013,4.4,-4.0,-0.16100000000000003,-0.04633204633204624,0.0,1,0,0,0,1,1
2023,1,First Round,Cleveland State,Villanova,13,4,-9,-14.139999999999999,-18.13,-4.300000000000011,-5.030000000000001,5.400000000000006,-0.015000000000000013,-4.4,4.0,0.16100000000000003,0.04633204633204624,0.0,-1,0,0,1,0,0
2023,1,First Round,Michigan,UNLV,6,11,5,8.719999999999999,12.899999999999999,-5.8999999999999915,8.399999999999991,1.2999999999999972,0.0020000000000000018,-4.300000000000001,-0.6999999999999957,0.026000000000000023,-0.2147950089126559,-0.38888888888888884,2,0,1,0,1,1
2023,1,First Round,UNLV,Michigan,11,6,-5,-8.719999999999999,-12.899999999999999,5.8999999999999915,-8.399999999999991,-1.2999999999999972,-0.0020000000000000018,4.300000000000001,0.6999999999999957,-0.026000000000000023,0.2147950089126559,0.38888888888888884,-2,1,0,1,0,0
2023,1,First Round,LSU,Hawaii,3,14,11,33.72,9.629999999999999,22.400000000000006,18.599999999999994,7.300000000000011,0.045999999999999985,5.0,16.699999999999996,0.063,0.398989898989899,0.2875,4,0,0,0,1,1
2023,1,First Round,Hawaii,LSU,14,3,-11,-33.72,-9.629999999999999,-22.400000000000006,-18.599999999999994,-7.300000000000011,-0.045999999999999985,-5.0,-16.699999999999996,-0.063,-0.398989898989899,-0.2875,-4,0,0,1,0,0
2023,1,First Round,Princeton,NC State,10,7,-3,-8.54,-12.33,-1.4000000000000057,-0.4100000000000108,-4.699999999999989,-0.025999999999999968,-0.09999999999999787,6.200000000000003,0.0,0.17500000000000004,0.3571428571428571,-2,1,0,1,0,1
2023,1,First Round,NC State,Princeton,7,10,3,8.54,12.33,1.4000000000000057,0.4100000000000108,4.699999999999989,0.025999999999999968,0.09999999999999787,-6.200000000000003,0.0,-0.17500000000000004,-0.3571428571428571,2,0,1,0,1,0
2023,1,First Round,Utah,Gardner-Webb,2,15,13,31.44,24.68,9.099999999999994,18.340000000000003,-0.7999999999999972,0.05800000000000005,0.29999999999999716,-3.1000000000000014,0.02899999999999997,-0.009191176470588203,-0.17647058823529416,1,1,1,0,1,1
2023,1,First Round,Gardner-Webb,Utah,15,2,-13,-31.44,-24.68,-9.099999999999994,-18.340000000000003,0.7999999999999972,-0.05800000000000005,-0.29999999999999716,3.1000000000000014,-0.02899999999999997,0.009191176470588203,0.17647058823529416,-1,1,1,1,0,0
2023,2,Second Round,Miami,Indiana,9,1,-8,-13.259999999999998,-0.41000000000000014,-14.200000000000003,-5.150000000000006,-1.1999999999999886,-0.08100000000000007,-3.3999999999999986,7.800000000000001,-0.028000000000000025,-0.24642857142857144,-0.2777777777777777,-1,0,1,0,0,1
2023,2,Second Round,Indiana,Miami,1,9,8,13.259999999999998,0.41000000000000014,14.200000000000003,5.150000000000006,1.1999999999999886,0.08100000000000007,3.3999999999999986,-7.800000000000001,0.028000000000000025,0.24642857142857144,0.2777777777777777,1,1,0,0,0,0
2023,2,Second Round,Villanova,Florida Gulf Coast,4,12,8,7.219999999999999,13.98,-4.699999999999989,6.519999999999996,-2.8000000000000114,-0.08099999999999996,2.700000000000001,7.200000000000003,0.010999999999999982,-0.08108108108108103,-0.09444444444444444,1,0,1,0,1,1
2023,2,Second Round,Florida Gulf Coast,Villanova,12,4,-8,-7.219999999999999,-13.98,4.699999999999989,-6.519999999999996,2.8000000000000114,0.08099999999999996,-2.700000000000001,-7.200000000000003,-0.010999999999999982,0.08108108108108103,0.09444444444444444,-1,1,0,1,0,0
2023,2,Second Round,LSU,Michigan,3,6,3,11.240000000000002,-3.0,10.099999999999994,6.969999999999999,1.1000000000000085,-0.013000000000000012,4.400000000000002,12.599999999999994,0.04999999999999999,0.2474747474747474,0.32638888888888884,2,0,0,0,0,1
2023,2,Second Round,Michigan,LSU,6,3,-3,-11.240000000000002,3.0,-10.099999999999994,-6.969999999999999,-1.1000000000000085,0.013000000000000012,-4.400000000000002,-12.599999999999994,-0.04999999999999999,-0.2474747474747474,-0.32638888888888884,-2,0,0,0,0,0
2023,2,Second Round,Utah,Princeton,2,10,8,13.84,9.030000000000001,14.900000000000006,-4.009999999999991,6.799999999999997,0.09800000000000003,-0.9000000000000021,-2.9000000000000057,0.09099999999999997,0.043749999999999956,-0.03361344537815125,1,1,1,0,1,1
2023,2,Second Round,Princeton,Utah,10,2,-8,-13.84,-9.030000000000001,-14.900000000000006,4.009999999999991,-6.799999999999997,-0.09800000000000003,0.9000000000000021,2.9000000000000057,-0.09099999999999997,-0.043749999999999956,0.03361344537815125,-1,1,1,1,0,0
2023,3,Sweet Sixteen,Miami,Villanova,9,4,-5,-4.359999999999999,1.7400000000000002,-8.900000000000006,-1.0900000000000034,4.300000000000011,-0.017000000000000015,-5.799999999999999,3.3999999999999986,0.046999999999999986,-0.1822393822393823,-0.23888888888888882,0,0,0,0,0,1
2023,3,Sweet Sixteen,Villanova,Miami,4,9,5,4.359999999999999,-1.7400000000000002,8.900000000000006,1.0900000000000034,-4.300000000000011,0.017000000000000015,5.799999999999999,-3.3999999999999986,-0.046999999999999986,0.1822393822393823,0.23888888888888882,0,0,0,0,0,0
2023,3,Sweet Sixteen,LSU,Utah,3,2,-1,4.91,-2.6000000000000014,0.5,9.039999999999992,-0.7999999999999972,-0.050000000000000044,1.9000000000000021,12.5,0.015000000000000013,0.10069444444444442,0.11397058823529416,3,0,1,0,0,1
2023,3,Sweet Sixteen,Utah,LSU,2,3,1,-4.91,2.6000000000000014,-0.5,-9.039999999999992,0.7999999999999972,0.050000000000000044,-1.9000000000000021,-12.5,-0.015000000000000013,-0.10069444444444442,-0.11397058823529416,-3,1,0,0,0,0
2023,4,Elite Eight,LSU,Miami,3,9,6,14.89,-3.4700000000000006,15.0,7.920000000000002,2.0,0.027000000000000024,3.6999999999999993,9.699999999999996,0.08500000000000002,0.31587301587301586,0.32638888888888884,3,0,0,0,0,1
2023,4,Elite Eight,Miami,LSU,9,3,-6,-14.89,3.4700000000000006,-15.0,-7.920000000000002,-2.0,-0.027000000000000024,-3.6999999999999993,-9.699999999999996,-0.08500000000000002,-0.31587301587301586,-0.32638888888888884,-3,0,0,0,0,0
2023,1,First Round,Virginia Tech,Chattanooga,1,16,15,30.98,19.25,15.0,13.400000000000006,4.400000000000006,0.05399999999999999,2.3000000000000007,8.299999999999997,0.0,0.2550505050505051,0.13492063492063489,3,0,0,1,1,1
2023,1,First Round,Chattanooga,Virginia Tech,16,1,-15,-30.98,-19.25,-15.0,-13.400000000000006,-4.400000000000006,-0.05399999999999999,-2.3000000000000007,-8.299999999999997,0.0,-0.2550505050505051,-0.13492063492063489,-3,0,0,1,1,0
2023,1,First Round,South Dakota State,USC,9,8,-1,-2.8100000000000023,-11.420000000000002,16.900000000000006,-11.679999999999993,4.099999999999994,0.10000000000000003,2.3000000000000007,-2.6000000000000014,0.065,0.151152073732719,0.38888888888888884,-6,1,0,1,0,1
2023,1,First Round,USC,South Dakota State,8,9,1,2.8100000000000023,11.420000000000002,-16.900000000000006,11.679999999999993,-4.099999999999994,-0.10000000000000003,-2.3000000000000007,2.6000000000000014,-0.065,-0.151152073732719,-0.38888888888888884,6,0,1,0,1,0
2023,1,First Round,Toledo,Iowa State,12,5,-7,-16.799999999999997,-15.299999999999999,0.09999999999999432,-11.769999999999996,-2.6000000000000085,0.013000000000000012,0.3000000000000007,-4.100000000000001,0.04600000000000004,0.1654411764705882,0.2777777777777777,-2,1,0,1,1,1
2023,1,First Round,Iowa State,Toledo,5,12,7,16.799999999999997,15.299999999999999,-0.09999999999999432,11.769999999999996,2.6000000000000085,-0.013000000000000012,-0.3000000000000007,4.100000000000001,-0.04600000000000004,-0.1654411764705882,-0.2777777777777777,2,0,1,1,1,0
2023,1,First Round,Tennessee,Saint Louis,4,13,9,26.38,13.89,11.800000000000011,14.959999999999994,-0.7000000000000028,0.05099999999999999,2.3000000000000007,4.299999999999997,0.05499999999999999,0.18996138996138995,0.1875,2,0,0,0,1,1
2023,1,First Round,Saint Louis,Tennessee,13,4,-9,-26.38,-13.89,-11.800000000000011,-14.959999999999994,0.7000000000000028,-0.05099999999999999,-2.3000000000000007,-4.299999999999997,-0.05499999999999999,-0.18996138996138995,-0.1875,-2,0,0,1,0,0
2023,1,First Round,UNC,St. John's,6,11,5,9.38,5.979999999999999,-5.5,13.5,7.299999999999997,-0.02899999999999997,1.3000000000000007,-2.3000000000000007,-0.0030000000000000027,-0.05208333333333337,-0.03888888888888886,0,0,0,0,0,1
2023,1,First Round,St. John's,UNC,11,6,-5,-9.38,-5.979999999999999,5.5,-13.5,-7.299999999999997,0.02899999999999997,-1.3000000000000007,2.3000000000000007,0.0030000000000000027,0.05208333333333337,0.03888888888888886,0,0,0,0,0,0
2023,1,First Round,Ohio State,James Madison,3,14,11,23.43,19.61,6.0,12.25,5.900000000000006,0.05399999999999999,1.1999999999999993,-5.9999999999999964,-0.02200000000000002,0.013071895424836666,-0.05555555555555558,4,0,1,0,1,1
2023,1,First Round,James Madison,Ohio State,14,3,-11,-23.43,-19.61,-6.0,-12.25,-5.900000000000006,-0.05399999999999999,-1.1999999999999993,5.9999999999999964,0.02200000000000002,-0.013071895424836666,0.05555555555555558,-4,1,0,1,0,0
2023,1,First Round,Baylor,Alabama,7,10,3,1.6499999999999986,3.0599999999999987,-3.8999999999999915,5.009999999999991,3.6999999999999886,-0.038000000000000034,1.6999999999999993,0.0,0.0010000000000000009,-0.03910068426197455,-0.00694444444444442,-3,0,0,0,0,1
2023,1,First Round,Alabama,Baylor,10,7,-3,-1.6499999999999986,-3.0599999999999987,3.8999999999999915,-5.009999999999991,-3.6999999999999886,0.038000000000000034,-1.6999999999999993,0.0,-0.0010000000000000009,0.03910068426197455,0.00694444444444442,3,0,0,0,0,0
2023,1,First Round,UConn,Vermont,2,15,13,37.51,27.11,9.899999999999991,22.89,8.0,0.06300000000000006,-1.8999999999999986,4.399999999999999,0.03899999999999998,0.05658783783783783,0.025000000000000022,7,1,1,1,1,1
2023,1,First Round,Vermont,UConn,15,2,-13,-37.51,-27.11,-9.899999999999991,-22.89,-8.0,-0.06300000000000006,1.8999999999999986,-4.399999999999999,-0.03899999999999998,-0.05658783783783783,-0.025000000000000022,-7,1,1,1,1,0
2023,2,Second Round,Virginia Tech,South Dakota State,1,9,8,9.720000000000002,12.82,-3.5,5.409999999999997,-3.0,-0.013000000000000012,-0.8999999999999986,-1.1000000000000014,-0.08000000000000002,0.032539682539682535,-0.2222222222222222,3,0,1,1,1,1
2023,2,Second Round,South Dakota State,Virginia Tech,9,1,-8,-9.720000000000002,-12.82,3.5,-5.409999999999997,3.0,0.013000000000000012,0.8999999999999986,1.1000000000000014,0.08000000000000002,-0.032539682539682535,0.2222222222222222,-3,1,0,1,1,0
2023,2,Second Round,Tennessee,Toledo,4,12,8,18.15,16.33,0.6000000000000085,12.280000000000001,3.700000000000003,-0.017000000000000015,-1.3999999999999986,14.2,-0.02300000000000002,-0.17726550079491254,-0.07638888888888884,2,0,1,0,1,1
2023,2,Second Round,Toledo,Tennessee,12,4,-8,-18.15,-16.33,-0.6000000000000085,-12.280000000000001,-3.700000000000003,0.017000000000000015,1.3999999999999986,-14.2,0.02300000000000002,0.17726550079491254,0.07638888888888884,-2,1,0,1,0,0
2023,2,Second Round,Ohio State,UNC,3,6,3,2.5,0.010000000000001563,9.5,-4.760000000000005,4.0,0.05099999999999999,1.5,-2.3999999999999986,0.034999999999999976,0.11111111111111116,0.05555555555555547,4,0,0,0,0,1
2023,2,Second Round,UNC,Ohio State,6,3,-3,-2.5,-0.010000000000001563,-9.5,4.760000000000005,-4.0,-0.05099999999999999,-1.5,2.3999999999999986,-0.034999999999999976,-0.11111111111111116,-0.05555555555555547,-4,0,0,0,0,0
2023,2,Second Round,UConn,Baylor,2,7,5,11.02,2.1800000000000015,8.399999999999991,5.049999999999997,-1.0999999999999943,0.06400000000000006,-2.099999999999998,3.299999999999997,0.020999999999999963,0.23177723177723175,0.34444444444444444,6,1,0,1,0,1
2023,2,Second Round,Baylor,UConn,7,2,-5,-11.02,-2.1800000000000015,-8.399999999999991,-5.049999999999997,1.0999999999999943,-0.06400000000000006,2.099999999999998,-3.299999999999997,-0.020999999999999963,-0.23177723177723175,-0.34444444444444444,-6,0,1,0,1,0
2023,3,Sweet Sixteen,Virginia Tech,Tennessee,1,4,3,0.46000000000000085,-3.0700000000000003,1.2999999999999972,-0.14000000000000057,-4.799999999999997,0.028000000000000025,0.0,-8.5,-0.025000000000000022,0.1854354354354355,-0.03472222222222221,1,0,0,1,0,1
2023,3,Sweet Sixteen,Tennessee,Virginia Tech,4,1,-3,-0.46000000000000085,3.0700000000000003,-1.2999999999999972,0.14000000000000057,4.799999999999997,-0.028000000000000025,0.0,8.5,0.025000000000000022,-0.1854354354354355,0.03472222222222221,-1,0,0,0,1,0
2023,3,Sweet Sixteen,Ohio State,UConn,3,2,-1,-7.129999999999999,-1.6600000000000001,-1.5,-7.689999999999998,4.700000000000003,-0.029000000000000026,4.099999999999998,-7.099999999999998,0.030000000000000027,-0.06006006006006004,-0.2333333333333334,-3,0,1,0,1,1
2023,3,Sweet Sixteen,UConn,Ohio State,2,3,1,7.129999999999999,1.6600000000000001,1.5,7.689999999999998,-4.700000000000003,0.029000000000000026,-4.099999999999998,7.099999999999998,-0.030000000000000027,0.06006006006006004,0.2333333333333334,3,1,0,1,0,0
2023,4,Elite Eight,Virginia Tech,Ohio State,1,3,2,2.210000000000001,-0.8500000000000014,1.1000000000000085,1.5600000000000023,-7.700000000000003,0.0010000000000000009,-1.3999999999999986,3.599999999999998,-0.019000000000000017,0.08333333333333337,0.11111111111111116,-1,0,0,1,0,1
2023,4,Elite Eight,Ohio State,Virginia Tech,3,1,-2,-2.210000000000001,0.8500000000000014,-1.1000000000000085,-1.5600000000000023,7.700000000000003,-0.0010000000000000009,1.3999999999999986,-3.599999999999998,0.019000000000000017,-0.08333333333333337,-0.11111111111111116,1,0,0,0,1,0
2023,1,First Round,Stanford,Sacred Heart,1,16,15,44.92999999999999,28.939999999999998,22.200000000000003,22.36,-2.5,0.08700000000000002,2.3999999999999986,7.9999999999999964,-0.0040000000000000036,0.2528138528138528,0.08333333333333337,3,1,0,0,1,1
2023,1,First Round,Sacred Heart,Stanford,16,1,-15,-44.92999999999999,-28.939999999999998,-22.200000000000003,-22.36,2.5,-0.08700000000000002,-2.3999999999999986,-7.9999999999999964,0.0040000000000000036,-0.2528138528138528,-0.08333333333333337,-3,0,1,1,0,0
2023,1,First Round,Ole Miss,Gonzaga,8,9,1,6.710000000000001,6.530000000000001,-8.799999999999997,13.480000000000004,2.5,-0.06,1.1000000000000014,0.7000000000000028,0.03699999999999998,-0.11319073083778963,-0.2569444444444444,-1,0,1,0,0,1
2023,1,First Round,Gonzaga,Ole Miss,9,8,-1,-6.710000000000001,-6.530000000000001,8.799999999999997,-13.480000000000004,-2.5,0.06,-1.1000000000000014,-0.7000000000000028,-0.03699999999999998,0.11319073083778963,0.2569444444444444,1,1,0,0,0,0
2023,1,First Round,Louisville,Drake,5,12,7,8.880000000000003,12.95,-2.8000000000000114,4.88000000000001,-3.5,-0.05300000000000005,2.6000000000000014,2.0,-0.05299999999999999,-0.003289473684210509,-0.033333333333333326,1,0,0,0,1,1
2023,1,First Round,Drake,Louisville,12,5,-7,-8.880000000000003,-12.95,2.8000000000000114,-4.88000000000001,3.5,0.05300000000000005,-2.6000000000000014,-2.0,0.05299999999999999,0.003289473684210509,0.033333333333333326,-1,0,0,1,0,0
2023,1,First Round,Texas,East Carolina,4,13,9,21.64,12.17,16.5,7.269999999999996,-0.29999999999999716,0.07899999999999996,1.6000000000000014,4.399999999999999,-0.05299999999999999,0.025252525252525193,0.09027777777777779,0,1,0,0,1,1
2023,1,First Round,East Carolina,Texas,13,4,-9,-21.64,-12.17,-16.5,-7.269999999999996,0.29999999999999716,-0.07899999999999996,-1.6000000000000014,-4.399999999999999,0.05299999999999999,-0.025252525252525193,-0.09027777777777779,0,0,1,1,0,0
2023,1,First Round,Colorado,Middle Tennessee,6,11,5,5.619999999999997,11.76,-8.700000000000003,6.069999999999993,0.7000000000000028,-0.016000000000000014,-3.299999999999999,3.200000000000003,-0.062,-0.11319073083778963,-0.1941176470588235,-1,0,1,0,1,1
2023,1,First Round,Middle Tennessee,Colorado,11,6,-5,-5.619999999999997,-11.76,8.700000000000003,-6.069999999999993,-0.7000000000000028,0.016000000000000014,3.299999999999999,-3.200000000000003,0.062,0.11319073083778963,0.1941176470588235,1,1,0,1,0,0
2023,1,First Round,Duke,Iona,3,14,11,30.75,25.689999999999998,0.29999999999999716,27.929999999999993,0.09999999999999432,-0.08800000000000002,5.799999999999997,10.000000000000004,0.07300000000000001,0.0,-0.12222222222222223,0,0,1,0,1,1
2023,1,First Round,Iona,Duke,14,3,-11,-30.75,-25.689999999999998,-0.29999999999999716,-27.929999999999993,-0.09999999999999432,0.08800000000000002,-5.799999999999997,-10.000000000000004,-0.07300000000000001,0.0,0.12222222222222223,0,1,0,1,0,0
2023,1,First Round,Georgia,Florida State,10,7,-3,-2.8299999999999983,1.2100000000000009,-7.099999999999994,5.349999999999994,-6.799999999999997,-0.009999999999999953,-4.800000000000001,5.899999999999999,-0.017000000000000015,-0.04991087344028522,-0.10416666666666663,-1,0,0,0,0,1
2023,1,First Round,Florida State,Georgia,7,10,3,2.8299999999999983,-1.2100000000000009,7.099999999999994,-5.349999999999994,6.799999999999997,0.009999999999999953,4.800000000000001,-5.899999999999999,0.017000000000000015,0.04991087344028522,0.10416666666666663,1,0,0,0,0,0
2023,1,First Round,Iowa,Southeastern Louisiana,2,15,13,36.89,24.57,22.89999999999999,9.299999999999997,8.5,0.14599999999999996,-0.5,-1.6999999999999993,0.06,0.13837011884550088,0.05555555555555558,4,0,1,1,1,1
2023,1,First Round,Southeastern Louisiana,Iowa,15,2,-13,-36.89,-24.57,-22.89999999999999,-9.299999999999997,-8.5,-0.14599999999999996,0.5,1.6999999999999993,-0.06,-0.13837011884550088,-0.05555555555555558,-4,1,0,1,1,0
2023,2,Second Round,Ole Miss,Stanford,8,1,-7,-10.039999999999996,-4.029999999999999,-12.099999999999994,0.3199999999999932,0.9000000000000057,-0.055999999999999994,-0.7999999999999972,-1.5999999999999943,0.010000000000000009,-0.09327731092436975,-0.14583333333333337,-1,0,1,0,0,1
2023,2,Second Round,Stanford,Ole Miss,1,8,7,10.039999999999996,4.029999999999999,12.099999999999994,-0.3199999999999932,-0.9000000000000057,0.055999999999999994,0.7999999999999972,1.5999999999999943,-0.010000000000000009,0.09327731092436975,0.14583333333333337,1,1,0,0,0,0
2023,2,Second Round,Louisville,Texas,5,4,-1,-4.629999999999999,1.7200000000000006,-0.30000000000001137,-6.909999999999997,0.09999999999999432,0.015000000000000013,-0.1999999999999993,-5.799999999999997,-0.035999999999999976,-0.03801169590643272,-0.11111111111111116,1,0,1,0,0,1
2023,2,Second Round,Texas,Louisville,4,5,1,4.629999999999999,-1.7200000000000006,0.30000000000001137,6.909999999999997,-0.09999999999999432,-0.015000000000000013,0.1999999999999993,5.799999999999997,0.035999999999999976,0.03801169590643272,0.11111111111111116,-1,1,0,0,0,0
2023,2,Second Round,Colorado,Duke,6,3,-3,-3.4200000000000017,-0.7300000000000004,5.599999999999994,-9.14,0.8000000000000114,0.025999999999999968,0.7000000000000028,0.0,0.02899999999999997,-0.05258467023172897,-0.07189542483660127,0,0,0,0,0,1
2023,2,Second Round,Duke,Colorado,3,6,3,3.4200000000000017,0.7300000000000004,-5.599999999999994,9.14,-0.8000000000000114,-0.025999999999999968,-0.7000000000000028,0.0,-0.02899999999999997,0.05258467023172897,0.07189542483660127,0,0,0,0,0,0
2023,2,Second Round,Iowa,Georgia,2,10,8,11.02,3.84,18.799999999999997,-7.560000000000002,5.900000000000006,0.11999999999999994,3.0,-10.599999999999998,0.020000000000000018,0.1687306501547987,0.27083333333333337,4,0,0,1,0,1
2023,2,Second Round,Georgia,Iowa,10,2,-8,-11.02,-3.84,-18.799999999999997,7.560000000000002,-5.900000000000006,-0.11999999999999994,-3.0,10.599999999999998,-0.020000000000000018,-0.1687306501547987,-0.27083333333333337,-4,0,0,0,1,0
2023,3,Sweet Sixteen,Louisville,Ole Miss,5,8,3,1.0899999999999999,3.9399999999999995,4.3999999999999915,-6.319999999999993,1.7999999999999972,0.03899999999999998,-0.8000000000000007,-3.0,-0.023999999999999966,-0.051083591331269385,-0.02083333333333337,-1,0,0,0,0,1
2023,3,Sweet Sixteen,Ole Miss,Louisville,8,5,-3,-1.0899999999999999,-3.9399999999999995,-4.3999999999999915,6.319999999999993,-1.7999999999999972,-0.03899999999999998,0.8000000000000007,3.0,0.023999999999999966,0.051083591331269385,0.02083333333333337,1,0,0,0,0,0
2023,3,Sweet Sixteen,Iowa,Colorado,2,6,4,8.850000000000001,3.24,15.200000000000003,-6.409999999999997,7.299999999999997,0.10199999999999998,1.5999999999999979,-8.000000000000004,0.04700000000000004,0.08049535603715163,0.12745098039215685,4,0,0,1,0,1
2023,3,Sweet Sixteen,Colorado,Iowa,6,2,-4,-8.850000000000001,-3.24,-15.200000000000003,6.409999999999997,-7.299999999999997,-0.10199999999999998,-1.5999999999999979,8.000000000000004,-0.04700000000000004,-0.08049535603715163,-0.12745098039215685,-4,0,0,0,1,0
2023,4,Elite Eight,Iowa,Louisville,2,5,3,8.29,1.8499999999999996,11.700000000000003,-2.2900000000000063,4.900000000000006,0.09199999999999997,0.8999999999999986,-8.500000000000004,0.056999999999999995,0.13157894736842102,0.16666666666666674,3,0,0,1,0,1
2023,4,Elite Eight,Louisville,Iowa,5,2,-3,-8.29,-1.8499999999999996,-11.700000000000003,2.2900000000000063,-4.900000000000006,-0.09199999999999997,-0.8999999999999986,8.500000000000004,-0.056999999999999995,-0.13157894736842102,-0.16666666666666674,-3,0,0,0,1,0
2023,6,Championship,LSU,Iowa,3,2,-1,1.8900000000000006,-6.970000000000001,-1.2999999999999972,8.969999999999999,-3.299999999999997,-0.08299999999999996,1.6000000000000014,18.599999999999998,0.03799999999999998,0.1286549707602339,0.10416666666666663,0,0,0,0,1,1
2023,6,Championship,Iowa,LSU,2,3,1,-1.8900000000000006,6.970000000000001,1.2999999999999972,-8.969999999999999,3.299999999999997,0.08299999999999996,-1.6000000000000014,-18.599999999999998,-0.03799999999999998,-0.1286549707602339,-0.10416666666666663,0,0,0,1,0,0
2024,1,First Round,South Carolina,Presbyterian,1,16,15,60.88,27.5,30.299999999999997,35.269999999999996,6.3999999999999915,0.09100000000000003,7.799999999999999,11.2,0.03500000000000003,0.41666666666666663,0.5,4,1,0,1,1,1
2024,1,First Round,Presbyterian,South Carolina,16,1,-15,-60.88,-27.5,-30.299999999999997,-35.269999999999996,-6.3999999999999915,-0.09100000000000003,-7.799999999999999,-11.2,-0.03500000000000003,-0.41666666666666663,-0.5,-4,0,1,1,1,0
2024,1,First Round,UNC,Michigan State,8,9,1,-5.73,4.779999999999999,-16.400000000000006,5.1200000000000045,-3.5999999999999943,-0.09800000000000003,-1.5,5.199999999999999,0.01200000000000001,-0.10361681329423267,-0.05555555555555547,0,0,0,0,0,1
2024,1,First Round,Michigan State,UNC,9,8,-1,5.73,-4.779999999999999,16.400000000000006,-5.1200000000000045,3.5999999999999943,0.09800000000000003,1.5,-5.199999999999999,-0.01200000000000001,0.10361681329423267,0.05555555555555547,0,0,0,0,0,0
2024,1,First Round,Oklahoma,Florida Gulf Coast,5,12,7,9.13,18.46,-10.299999999999997,7.8500000000000085,8.700000000000003,-0.03700000000000003,-1.3999999999999986,-0.6999999999999957,-0.08700000000000002,-0.15597147950089119,-0.16666666666666663,0,1,1,0,1,1
2024,1,First Round,Florida Gulf Coast,Oklahoma,12,5,-7,-9.13,-18.46,10.299999999999997,-7.8500000000000085,-8.700000000000003,0.03700000000000003,1.3999999999999986,0.6999999999999957,0.08700000000000002,0.15597147950089119,0.16666666666666663,0,1,1,1,0,0
2024,1,First Round,Indiana,Fairfield,4,13,9,24.47,24.48,8.799999999999997,11.63000000000001,1.2000000000000028,0.03799999999999992,4.300000000000001,-7.900000000000002,0.054999999999999966,-0.12689393939393945,-0.16666666666666663,1,0,1,0,1,1
2024,1,First Round,Fairfield,Indiana,13,4,-9,-24.47,-24.48,-8.799999999999997,-11.63000000000001,-1.2000000000000028,-0.03799999999999992,-4.300000000000001,7.900000000000002,-0.054999999999999966,0.12689393939393945,0.16666666666666663,-1,1,0,1,0,0
2024,1,First Round,Nebraska,Texas A&M,6,11,5,1.5799999999999983,3.040000000000001,6.099999999999994,-3.1599999999999966,-0.5,0.03899999999999998,-0.3999999999999986,-1.8000000000000043,0.04099999999999998,0.06339285714285714,0.23611111111111116,0,0,0,0,0,1
2024,1,First Round,Texas A&M,Nebraska,11,6,-5,-1.5799999999999983,-3.040000000000001,-6.099999999999994,3.1599999999999966,0.5,-0.03899999999999998,0.3999999999999986,1.8000000000000043,-0.04099999999999998,-0.06339285714285714,-0.23611111111111116,0,0,0,0,0,0
2024,1,First Round,Oregon State,Eastern Washington,3,14,11,20.54,20.07,3.9000000000000057,9.480000000000004,-0.8999999999999915,0.066,-3.3000000000000007,-3.1999999999999993,0.04400000000000001,-0.05714285714285716,-0.2222222222222222,0,0,1,0,1,1
2024,1,First Round,Eastern Washington,Oregon State,14,3,-11,-20.54,-20.07,-3.9000000000000057,-9.480000000000004,0.8999999999999915,-0.066,3.3000000000000007,3.1999999999999993,-0.04400000000000001,0.05714285714285716,0.2222222222222222,0,1,0,1,0,0
2024,1,First Round,Ole Miss,Marquette,7,10,3,2.3299999999999983,3.34,-2.5999999999999943,3.8400000000000034,0.20000000000000284,-0.061,0.10000000000000142,10.300000000000004,0.142,0.008522727272727293,0.13888888888888884,2,0,0,0,0,1
2024,1,First Round,Marquette,Ole Miss,10,7,-3,-2.3299999999999983,-3.34,2.5999999999999943,-3.8400000000000034,-0.20000000000000284,0.061,-0.10000000000000142,-10.300000000000004,-0.142,-0.008522727272727293,-0.13888888888888884,-2,0,0,0,0,0
2024,1,First Round,Notre Dame,Kent State,2,15,13,28.04,15.39,4.1000000000000085,23.159999999999997,3.700000000000003,0.019000000000000017,0.10000000000000142,0.7000000000000028,0.01200000000000001,0.14375000000000004,0.016339869281045694,3,0,0,1,1,1
2024,1,First Round,Kent State,Notre Dame,15,2,-13,-28.04,-15.39,-4.1000000000000085,-23.159999999999997,-3.700000000000003,-0.019000000000000017,-0.10000000000000142,-0.7000000000000028,-0.01200000000000001,-0.14375000000000004,-0.016339869281045694,-3,0,0,1,1,0
2024,2,Second Round,South Carolina,UNC,1,8,7,24.310000000000002,0.6800000000000015,19.799999999999997,12.280000000000001,3.6999999999999886,0.08600000000000002,1.200000000000001,9.0,-0.024999999999999967,0.3939393939393939,0.38888888888888884,4,1,0,1,0,1
2024,2,Second Round,UNC,South Carolina,8,1,-7,-24.310000000000002,-0.6800000000000015,-19.799999999999997,-12.280000000000001,-3.6999999999999886,-0.08600000000000002,-1.200000000000001,-9.0,0.024999999999999967,-0.3939393939393939,-0.38888888888888884,-4,0,1,0,1,0
2024,2,Second Round,Indiana,Oklahoma,4,5,1,6.289999999999999,-1.4699999999999989,12.399999999999991,-0.5,-5.8999999999999915,0.09299999999999997,1.3000000000000007,-9.400000000000002,0.05099999999999999,0.11553030303030298,0.0,1,0,1,0,0,1
2024,2,Second Round,Oklahoma,Indiana,5,4,-1,-6.289999999999999,1.4699999999999989,-12.399999999999991,0.5,5.8999999999999915,-0.09299999999999997,-1.3000000000000007,9.400000000000002,-0.05099999999999999,-0.11553030303030298,0.0,-1,1,0,0,0,0
2024,2,Second Round,Oregon State,Nebraska,3,6,3,5.09,2.120000000000001,0.9000000000000057,3.25,-2.799999999999997,0.04300000000000004,-0.6000000000000014,-6.199999999999996,-0.032999999999999974,0.11428571428571432,0.05555555555555547,-1,0,0,0,0,1
2024,2,Second Round,Nebraska,Oregon State,6,3,-3,-5.09,-2.120000000000001,-0.9000000000000057,-3.25,2.799999999999997,-0.04300000000000004,0.6000000000000014,6.199999999999996,0.032999999999999974,-0.11428571428571432,-0.05555555555555547,1,0,0,0,0,0
2024,2,Second Round,Notre Dame,Ole Miss,2,7,5,10.95,2.5500000000000007,8.200000000000003,5.689999999999998,4.1000000000000085,0.055999999999999994,2.1999999999999993,-6.600000000000001,-0.09299999999999997,0.07272727272727275,-0.02777777777777779,1,0,0,1,0,1
2024,2,Second Round,Ole Miss,Notre Dame,7,2,-5,-10.95,-2.5500000000000007,-8.200000000000003,-5.689999999999998,-4.1000000000000085,-0.055999999999999994,-2.1999999999999993,6.600000000000001,0.09299999999999997,-0.07272727272727275,0.02777777777777779,-1,0,0,0,1,0
2024,3,Sweet Sixteen,South Carolina,Indiana,1,4,3,15.770000000000003,1.9900000000000002,4.0,13.569999999999993,2.6999999999999886,-0.03399999999999992,1.799999999999999,14.8,-0.010999999999999954,0.1875,0.16666666666666663,3,1,0,1,0,1
2024,3,Sweet Sixteen,Indiana,South Carolina,4,1,-3,-15.770000000000003,-1.9900000000000002,-4.0,-13.569999999999993,-2.6999999999999886,0.03399999999999992,-1.799999999999999,-14.8,0.010999999999999954,-0.1875,-0.16666666666666663,-3,0,1,0,1,0
2024,3,Sweet Sixteen,Oregon State,Notre Dame,3,2,-1,-4.329999999999998,2.0200000000000014,-1.7000000000000028,-5.429999999999993,-6.700000000000003,0.03300000000000003,-1.6000000000000014,-5.5,-0.029000000000000026,-0.02857142857142858,-0.05555555555555558,-3,0,0,0,1,1
2024,3,Sweet Sixteen,Notre Dame,Oregon State,2,3,1,4.329999999999998,-2.0200000000000014,1.7000000000000028,5.429999999999993,6.700000000000003,-0.03300000000000003,1.6000000000000014,5.5,0.029000000000000026,0.02857142857142858,0.05555555555555558,3,0,0,1,0,0
2024,4,Elite Eight,South Carolina,Oregon State,1,3,2,17.340000000000003,-0.39000000000000057,12.099999999999994,10.299999999999997,6.3999999999999915,0.01100000000000001,3.0000000000000018,11.899999999999999,0.027000000000000024,0.22857142857142854,0.33333333333333337,4,1,0,1,0,1
2024,4,Elite Eight,Oregon State,South Carolina,3,1,-2,-17.340000000000003,0.39000000000000057,-12.099999999999994,-10.299999999999997,-6.3999999999999915,-0.01100000000000001,-3.0000000000000018,-11.899999999999999,-0.027000000000000024,-0.22857142857142854,-0.33333333333333337,-4,0,1,0,1,0
2024,1,First Round,Iowa,Holy Cross,1,16,15,40.57,26.47,23.200000000000003,14.940000000000012,10.400000000000006,0.12999999999999995,0.5999999999999996,-0.8000000000000007,0.07699999999999999,0.25414781297134237,0.2222222222222222,3,0,1,1,1,1
2024,1,First Round,Holy Cross,Iowa,16,1,-15,-40.57,-26.47,-23.200000000000003,-14.940000000000012,-10.400000000000006,-0.12999999999999995,-0.5999999999999996,0.8000000000000007,-0.07699999999999999,-0.25414781297134237,-0.2222222222222222,-3,1,0,1,1,0
2024,1,First Round,West Virginia,Princeton,8,9,1,10.43,7.54,-3.9000000000000057,9.670000000000002,7.299999999999997,0.009000000000000008,-1.3000000000000007,-9.7,0.10600000000000001,-0.0757575757575758,-0.261904761904762,1,0,1,0,1,1
2024,1,First Round,Princeton,West Virginia,9,8,-1,-10.43,-7.54,3.9000000000000057,-9.670000000000002,-7.299999999999997,-0.009000000000000008,1.3000000000000007,9.7,-0.10600000000000001,0.0757575757575758,0.261904761904762,-1,1,0,1,0,0
2024,1,First Round,Colorado,Drake,5,12,7,15.61,15.900000000000002,-1.7999999999999972,13.129999999999995,-4.099999999999994,-0.04500000000000004,3.799999999999997,0.8000000000000007,-0.04199999999999998,-0.12268907563025211,-0.3388888888888888,0,0,1,0,1,1
2024,1,First Round,Drake,Colorado,12,5,-7,-15.61,-15.900000000000002,1.7999999999999972,-13.129999999999995,4.099999999999994,0.04500000000000004,-3.799999999999997,-0.8000000000000007,0.04199999999999998,0.12268907563025211,0.3388888888888888,0,1,0,1,0,0
2024,1,First Round,Kansas State,Portland,4,13,9,21.04,10.65,6.5,12.819999999999993,-1.2999999999999972,0.03200000000000003,3.6000000000000014,-4.0,-0.03899999999999998,0.1470588235294117,0.10588235294117654,1,0,0,0,1,1
2024,1,First Round,Portland,Kansas State,13,4,-9,-21.04,-10.65,-6.5,-12.819999999999993,1.2999999999999972,-0.03200000000000003,-3.6000000000000014,4.0,0.03899999999999998,-0.1470588235294117,-0.10588235294117654,-1,0,0,1,0,0
2024,1,First Round,Middle Tennessee,Louisville,11,6,-5,-7.84,-13.610000000000001,4.5,-3.3400000000000034,-5.199999999999989,0.018000000000000016,3.099999999999998,-6.600000000000001,-0.03700000000000003,0.15126050420168058,0.33333333333333337,-1,1,0,1,0,1
2024,1,First Round,Louisville,Middle Tennessee,6,11,5,7.84,13.610000000000001,-4.5,3.3400000000000034,5.199999999999989,-0.018000000000000016,-3.099999999999998,6.600000000000001,0.03700000000000003,-0.15126050420168058,-0.33333333333333337,1,0,1,0,1,0
2024,1,First Round,LSU,Rice,3,14,11,26.1,7.640000000000001,16.599999999999994,11.169999999999987,6.800000000000011,0.046999999999999986,1.9000000000000021,11.299999999999997,0.132,0.2790143084260731,0.3125,2,0,0,0,1,1
2024,1,First Round,Rice,LSU,14,3,-11,-26.1,-7.640000000000001,-16.599999999999994,-11.169999999999987,-6.800000000000011,-0.046999999999999986,-1.9000000000000021,-11.299999999999997,-0.132,-0.2790143084260731,-0.3125,-2,0,0,1,0,0
2024,1,First Round,Creighton,UNLV,7,10,3,3.5,12.87,-3.9000000000000057,0.9799999999999898,-2.3999999999999915,-0.0040000000000000036,-1.3000000000000007,-4.299999999999997,-0.013000000000000012,-0.09659090909090906,-0.11111111111111105,0,0,1,0,1,1
2024,1,First Round,UNLV,Creighton,10,7,-3,-3.5,-12.87,3.9000000000000057,-0.9799999999999898,2.3999999999999915,0.0040000000000000036,1.3000000000000007,4.299999999999997,0.013000000000000012,0.09659090909090906,0.11111111111111105,0,1,0,1,0,0
2024,1,First Round,UCLA,California Baptist,2,15,13,30.67,23.490000000000002,6.200000000000003,21.97,-6.700000000000003,0.009000000000000008,-1.3999999999999986,15.400000000000002,-0.04299999999999998,-0.08088235294117652,-0.1777777777777778,1,0,1,0,1,1
2024,1,First Round,California Baptist,UCLA,15,2,-13,-30.67,-23.490000000000002,-6.200000000000003,-21.97,6.700000000000003,-0.009000000000000008,1.3999999999999986,-15.400000000000002,0.04299999999999998,0.08088235294117652,0.1777777777777778,-1,1,0,1,0,0
2024,2,Second Round,Iowa,West Virginia,1,8,7,9.529999999999998,6.279999999999999,17.299999999999997,-6.339999999999989,3.700000000000003,0.07399999999999995,2.200000000000001,1.3999999999999986,-0.025000000000000022,0.11421911421911424,0.16666666666666674,2,0,0,1,0,1
2024,2,Second Round,West Virginia,Iowa,8,1,-7,-9.529999999999998,-6.279999999999999,-17.299999999999997,6.339999999999989,-3.700000000000003,-0.07399999999999995,-2.200000000000001,-1.3999999999999986,0.025000000000000022,-0.11421911421911424,-0.16666666666666674,-2,0,0,0,1,0
2024,2,Second Round,Colorado,Kansas State,5,4,-1,0.46000000000000085,3.2500000000000018,5.0,-5.269999999999996,0.29999999999999716,0.0010000000000000009,0.7999999999999972,5.200000000000003,-0.0050000000000000044,-0.05882352941176461,-0.09477124183006536,-1,0,0,0,0,1
2024,2,Second Round,Kansas State,Colorado,4,5,1,-0.46000000000000085,-3.2500000000000018,-5.0,5.269999999999996,-0.29999999999999716,-0.0010000000000000009,-0.7999999999999972,-5.200000000000003,0.0050000000000000044,0.05882352941176461,0.09477124183006536,1,0,0,0,0,0
2024,2,Second Round,LSU,Middle Tennessee,3,11,8,17.330000000000002,10.590000000000002,3.299999999999997,8.129999999999995,11.5,-0.014000000000000012,-0.8999999999999986,12.299999999999997,0.11100000000000004,-0.019305019305019266,-0.1875,2,0,1,0,1,1
2024,2,Second Round,Middle Tennessee,LSU,11,3,-8,-17.330000000000002,-10.590000000000002,-3.299999999999997,-8.129999999999995,-11.5,0.014000000000000012,0.8999999999999986,-12.299999999999997,-0.11100000000000004,0.019305019305019266,0.1875,-2,1,0,1,0,0
2024,2,Second Round,UCLA,Creighton,2,7,5,10.870000000000001,5.290000000000001,-1.1999999999999886,12.170000000000002,3.5999999999999943,-0.020000000000000018,-3.1999999999999993,13.600000000000001,0.04600000000000001,-0.018382352941176516,-0.11111111111111116,1,0,0,0,0,1
2024,2,Second Round,Creighton,UCLA,7,2,-5,-10.870000000000001,-5.290000000000001,1.1999999999999886,-12.170000000000002,-3.5999999999999943,0.020000000000000018,3.1999999999999993,-13.600000000000001,-0.04600000000000001,0.018382352941176516,0.11111111111111116,-1,0,0,0,0,0
2024,3,Sweet Sixteen,Iowa,Colorado,1,5,4,8.439999999999998,0.2799999999999976,13.299999999999997,-2.989999999999995,5.200000000000003,0.06799999999999995,1.0000000000000018,-1.4000000000000021,0.043999999999999984,0.1659125188536953,0.2222222222222222,3,0,0,1,0,1
2024,3,Sweet Sixteen,Colorado,Iowa,5,1,-4,-8.439999999999998,-0.2799999999999976,-13.299999999999997,2.989999999999995,-5.200000000000003,-0.06799999999999995,-1.0000000000000018,1.4000000000000021,-0.043999999999999984,-0.1659125188536953,-0.2222222222222222,-3,0,0,0,1,0
2024,3,Sweet Sixteen,LSU,UCLA,3,2,-1,0.060000000000002274,-6.359999999999999,3.3999999999999915,-3.0900000000000034,6.400000000000006,-0.0050000000000000044,1.0,2.1999999999999957,0.14100000000000001,0.043720190779014345,0.09027777777777779,1,0,0,0,0,1
2024,3,Sweet Sixteen,UCLA,LSU,2,3,1,-0.060000000000002274,6.359999999999999,-3.3999999999999915,3.0900000000000034,-6.400000000000006,0.0050000000000000044,-1.0,-2.1999999999999957,-0.14100000000000001,-0.043720190779014345,-0.09027777777777779,-1,0,0,0,0,0
2024,4,Elite Eight,Iowa,LSU,1,3,2,2.989999999999995,6.489999999999998,7.5,-4.4199999999999875,-1.2000000000000028,0.08399999999999996,0.5999999999999996,-12.2,-0.10200000000000004,0.03395703395703398,0.02083333333333337,1,0,0,1,0,1
2024,4,Elite Eight,LSU,Iowa,3,1,-2,-2.989999999999995,-6.489999999999998,-7.5,4.4199999999999875,1.2000000000000028,-0.08399999999999996,-0.5999999999999996,12.2,0.10200000000000004,-0.03395703395703398,-0.02083333333333337,-1,0,0,0,1,0
2024,1,First Round,USC,TAMUCC,1,16,15,32.55,24.41,12.799999999999997,16.159999999999997,-1.6999999999999886,0.044999999999999984,4.700000000000001,-0.5,-0.068,0.10982142857142863,-0.05555555555555558,4,0,0,1,1,1
2024,1,First Round,TAMUCC,USC,16,1,-15,-32.55,-24.41,-12.799999999999997,-16.159999999999997,1.6999999999999886,-0.044999999999999984,-4.700000000000001,0.5,0.068,-0.10982142857142863,0.05555555555555558,-4,0,0,1,1,0
2024,1,First Round,Kansas,Michigan,8,9,1,1.2399999999999984,3.0700000000000003,-1.5,-0.6200000000000045,-0.5,-0.0030000000000000027,1.1999999999999993,-7.4999999999999964,0.08899999999999997,0.017825311942959,0.11111111111111116,0,0,0,0,0,1
2024,1,First Round,Michigan,Kansas,9,8,-1,-1.2399999999999984,-3.0700000000000003,1.5,0.6200000000000045,0.5,0.0030000000000000027,-1.1999999999999993,7.4999999999999964,-0.08899999999999997,-0.017825311942959,-0.11111111111111116,0,0,0,0,0,0
2024,1,First Round,Baylor,Vanderbilt,5,12,7,11.819999999999997,3.59,4.200000000000003,8.579999999999998,3.3000000000000114,0.04199999999999998,-0.6000000000000014,-0.30000000000000426,-0.03200000000000003,0.06773618538324411,0.10416666666666663,1,0,0,0,0,1
2024,1,First Round,Vanderbilt,Baylor,12,5,-7,-11.819999999999997,-3.59,-4.200000000000003,-8.579999999999998,-3.3000000000000114,-0.04199999999999998,0.6000000000000014,0.30000000000000426,0.03200000000000003,-0.06773618538324411,-0.10416666666666663,-1,0,0,0,0,0
2024,1,First Round,Virginia Tech,Marshall,4,13,9,17.369999999999997,14.21,3.3999999999999915,11.739999999999995,-11.699999999999989,0.025000000000000022,1.0999999999999996,-3.700000000000003,-0.08099999999999999,-0.030303030303030276,-0.16666666666666663,1,1,1,0,1,1
2024,1,First Round,Marshall,Virginia Tech,13,4,-9,-17.369999999999997,-14.21,-3.3999999999999915,-11.739999999999995,11.699999999999989,-0.025000000000000022,-1.0999999999999996,3.700000000000003,0.08099999999999999,0.030303030303030276,0.16666666666666663,-1,1,1,1,0,0
2024,1,First Round,Syracuse,Arizona,6,11,5,-1.5700000000000003,-5.830000000000002,6.099999999999994,-5.320000000000007,1.5,-0.009000000000000008,1.5,9.899999999999999,-0.032999999999999974,0.22058823529411764,0.2777777777777778,-1,0,0,0,0,1
2024,1,First Round,Arizona,Syracuse,11,6,-5,1.5700000000000003,5.830000000000002,-6.099999999999994,5.320000000000007,-1.5,0.009000000000000008,-1.5,-9.899999999999999,0.032999999999999974,-0.22058823529411764,-0.2777777777777778,1,0,0,0,0,0
2024,1,First Round,UConn,Jackson State,3,14,11,32.89,21.17,12.099999999999994,19.13000000000001,-0.29999999999999716,0.11200000000000004,1.3999999999999986,-10.399999999999999,-0.15799999999999997,0.0582750582750583,0.0,4,1,1,1,1,1
2024,1,First Round,Jackson State,UConn,14,3,-11,-32.89,-21.17,-12.099999999999994,-19.13000000000001,0.29999999999999716,-0.11200000000000004,-1.3999999999999986,10.399999999999999,0.15799999999999997,-0.0582750582750583,0.0,-4,1,1,1,1,0
2024,1,First Round,Duke,Richmond,7,10,3,13.61,15.370000000000001,-8.600000000000009,17.779999999999987,0.7999999999999972,-0.06500000000000006,-2.0,12.600000000000001,-0.04299999999999998,-0.18151260504201683,-0.2777777777777777,0,0,1,0,1,1
2024,1,First Round,Richmond,Duke,10,7,-3,-13.61,-15.370000000000001,8.600000000000009,-17.779999999999987,-0.7999999999999972,0.06500000000000006,2.0,-12.600000000000001,0.04299999999999998,0.18151260504201683,0.2777777777777777,0,1,0,1,0,0
2024,1,First Round,Ohio State,Maine,2,15,13,28.71,20.740000000000002,8.0,18.14999999999999,8.800000000000011,0.061,0.5,-6.300000000000001,0.11200000000000002,0.10661764705882348,0.01388888888888884,3,1,1,0,1,1
2024,1,First Round,Maine,Ohio State,15,2,-13,-28.71,-20.740000000000002,-8.0,-18.14999999999999,-8.800000000000011,-0.061,-0.5,6.300000000000001,-0.11200000000000002,-0.10661764705882348,-0.01388888888888884,-3,1,1,1,0,0
2024,2,Second Round,USC,Kansas,1,8,7,9.870000000000001,1.3200000000000003,6.299999999999997,6.969999999999999,1.5,-0.0030000000000000027,2.700000000000001,5.900000000000002,-0.04799999999999999,0.22251082251082255,0.11111111111111105,3,0,0,1,0,1
2024,2,Second Round,Kansas,USC,8,1,-7,-9.870000000000001,-1.3200000000000003,-6.299999999999997,-6.969999999999999,-1.5,0.0030000000000000027,-2.700000000000001,-5.900000000000002,0.04799999999999999,-0.22251082251082255,-0.11111111111111105,-3,0,0,0,1,0
2024,2,Second Round,Baylor,Virginia Tech,5,4,-1,1.3599999999999994,0.4599999999999991,-7.599999999999994,7.859999999999999,5.0,-0.02200000000000002,-2.5000000000000018,1.0,0.033,0.007130124777183555,-0.11111111111111116,0,0,1,0,0,1
2024,2,Second Round,Virginia Tech,Baylor,4,5,1,-1.3599999999999994,-0.4599999999999991,7.599999999999994,-7.859999999999999,-5.0,0.02200000000000002,2.5000000000000018,-1.0,-0.033,-0.007130124777183555,0.11111111111111116,0,1,0,0,0,0
2024,2,Second Round,UConn,Syracuse,3,6,3,17.97,5.280000000000001,8.799999999999997,14.16000000000001,-0.29999999999999716,0.08500000000000008,0.8000000000000007,-9.299999999999997,-0.010000000000000009,0.09615384615384615,0.2777777777777778,4,1,0,1,0,1
2024,2,Second Round,Syracuse,UConn,6,3,-3,-17.97,-5.280000000000001,-8.799999999999997,-14.16000000000001,0.29999999999999716,-0.08500000000000008,-0.8000000000000007,9.299999999999997,0.010000000000000009,-0.09615384615384615,-0.2777777777777778,-4,0,1,0,1,0
2024,2,Second Round,Duke,Ohio State,7,2,-5,-4.219999999999999,0.48999999999999844,-8.800000000000011,2.9399999999999977,-4.800000000000011,-0.03500000000000003,-5.100000000000001,9.400000000000002,-0.07800000000000001,-0.1654411764705882,-0.2777777777777777,-3,0,1,0,0,1
2024,2,Second Round,Ohio State,Duke,2,7,5,4.219999999999999,-0.48999999999999844,8.800000000000011,-2.9399999999999977,4.800000000000011,0.03500000000000003,5.100000000000001,-9.400000000000002,0.07800000000000001,0.1654411764705882,0.2777777777777777,3,1,0,0,0,0
2024,3,Sweet Sixteen,USC,Baylor,1,5,4,1.9700000000000024,3.9200000000000017,3.5999999999999943,-2.200000000000003,-3.5,-0.018000000000000016,3.700000000000001,-2.0999999999999943,0.05199999999999999,0.0638655462184875,0.05555555555555558,3,0,0,1,0,1
2024,3,Sweet Sixteen,Baylor,USC,5,1,-4,-1.9700000000000024,-3.9200000000000017,-3.5999999999999943,2.200000000000003,3.5,0.018000000000000016,-3.700000000000001,2.0999999999999943,-0.05199999999999999,-0.0638655462184875,-0.05555555555555558,-3,0,0,0,1,0
2024,3,Sweet Sixteen,UConn,Duke,3,7,4,10.079999999999998,-0.629999999999999,14.0,1.3000000000000114,2.3000000000000114,0.062000000000000055,5.0,-6.100000000000001,0.009000000000000008,0.19909502262443435,0.38888888888888884,5,1,0,1,0,1
2024,3,Sweet Sixteen,Duke,UConn,7,3,-4,-10.079999999999998,0.629999999999999,-14.0,-1.3000000000000114,-2.3000000000000114,-0.062000000000000055,-5.0,6.100000000000001,-0.009000000000000008,-0.19909502262443435,-0.38888888888888884,-5,0,1,0,1,0
2024,4,Elite Eight,UConn,USC,3,1,-2,7.439999999999998,-1.1600000000000001,6.799999999999997,5.3500000000000085,1.0,0.06900000000000006,-1.4000000000000004,-1.6000000000000014,-0.04899999999999999,0.01758241758241752,0.2777777777777778,1,1,0,1,1,1
2024,4,Elite Eight,USC,UConn,1,3,2,-7.439999999999998,1.1600000000000001,-6.799999999999997,-5.3500000000000085,-1.0,-0.06900000000000006,1.4000000000000004,1.6000000000000014,0.04899999999999999,-0.01758241758241752,-0.2777777777777778,-1,0,1,1,1,0
2024,1,First Round,Texas,Drexel,1,16,15,38.94,17.150000000000002,22.599999999999994,21.810000000000002,7.799999999999997,0.08100000000000002,2.200000000000001,9.799999999999997,0.15100000000000002,0.30959752321981426,0.2222222222222222,0,0,0,1,1,1
2024,1,First Round,Drexel,Texas,16,1,-15,-38.94,-17.150000000000002,-22.599999999999994,-21.810000000000002,-7.799999999999997,-0.08100000000000002,-2.200000000000001,-9.799999999999997,-0.15100000000000002,-0.30959752321981426,-0.2222222222222222,0,0,0,1,1,0
2024,1,First Round,Alabama,Florida State,8,9,1,1.9299999999999997,-1.9499999999999993,1.3999999999999915,2.5700000000000074,-5.200000000000003,0.02999999999999997,-4.9,8.500000000000004,0.04199999999999998,0.02941176470588236,-0.04166666666666663,2,0,0,0,0,1
2024,1,First Round,Florida State,Alabama,9,8,-1,-1.9299999999999997,1.9499999999999993,-1.3999999999999915,-2.5700000000000074,5.200000000000003,-0.02999999999999997,4.9,-8.500000000000004,-0.04199999999999998,-0.02941176470588236,0.04166666666666663,-2,0,0,0,0,0
2024,1,First Round,Utah,South Dakota State,5,12,7,15.5,14.99,4.5,4.800000000000011,0.6000000000000085,0.020000000000000018,1.3999999999999986,0.20000000000000284,-0.12200000000000003,-0.14171122994652408,-0.38888888888888884,1,0,1,0,1,1
2024,1,First Round,South Dakota State,Utah,12,5,-7,-15.5,-14.99,-4.5,-4.800000000000011,-0.6000000000000085,-0.020000000000000018,-1.3999999999999986,-0.20000000000000284,0.12200000000000003,0.14171122994652408,0.38888888888888884,-1,1,0,1,0,0
2024,1,First Round,Gonzaga,UC Irvine,4,13,9,23.45,11.1,23.39999999999999,4.509999999999991,1.0,0.12300000000000005,1.6999999999999993,2.6000000000000014,-0.03699999999999998,0.17013888888888884,0.21052631578947367,3,1,0,0,1,1
2024,1,First Round,UC Irvine,Gonzaga,13,4,-9,-23.45,-11.1,-23.39999999999999,-4.509999999999991,-1.0,-0.12300000000000005,-1.6999999999999993,-2.6000000000000014,0.03699999999999998,-0.17013888888888884,-0.21052631578947367,-3,0,1,1,0,0
2024,1,First Round,Tennessee,Green Bay,6,11,5,10.319999999999999,18.779999999999998,-8.200000000000003,6.739999999999995,7.3999999999999915,-0.04800000000000004,-2.700000000000001,5.400000000000002,0.035999999999999976,-0.1880570409982174,-0.22499999999999998,1,0,0,0,1,1
2024,1,First Round,Green Bay,Tennessee,11,6,-5,-10.319999999999999,-18.779999999999998,8.200000000000003,-6.739999999999995,-7.3999999999999915,0.04800000000000004,2.700000000000001,-5.400000000000002,-0.035999999999999976,0.1880570409982174,0.22499999999999998,-1,0,0,1,0,0
2024,1,First Round,NC State,Chattanooga,3,14,11,27.61,23.06,1.2000000000000028,19.22,7.700000000000003,-0.03500000000000003,3.0999999999999996,5.5,-0.014000000000000012,-0.032695374800638,-0.2063492063492064,2,0,1,0,1,1
2024,1,First Round,Chattanooga,NC State,14,3,-11,-27.61,-23.06,-1.2000000000000028,-19.22,-7.700000000000003,0.03500000000000003,-3.0999999999999996,-5.5,0.014000000000000012,0.032695374800638,0.2063492063492064,-2,1,0,1,0,0
2024,1,First Round,Iowa State,Maryland,7,10,3,0.33999999999999986,-1.2699999999999996,1.6000000000000085,-1.559999999999988,-4.1000000000000085,0.05500000000000005,-2.6999999999999993,-3.700000000000003,-0.05299999999999999,0.06060606060606055,0.1470588235294118,-1,0,0,0,0,1
2024,1,First Round,Maryland,Iowa State,10,7,-3,-0.33999999999999986,1.2699999999999996,-1.6000000000000085,1.559999999999988,4.1000000000000085,-0.05500000000000005,2.6999999999999993,3.700000000000003,0.05299999999999999,-0.06060606060606055,-0.1470588235294118,1,0,0,0,0,0
2024,1,First Round,Stanford,Norfolk State,2,15,13,32.61,27.73,14.599999999999994,15.530000000000001,0.0,0.07100000000000001,1.5,3.6000000000000014,-0.029000000000000026,0.015151515151515138,-0.09523809523809523,1,1,1,0,1,1
2024,1,First Round,Norfolk State,Stanford,15,2,-13,-32.61,-27.73,-14.599999999999994,-15.530000000000001,0.0,-0.07100000000000001,-1.5,-3.6000000000000014,0.029000000000000026,-0.015151515151515138,0.09523809523809523,-1,1,1,1,0,0
2024,2,Second Round,Texas,Alabama,1,8,7,14.689999999999998,3.210000000000001,9.400000000000006,8.89,0.20000000000000284,0.027000000000000024,1.9000000000000004,5.799999999999997,0.028000000000000025,0.16253869969040247,0.1527777777777778,-3,0,0,1,0,1
2024,2,Second Round,Alabama,Texas,8,1,-7,-14.689999999999998,-3.210000000000001,-9.400000000000006,-8.89,-0.20000000000000284,-0.027000000000000024,-1.9000000000000004,-5.799999999999997,-0.028000000000000025,-0.16253869969040247,-0.1527777777777778,3,0,0,0,1,0
2024,2,Second Round,Gonzaga,Utah,4,5,1,-2.379999999999999,-8.82,6.099999999999994,-4.440000000000012,-1.4000000000000057,-0.0010000000000000009,0.8000000000000007,6.799999999999997,0.03,0.21241830065359468,0.38888888888888884,2,1,0,0,0,1
2024,2,Second Round,Utah,Gonzaga,5,4,-1,2.379999999999999,8.82,-6.099999999999994,4.440000000000012,1.4000000000000057,0.0010000000000000009,-0.8000000000000007,-6.799999999999997,-0.03,-0.21241830065359468,-0.38888888888888884,-2,0,1,0,0,0
2024,2,Second Round,NC State,Tennessee,3,6,3,5.870000000000001,-0.2699999999999996,-1.0999999999999943,9.159999999999997,-2.3999999999999915,-0.014000000000000012,2.700000000000001,-5.900000000000002,0.007000000000000006,0.20972886762360443,0.09722222222222221,1,0,0,0,0,1
2024,2,Second Round,Tennessee,NC State,6,3,-3,-5.870000000000001,0.2699999999999996,1.0999999999999943,-9.159999999999997,2.3999999999999915,0.014000000000000012,-2.700000000000001,5.900000000000002,-0.007000000000000006,-0.20972886762360443,-0.09722222222222221,-1,0,0,0,0,0
2024,2,Second Round,Stanford,Iowa State,2,7,5,10.959999999999997,-0.2699999999999996,8.199999999999989,8.239999999999995,-3.3999999999999915,-0.020000000000000018,4.800000000000001,8.600000000000001,-0.029000000000000026,0.19696969696969702,0.18627450980392157,1,1,0,0,0,1
2024,2,Second Round,Iowa State,Stanford,7,2,-5,-10.959999999999997,0.2699999999999996,-8.199999999999989,-8.239999999999995,3.3999999999999915,0.020000000000000018,-4.800000000000001,-8.600000000000001,0.029000000000000026,-0.19696969696969702,-0.18627450980392157,-1,0,1,0,0,0
2024,3,Sweet Sixteen,Texas,Gonzaga,1,4,3,10.169999999999998,7.410000000000001,-4.299999999999997,12.52000000000001,3.200000000000003,-0.03500000000000003,0.40000000000000036,3.1000000000000014,0.09200000000000003,-0.020467836257309857,-0.2222222222222222,-3,0,1,1,0,1
2024,3,Sweet Sixteen,Gonzaga,Texas,4,1,-3,-10.169999999999998,-7.410000000000001,4.299999999999997,-12.52000000000001,-3.200000000000003,0.03500000000000003,-0.40000000000000036,-3.1000000000000014,-0.09200000000000003,0.020467836257309857,0.2222222222222222,3,1,0,0,1,0
2024,3,Sweet Sixteen,NC State,Stanford,3,2,-1,-3.4899999999999984,1.2699999999999996,-10.099999999999994,2.8499999999999943,3.0,-0.04700000000000004,0.5999999999999996,-9.400000000000002,0.064,-0.01754385964912286,-0.11111111111111116,1,0,1,0,0,1
2024,3,Sweet Sixteen,Stanford,NC State,2,3,1,3.4899999999999984,-1.2699999999999996,10.099999999999994,-2.8499999999999943,-3.0,0.04700000000000004,-0.5999999999999996,9.400000000000002,-0.064,0.01754385964912286,0.11111111111111116,-1,1,0,0,0,0
2024,4,Elite Eight,NC State,Texas,3,1,-2,-6.059999999999999,3.6499999999999986,-10.5,-1.1000000000000085,0.20000000000000284,-0.04800000000000004,1.5,-12.8,-0.03500000000000003,-0.052631578947368474,-0.05555555555555558,2,0,0,0,1,1
2024,4,Elite Eight,Texas,NC State,1,3,2,6.059999999999999,-3.6499999999999986,10.5,1.1000000000000085,-0.20000000000000284,0.04800000000000004,-1.5,12.8,0.03500000000000003,0.052631578947368474,0.05555555555555558,-2,0,0,1,0,0
2024,6,Championship,South Carolina,Iowa,1,1,0,8.220000000000006,-1.5799999999999983,-2.5,14.069999999999993,-2.6000000000000085,-0.03699999999999992,1.0,9.3,-0.02799999999999997,0.1282051282051282,0.16666666666666663,1,1,0,1,1,1
2024,6,Championship,Iowa,South Carolina,1,1,0,-8.220000000000006,1.5799999999999983,2.5,-14.069999999999993,2.6000000000000085,0.03699999999999992,-1.0,-9.3,0.02799999999999997,-0.1282051282051282,-0.16666666666666663,-1,0,1,1,1,0
2025,1,First Round,South Carolina,Tennessee Tech,1,16,15,43.83,29.27,10.0,31.050000000000004,0.9000000000000057,0.019000000000000017,5.600000000000001,4.0,-0.09799999999999998,0.08493589743589747,0.03749999999999998,3,1,1,1,1,1
2025,1,First Round,Tennessee Tech,South Carolina,16,1,-15,-43.83,-29.27,-10.0,-31.050000000000004,-0.9000000000000057,-0.019000000000000017,-5.600000000000001,-4.0,0.09799999999999998,-0.08493589743589747,-0.03749999999999998,-3,1,1,1,1,0
2025,1,First Round,Indiana,Utah,9,8,-1,-2.580000000000002,4.57,-6.400000000000006,0.7800000000000011,-1.5,-0.02400000000000002,0.8000000000000007,-9.100000000000001,0.01599999999999996,-0.10361681329423267,-0.16666666666666663,0,0,0,0,0,1
2025,1,First Round,Utah,Indiana,8,9,1,2.580000000000002,-4.57,6.400000000000006,-0.7800000000000011,1.5,0.02400000000000002,-0.8000000000000007,9.100000000000001,-0.01599999999999996,0.10361681329423267,0.16666666666666663,0,0,0,0,0,0
2025,1,First Round,Alabama,Green Bay,5,12,7,20.63,16.18,4.199999999999989,12.850000000000009,7.0,0.041000000000000036,-2.0,3.799999999999997,0.029000000000000026,-0.10129870129870133,-0.32499999999999996,3,0,1,0,1,1
2025,1,First Round,Green Bay,Alabama,12,5,-7,-20.63,-16.18,-4.199999999999989,-12.850000000000009,-7.0,-0.041000000000000036,2.0,-3.799999999999997,-0.029000000000000026,0.10129870129870133,0.32499999999999996,-3,1,0,1,0,0
2025,1,First Round,Maryland,Norfolk State,4,13,9,18.03,23.509999999999998,3.8999999999999915,3.969999999999999,2.4000000000000057,0.020000000000000018,-1.8999999999999986,3.0,0.121,-0.09956709956709953,-0.2777777777777778,1,0,1,0,1,1
2025,1,First Round,Norfolk State,Maryland,13,4,-9,-18.03,-23.509999999999998,-3.8999999999999915,-3.969999999999999,-2.4000000000000057,-0.020000000000000018,1.8999999999999986,-3.0,-0.121,0.09956709956709953,0.2777777777777778,-1,1,0,1,0,0
2025,1,First Round,West Virginia,Columbia,6,11,5,15.779999999999998,9.81,-2.0,16.91000000000001,3.8999999999999915,0.007000000000000006,-2.0,-6.400000000000006,0.04799999999999999,-0.016617790811339184,-0.2063492063492064,1,0,1,0,0,1
2025,1,First Round,Columbia,West Virginia,11,6,-5,-15.779999999999998,-9.81,2.0,-16.91000000000001,-3.8999999999999915,-0.007000000000000006,2.0,6.400000000000006,-0.04799999999999999,0.016617790811339184,0.2063492063492064,-1,1,0,0,0,0
2025,1,First Round,UNC,Oregon State,3,14,11,24.08,11.76,6.700000000000003,17.49000000000001,4.0,0.021999999999999964,4.300000000000001,-0.6999999999999993,-0.04899999999999999,0.24092664092664096,0.12222222222222223,0,0,0,0,1,1
2025,1,First Round,Oregon State,UNC,14,3,-11,-24.08,-11.76,-6.700000000000003,-17.49000000000001,-4.0,-0.021999999999999964,-4.300000000000001,0.6999999999999993,0.04899999999999999,-0.24092664092664096,-0.12222222222222223,0,0,0,1,0,0
2025,1,First Round,Oregon,Vanderbilt,10,7,-3,-6.079999999999998,3.1999999999999993,-13.200000000000003,5.030000000000001,-4.800000000000011,-0.031000000000000028,-1.5000000000000018,-6.799999999999997,-0.022999999999999965,-0.04166666666666663,0.05555555555555558,0,0,0,0,0,1
2025,1,First Round,Vanderbilt,Oregon,7,10,3,6.079999999999998,-3.1999999999999993,13.200000000000003,-5.030000000000001,4.800000000000011,0.031000000000000028,1.5000000000000018,6.799999999999997,0.022999999999999965,0.04166666666666663,-0.05555555555555558,0,0,0,0,0,0
2025,1,First Round,Duke,Lehigh,2,15,13,33.519999999999996,26.19,3.5,27.439999999999998,1.4000000000000057,-0.02200000000000002,2.200000000000003,14.7,-0.045999999999999985,-0.010333863275039712,-0.05555555555555558,0,0,1,1,1,1
2025,1,First Round,Lehigh,Duke,15,2,-13,-33.519999999999996,-26.19,-3.5,-27.439999999999998,-1.4000000000000057,0.02200000000000002,-2.200000000000003,-14.7,0.045999999999999985,0.010333863275039712,0.05555555555555558,0,1,0,1,1,0
2025,2,Second Round,South Carolina,Indiana,1,9,8,20.98,5.629999999999999,10.700000000000003,14.800000000000004,1.7000000000000028,-0.015000000000000013,4.199999999999999,16.8,-0.01799999999999996,0.2913752913752914,0.3819444444444444,3,1,0,1,0,1
2025,2,Second Round,Indiana,South Carolina,9,1,-8,-20.98,-5.629999999999999,-10.700000000000003,-14.800000000000004,-1.7000000000000028,0.015000000000000013,-4.199999999999999,-16.8,0.01799999999999996,-0.2913752913752914,-0.3819444444444444,-3,0,1,0,1,0
2025,2,Second Round,Maryland,Alabama,4,5,1,-2.849999999999998,2.139999999999999,-0.5,-6.260000000000005,1.5,-0.02300000000000002,-1.3999999999999986,5.800000000000004,0.08799999999999997,0.030303030303030276,0.09722222222222221,-2,0,0,0,0,1
2025,2,Second Round,Alabama,Maryland,5,4,-1,2.849999999999998,-2.139999999999999,0.5,6.260000000000005,-1.5,0.02300000000000002,1.3999999999999986,-5.800000000000004,-0.08799999999999997,-0.030303030303030276,-0.09722222222222221,2,0,0,0,0,0
2025,2,Second Round,UNC,West Virginia,3,6,3,-3.919999999999998,3.119999999999999,-5.199999999999989,-1.0799999999999983,-1.8999999999999915,-0.02400000000000002,2.6999999999999993,-5.299999999999997,-0.066,0.026208026208026203,0.0,-1,0,0,0,0,1
2025,2,Second Round,West Virginia,UNC,6,3,-3,3.919999999999998,-3.119999999999999,5.199999999999989,1.0799999999999983,1.8999999999999915,0.02400000000000002,-2.6999999999999993,5.299999999999997,0.066,-0.026208026208026203,0.0,1,0,0,0,0,0
2025,2,Second Round,Duke,Oregon,2,10,8,12.589999999999996,1.5600000000000023,5.799999999999997,11.120000000000005,0.4000000000000057,0.020000000000000018,-0.7999999999999972,9.899999999999999,-0.017000000000000015,0.15878378378378377,0.2222222222222222,0,0,0,1,0,1
2025,2,Second Round,Oregon,Duke,10,2,-8,-12.589999999999996,-1.5600000000000023,-5.799999999999997,-11.120000000000005,-0.4000000000000057,-0.020000000000000018,0.7999999999999972,-9.899999999999999,0.017000000000000015,-0.15878378378378377,-0.2222222222222222,0,0,0,0,1,0
2025,3,Sweet Sixteen,South Carolina,Maryland,1,4,3,18.13,7.07,3.200000000000003,18.82,-2.700000000000003,-0.0030000000000000027,3.8999999999999986,-0.20000000000000284,-0.09999999999999998,0.1398601398601399,0.2152777777777778,2,1,0,1,0,1
2025,3,Sweet Sixteen,Maryland,South Carolina,4,1,-3,-18.13,-7.07,-3.200000000000003,-18.82,2.700000000000003,0.0030000000000000027,-3.8999999999999986,0.20000000000000284,0.09999999999999998,-0.1398601398601399,-0.2152777777777778,-2,0,1,0,1,0
2025,3,Sweet Sixteen,Duke,UNC,2,3,1,7.209999999999997,3.5900000000000016,3.1999999999999886,5.549999999999997,0.29999999999999716,0.009000000000000008,-1.6999999999999993,9.5,0.0050000000000000044,0.0,0.05555555555555558,0,0,0,1,0,1
2025,3,Sweet Sixteen,UNC,Duke,3,2,-1,-7.209999999999997,-3.5900000000000016,-3.1999999999999886,-5.549999999999997,-0.29999999999999716,-0.009000000000000008,1.6999999999999993,-9.5,-0.0050000000000000044,0.0,-0.05555555555555558,0,0,0,0,1,0
2025,4,Elite Eight,South Carolina,Duke,1,2,1,9.090000000000003,3.9599999999999973,8.200000000000003,1.4499999999999957,1.2000000000000028,0.02100000000000002,2.8999999999999986,-2.0,0.019000000000000017,0.1136521136521137,0.1597222222222222,3,1,0,1,1,1
2025,4,Elite Eight,Duke,South Carolina,2,1,-1,-9.090000000000003,-3.9599999999999973,-8.200000000000003,-1.4499999999999957,-1.2000000000000028,-0.02100000000000002,-2.8999999999999986,2.0,-0.019000000000000017,-0.1136521136521137,-0.1597222222222222,-3,0,1,1,1,0
2025,1,First Round,Texas,William & Mary,1,16,15,52.46,24.79,23.10000000000001,34.41,0.09999999999999432,0.04799999999999999,4.799999999999999,13.399999999999999,0.11500000000000002,0.44029304029304034,0.4930555555555556,0,1,0,0,1,1
2025,1,First Round,William & Mary,Texas,16,1,-15,-52.46,-24.79,-23.10000000000001,-34.41,-0.09999999999999432,-0.04799999999999999,-4.799999999999999,-13.399999999999999,-0.11500000000000002,-0.44029304029304034,-0.4930555555555556,0,0,1,1,0,0
2025,1,First Round,Illinois,Creighton,8,9,1,1.509999999999998,0.9200000000000017,-3.5999999999999943,5.200000000000003,0.8000000000000114,-0.04200000000000004,-1.3000000000000007,5.0,0.136,-0.10037878787878785,-0.2777777777777777,0,0,0,0,0,1
2025,1,First Round,Creighton,Illinois,9,8,-1,-1.509999999999998,-0.9200000000000017,3.5999999999999943,-5.200000000000003,-0.8000000000000114,0.04200000000000004,1.3000000000000007,-5.0,-0.136,0.10037878787878785,0.2777777777777777,0,0,0,0,0,0
2025,1,First Round,Tennessee,South Florida,5,12,7,22.5,10.329999999999998,13.400000000000006,10.600000000000009,11.400000000000006,0.04799999999999999,3.099999999999998,4.200000000000003,-0.035,0.02941176470588236,-0.2647058823529411,0,0,0,0,1,1
2025,1,First Round,South Florida,Tennessee,12,5,-7,-22.5,-10.329999999999998,-13.400000000000006,-10.600000000000009,-11.400000000000006,-0.04799999999999999,-3.099999999999998,-4.200000000000003,0.035,-0.02941176470588236,0.2647058823529411,0,0,0,1,0,0
2025,1,First Round,Ohio State,Montana State,4,13,9,17.689999999999998,17.22,2.5999999999999943,9.61,3.8000000000000114,0.017000000000000015,2.8999999999999986,-3.799999999999997,0.006000000000000005,-0.09447415329768272,-0.2222222222222222,1,0,1,0,1,1
2025,1,First Round,Montana State,Ohio State,13,4,-9,-17.689999999999998,-17.22,-2.5999999999999943,-9.61,-3.8000000000000114,-0.017000000000000015,-2.8999999999999986,3.799999999999997,-0.006000000000000005,0.09447415329768272,0.2222222222222222,-1,1,0,1,0,0
2025,1,First Round,Michigan,Iowa State,6,11,5,5.18,3.5200000000000014,-1.4000000000000057,6.47999999999999,2.0,-0.03300000000000003,0.10000000000000142,7.900000000000002,-0.05299999999999999,0.019327731092437017,-0.05555555555555547,1,0,0,0,0,1
2025,1,First Round,Iowa State,Michigan,11,6,-5,-5.18,-3.5200000000000014,1.4000000000000057,-6.47999999999999,-2.0,0.03300000000000003,-0.10000000000000142,-7.900000000000002,0.05299999999999999,-0.019327731092437017,0.05555555555555547,-1,0,0,0,0,0
2025,1,First Round,Notre Dame,Stephen F. Austin,3,14,11,33.94,22.35,6.700000000000003,25.260000000000005,1.6999999999999886,0.0010000000000000009,4.599999999999998,2.5,-0.10399999999999998,-0.005042016806722782,0.0888888888888888,3,1,0,0,1,1
2025,1,First Round,Stephen F. Austin,Notre Dame,14,3,-11,-33.94,-22.35,-6.700000000000003,-25.260000000000005,-1.6999999999999886,-0.0010000000000000009,-4.599999999999998,-2.5,0.10399999999999998,0.005042016806722782,-0.0888888888888888,-3,0,1,1,0,0
2025,1,First Round,Louisville,Nebraska,7,10,3,0.629999999999999,3.599999999999998,-6.099999999999994,3.9099999999999966,0.4000000000000057,-0.04600000000000004,-0.3999999999999986,4.600000000000001,-0.01699999999999996,0.030303030303030276,0.16666666666666663,0,0,0,0,0,1
2025,1,First Round,Nebraska,Louisville,10,7,-3,-0.629999999999999,-3.599999999999998,6.099999999999994,-3.9099999999999966,-0.4000000000000057,0.04600000000000004,0.3999999999999986,-4.600000000000001,0.01699999999999996,-0.030303030303030276,-0.16666666666666663,0,0,0,0,0,0
2025,1,First Round,TCU,FDU,2,15,13,38.059999999999995,29.56,8.899999999999991,21.439999999999998,3.5,0.06900000000000006,-0.6000000000000014,-1.0,0.024999999999999994,0.01594896331738438,-0.11111111111111116,2,1,1,1,1,1
2025,1,First Round,FDU,TCU,15,2,-13,-38.059999999999995,-29.56,-8.899999999999991,-21.439999999999998,-3.5,-0.06900000000000006,0.6000000000000014,1.0,-0.024999999999999994,-0.01594896331738438,0.11111111111111116,-2,1,1,1,1,0
2025,2,Second Round,Texas,Illinois,1,8,7,17.660000000000004,4.609999999999999,7.200000000000003,13.14,2.3999999999999915,0.0020000000000000018,0.9000000000000004,12.0,0.015000000000000013,0.20993589743589747,0.32638888888888884,0,1,0,0,0,1
2025,2,Second Round,Illinois,Texas,8,1,-7,-17.660000000000004,-4.609999999999999,-7.200000000000003,-13.14,-2.3999999999999915,-0.0020000000000000018,-0.9000000000000004,-12.0,-0.015000000000000013,-0.20993589743589747,-0.32638888888888884,0,0,1,0,0,0
2025,2,Second Round,Tennessee,Ohio State,5,4,-1,4.110000000000003,1.839999999999998,5.6000000000000085,-2.5600000000000023,4.599999999999994,0.0030000000000000027,0.5,9.5,-0.08399999999999999,-0.08199643493761133,-0.2222222222222222,-1,0,0,0,0,1
2025,2,Second Round,Ohio State,Tennessee,4,5,1,-4.110000000000003,-1.839999999999998,-5.6000000000000085,2.5600000000000023,-4.599999999999994,-0.0030000000000000027,-0.5,-9.5,0.08399999999999999,0.08199643493761133,0.2222222222222222,1,0,0,0,0,0
2025,2,Second Round,Notre Dame,Michigan,3,6,3,11.729999999999997,0.48999999999999844,5.6000000000000085,9.690000000000012,1.5999999999999943,0.028000000000000025,1.0999999999999979,1.2999999999999972,-0.03300000000000003,0.1470588235294117,0.2777777777777777,2,1,0,0,0,1
2025,2,Second Round,Michigan,Notre Dame,6,3,-3,-11.729999999999997,-0.48999999999999844,-5.6000000000000085,-9.690000000000012,-1.5999999999999943,-0.028000000000000025,-1.0999999999999979,-1.2999999999999972,0.03300000000000003,-0.1470588235294117,-0.2777777777777777,-2,0,1,0,0,0
2025,2,Second Round,TCU,Louisville,2,7,5,10.329999999999998,-4.449999999999999,13.599999999999994,4.239999999999995,-3.6000000000000085,0.08200000000000007,2.1999999999999993,-4.700000000000003,-0.018000000000000016,0.22807017543859653,0.16666666666666663,2,1,0,1,0,1
2025,2,Second Round,Louisville,TCU,7,2,-5,-10.329999999999998,4.449999999999999,-13.599999999999994,-4.239999999999995,3.6000000000000085,-0.08200000000000007,-2.1999999999999993,4.700000000000003,0.018000000000000016,-0.22807017543859653,-0.16666666666666663,-2,0,1,0,1,0
2025,3,Sweet Sixteen,Texas,Tennessee,1,5,4,7.170000000000002,1.990000000000002,0.0,10.420000000000002,-8.200000000000003,-0.02200000000000002,-0.29999999999999893,3.0,0.11000000000000001,0.19155354449472095,0.4375,0,1,0,0,0,1
2025,3,Sweet Sixteen,Tennessee,Texas,5,1,-4,-7.170000000000002,-1.990000000000002,0.0,-10.420000000000002,8.200000000000003,0.02200000000000002,0.29999999999999893,-3.0,-0.11000000000000001,-0.19155354449472095,-0.4375,0,0,1,0,0,0
2025,3,Sweet Sixteen,TCU,Notre Dame,2,3,1,-6.890000000000001,-3.5,3.3999999999999915,-8.970000000000013,-8.299999999999997,0.016000000000000014,0.8000000000000007,-1.6000000000000014,0.01200000000000001,0.07120743034055732,0.0,-1,1,1,1,0,1
2025,3,Sweet Sixteen,Notre Dame,TCU,3,2,-1,6.890000000000001,3.5,-3.3999999999999915,8.970000000000013,8.299999999999997,-0.016000000000000014,-0.8000000000000007,1.6000000000000014,-0.01200000000000001,-0.07120743034055732,0.0,1,1,1,0,1,0
2025,4,Elite Eight,Texas,TCU,1,2,1,8.080000000000005,5.460000000000001,-4.199999999999989,10.77000000000001,3.5,-0.07000000000000006,0.7000000000000011,8.600000000000001,0.07800000000000001,0.0026990553306343035,0.04861111111111116,-2,1,1,0,1,1
2025,4,Elite Eight,TCU,Texas,2,1,-1,-8.080000000000005,-5.460000000000001,4.199999999999989,-10.77000000000001,-3.5,0.07000000000000006,-0.7000000000000011,-8.600000000000001,-0.07800000000000001,-0.0026990553306343035,-0.04861111111111116,2,1,1,1,0,0
2025,1,First Round,UCLA,Southern,1,16,15,42.67,21.93,24.599999999999994,21.429999999999993,2.1000000000000085,0.12500000000000006,0.3000000000000007,9.699999999999996,-0.04099999999999998,0.3355855855855856,0.04901960784313719,0,0,1,1,1,1
2025,1,First Round,Southern,UCLA,16,1,-15,-42.67,-21.93,-24.599999999999994,-21.429999999999993,-2.1000000000000085,-0.12500000000000006,-0.3000000000000007,-9.699999999999996,0.04099999999999998,-0.3355855855855856,-0.04901960784313719,0,1,0,1,1,0
2025,1,First Round,Richmond,Georgia Tech,8,9,1,-4.870000000000001,-7.8999999999999995,2.4000000000000057,-3.299999999999997,-4.699999999999989,0.08299999999999996,-5.500000000000002,-5.300000000000001,0.04400000000000001,0.13333333333333341,0.4444444444444444,0,1,0,0,0,1
2025,1,First Round,Georgia Tech,Richmond,9,8,-1,4.870000000000001,7.8999999999999995,-2.4000000000000057,3.299999999999997,4.699999999999989,-0.08299999999999996,5.500000000000002,5.300000000000001,-0.04400000000000001,-0.13333333333333341,-0.4444444444444444,0,0,1,0,0,0
2025,1,First Round,Ole Miss,Ball State,5,12,7,19.98,13.95,4.599999999999994,12.790000000000006,-0.20000000000000284,-0.03400000000000003,2.6999999999999993,12.899999999999999,0.038000000000000034,-0.10476190476190483,-0.26388888888888884,1,0,1,0,1,1
2025,1,First Round,Ball State,Ole Miss,12,5,-7,-19.98,-13.95,-4.599999999999994,-12.790000000000006,0.20000000000000284,0.03400000000000003,-2.6999999999999993,-12.899999999999999,-0.038000000000000034,0.10476190476190483,0.26388888888888884,-1,1,0,1,0,0
2025,1,First Round,Baylor,Grand Canyon,4,13,9,17.4,17.21,-0.19999999999998863,13.260000000000005,0.29999999999999716,-0.04200000000000004,2.6999999999999993,4.399999999999999,0.014999999999999958,-0.13650793650793647,-0.16666666666666663,1,0,1,0,1,1
2025,1,First Round,Grand Canyon,Baylor,13,4,-9,-17.4,-17.21,0.19999999999998863,-13.260000000000005,-0.29999999999999716,0.04200000000000004,-2.6999999999999993,-4.399999999999999,-0.014999999999999958,0.13650793650793647,0.16666666666666663,-1,1,0,1,0,0
2025,1,First Round,Florida State,George Mason,6,11,5,13.149999999999999,12.12,5.400000000000006,4.060000000000002,8.899999999999991,0.025000000000000022,2.0,-3.3000000000000043,-0.03999999999999998,-0.09090909090909094,-0.05555555555555558,1,0,0,0,1,1
2025,1,First Round,George Mason,Florida State,11,6,-5,-13.149999999999999,-12.12,-5.400000000000006,-4.060000000000002,-8.899999999999991,-0.025000000000000022,-2.0,3.3000000000000043,0.03999999999999998,0.09090909090909094,0.05555555555555558,-1,0,0,1,0,0
2025,1,First Round,LSU,San Diego State,3,14,11,29.810000000000002,15.35,11.400000000000006,16.75,8.299999999999997,0.015000000000000013,1.299999999999999,13.100000000000001,0.029000000000000026,0.12355212355212353,0.13888888888888884,1,0,0,0,1,1
2025,1,First Round,San Diego State,LSU,14,3,-11,-29.810000000000002,-15.35,-11.400000000000006,-16.75,-8.299999999999997,-0.015000000000000013,-1.299999999999999,-13.100000000000001,-0.029000000000000026,-0.12355212355212353,-0.13888888888888884,-1,0,0,1,0,0
2025,1,First Round,Michigan State,Harvard,7,10,3,11.86,13.82,0.5,4.740000000000009,9.0,0.019000000000000017,-1.9999999999999982,-3.6000000000000014,0.11600000000000002,-0.1400862068965517,-0.17460317460317454,-1,0,0,0,1,1
2025,1,First Round,Harvard,Michigan State,10,7,-3,-11.86,-13.82,-0.5,-4.740000000000009,-9.0,-0.019000000000000017,1.9999999999999982,3.6000000000000014,-0.11600000000000002,0.1400862068965517,0.17460317460317454,1,0,0,1,0,0
2025,1,First Round,NC State,Vermont,2,15,13,25.82,22.84,6.599999999999994,14.540000000000006,11.0,-0.01200000000000001,4.300000000000001,3.3999999999999986,0.05100000000000002,0.1823529411764706,0.07638888888888884,2,1,0,0,1,1
2025,1,First Round,Vermont,NC State,15,2,-13,-25.82,-22.84,-6.599999999999994,-14.540000000000006,-11.0,0.01200000000000001,-4.300000000000001,-3.3999999999999986,-0.05100000000000002,-0.1823529411764706,-0.07638888888888884,-2,0,1,1,0,0
2025,2,Second Round,UCLA,Richmond,1,8,7,18.300000000000004,13.48,1.2999999999999972,15.0,4.5,-0.04399999999999993,1.6000000000000014,11.599999999999998,0.015000000000000013,0.11891891891891893,-0.06209150326797386,0,0,1,1,0,1
2025,2,Second Round,Richmond,UCLA,8,1,-7,-18.300000000000004,-13.48,-1.2999999999999972,-15.0,-4.5,0.04399999999999993,-1.6000000000000014,-11.599999999999998,-0.015000000000000013,-0.11891891891891893,0.06209150326797386,0,1,0,0,1,0
2025,2,Second Round,Ole Miss,Baylor,5,4,-1,1.4100000000000001,2.3900000000000006,-0.6000000000000085,0.5799999999999983,-1.0999999999999943,-0.03400000000000003,0.8000000000000007,5.299999999999997,0.038000000000000034,-0.11111111111111116,-0.20833333333333337,0,0,0,0,0,1
2025,2,Second Round,Baylor,Ole Miss,4,5,1,-1.4100000000000001,-2.3900000000000006,0.6000000000000085,-0.5799999999999983,1.0999999999999943,0.03400000000000003,-0.8000000000000007,-5.299999999999997,-0.038000000000000034,0.11111111111111116,0.20833333333333337,0,0,0,0,0,0
2025,2,Second Round,LSU,Florida State,3,6,3,7.0000000000000036,3.1500000000000004,-2.0,8.780000000000001,-1.0,-0.015000000000000013,-3.200000000000001,11.100000000000001,0.04199999999999998,0.11056511056511054,0.02777777777777779,0,0,0,0,0,1
2025,2,Second Round,Florida State,LSU,6,3,-3,-7.0000000000000036,-3.1500000000000004,2.0,-8.780000000000001,1.0,0.015000000000000013,3.200000000000001,-11.100000000000001,-0.04199999999999998,-0.11056511056511054,-0.02777777777777779,0,0,0,0,0,0
2025,2,Second Round,NC State,Michigan State,2,7,5,1.4499999999999993,3.6099999999999994,2.0,-1.8900000000000006,-3.0999999999999943,0.0040000000000000036,3.6999999999999993,-2.6000000000000014,-0.07900000000000001,0.11250000000000004,0.2777777777777777,2,1,0,0,0,1
2025,2,Second Round,Michigan State,NC State,7,2,-5,-1.4499999999999993,-3.6099999999999994,-2.0,1.8900000000000006,3.0999999999999943,-0.0040000000000000036,-3.6999999999999993,2.6000000000000014,0.07900000000000001,-0.11250000000000004,-0.2777777777777777,-2,0,1,0,0,0
2025,3,Sweet Sixteen,UCLA,Ole Miss,1,5,4,6.760000000000002,3.67,4.5,2.8799999999999955,-0.5999999999999943,0.06300000000000006,-2.6999999999999993,-1.0,-0.059,0.25225225225225234,0.25735294117647056,-1,0,0,1,0,1
2025,3,Sweet Sixteen,Ole Miss,UCLA,5,1,-4,-6.760000000000002,-3.67,-4.5,-2.8799999999999955,0.5999999999999943,-0.06300000000000006,2.6999999999999993,1.0,0.059,-0.25225225225225234,-0.25735294117647056,1,0,0,0,1,0
2025,3,Sweet Sixteen,LSU,NC State,3,2,-1,5.090000000000003,-2.1999999999999993,4.200000000000003,3.489999999999995,4.3999999999999915,-0.009000000000000008,-1.700000000000001,12.0,0.056999999999999995,0.037837837837837784,-0.13888888888888884,-1,0,1,0,0,1
2025,3,Sweet Sixteen,NC State,LSU,2,3,1,-5.090000000000003,2.1999999999999993,-4.200000000000003,-3.489999999999995,-4.3999999999999915,0.009000000000000008,1.700000000000001,-12.0,-0.056999999999999995,-0.037837837837837784,0.13888888888888884,1,1,0,0,0,0
2025,4,Elite Eight,UCLA,LSU,1,3,2,2.6400000000000006,2.4299999999999997,0.5999999999999943,3.0799999999999983,-6.199999999999989,0.04500000000000004,-2.5999999999999996,-2.200000000000003,-0.05199999999999999,0.08108108108108114,0.13235294117647056,-1,0,0,1,0,1
2025,4,Elite Eight,LSU,UCLA,3,1,-2,-2.6400000000000006,-2.4299999999999997,-0.5999999999999943,-3.0799999999999983,6.199999999999989,-0.04500000000000004,2.5999999999999996,2.200000000000003,0.05199999999999999,-0.08108108108108114,-0.13235294117647056,1,0,0,0,1,0
2025,1,First Round,USC,UNC Greensboro,1,16,15,40.38,24.38,9.900000000000006,25.78,10.299999999999997,0.03999999999999998,1.2000000000000028,1.2999999999999972,0.0020000000000000018,0.10446428571428568,0.012605042016806678,2,1,1,0,1,1
2025,1,First Round,UNC Greensboro,USC,16,1,-15,-40.38,-24.38,-9.900000000000006,-25.78,-10.299999999999997,-0.03999999999999998,-1.2000000000000028,-1.2999999999999972,-0.0020000000000000018,-0.10446428571428568,-0.012605042016806678,-2,1,1,1,0,0
2025,1,First Round,Mississippi St.,California,9,8,-1,0.9199999999999982,-1.4299999999999997,1.3999999999999915,0.8200000000000074,0.5,-0.02300000000000002,2.400000000000002,4.399999999999999,-0.022999999999999965,-0.08823529411764708,-0.22916666666666663,0,0,0,0,0,1
2025,1,First Round,California,Mississippi St.,8,9,1,-0.9199999999999982,1.4299999999999997,-1.3999999999999915,-0.8200000000000074,-0.5,0.02300000000000002,-2.400000000000002,-4.399999999999999,0.022999999999999965,0.08823529411764708,0.22916666666666663,0,0,0,0,0,0
2025,1,First Round,Kansas State,Fairfield,5,12,7,22.949999999999996,18.87,6.099999999999994,13.11,2.0,0.02100000000000002,1.5999999999999996,1.0,0.026999999999999996,-0.07070707070707072,-0.22777777777777775,1,0,1,0,1,1
2025,1,First Round,Fairfield,Kansas State,12,5,-7,-22.949999999999996,-18.87,-6.099999999999994,-13.11,-2.0,-0.02100000000000002,-1.5999999999999996,-1.0,-0.026999999999999996,0.07070707070707072,0.22777777777777775,-1,1,0,1,0,0
2025,1,First Round,Kentucky,Liberty,4,13,9,19.2,15.079999999999998,0.9000000000000057,14.269999999999996,2.4000000000000057,-0.017000000000000015,5.000000000000002,-7.399999999999999,-0.0020000000000000018,-0.045943304007820096,-0.20138888888888884,1,0,1,0,1,1
2025,1,First Round,Liberty,Kentucky,13,4,-9,-19.2,-15.079999999999998,-0.9000000000000057,-14.269999999999996,-2.4000000000000057,0.017000000000000015,-5.000000000000002,7.399999999999999,0.0020000000000000018,0.045943304007820096,0.20138888888888884,-1,1,0,1,0,0
2025,1,First Round,Iowa,Murray State,6,11,5,11.350000000000001,16.849999999999998,-9.599999999999994,16.790000000000006,-5.299999999999997,-0.0030000000000000027,-4.600000000000001,0.8999999999999986,-0.018000000000000016,-0.08110516934046341,-0.24444444444444446,1,0,1,0,1,1
2025,1,First Round,Murray State,Iowa,11,6,-5,-11.350000000000001,-16.849999999999998,9.599999999999994,-16.790000000000006,5.299999999999997,0.0030000000000000027,4.600000000000001,-0.8999999999999986,0.018000000000000016,0.08110516934046341,0.24444444444444446,-1,1,0,1,0,0
2025,1,First Round,Oklahoma,Florida Gulf Coast,3,14,11,22.889999999999997,22.9,-1.3000000000000114,13.280000000000001,12.900000000000006,0.015000000000000013,-4.0,3.799999999999997,-0.013999999999999957,-0.1109243697478991,-0.3125,0,0,1,0,1,1
2025,1,First Round,Florida Gulf Coast,Oklahoma,14,3,-11,-22.889999999999997,-22.9,1.3000000000000114,-13.280000000000001,-12.900000000000006,-0.015000000000000013,4.0,-3.799999999999997,0.013999999999999957,0.1109243697478991,0.3125,0,1,0,1,0,0
2025,1,First Round,South Dakota State,Oklahoma State,10,7,-3,-8.23,-4.259999999999999,4.299999999999997,-10.11,-3.299999999999997,0.030000000000000027,0.8999999999999986,-3.599999999999998,-0.019000000000000017,0.10110294117647056,0.2222222222222222,0,1,0,1,0,1
2025,1,First Round,Oklahoma State,South Dakota State,7,10,3,8.23,4.259999999999999,-4.299999999999997,10.11,3.299999999999997,-0.030000000000000027,-0.8999999999999986,3.599999999999998,0.019000000000000017,-0.10110294117647056,-0.2222222222222222,0,0,1,0,1,0
2025,1,First Round,UConn,Arkansas State,2,15,13,44.84,19.130000000000003,23.5,27.040000000000006,-6.3999999999999915,0.12099999999999994,4.6,-1.3000000000000007,-0.064,0.26875000000000004,0.16666666666666663,3,1,0,1,1,1
2025,1,First Round,Arkansas State,UConn,15,2,-13,-44.84,-19.130000000000003,-23.5,-27.040000000000006,6.3999999999999915,-0.12099999999999994,-4.6,1.3000000000000007,0.064,-0.26875000000000004,-0.16666666666666663,-3,0,1,1,1,0
2025,2,Second Round,USC,Mississippi St.,1,9,8,16.03,5.6,4.400000000000006,13.459999999999994,2.799999999999997,-0.014000000000000012,3.0,-0.10000000000000142,0.064,0.23865546218487388,0.5036764705882353,2,1,0,0,0,1
2025,2,Second Round,Mississippi St.,USC,9,1,-8,-16.03,-5.6,-4.400000000000006,-13.459999999999994,-2.799999999999997,0.014000000000000012,-3.0,0.10000000000000142,-0.064,-0.23865546218487388,-0.5036764705882353,-2,0,1,0,0,0
2025,2,Second Round,Kansas State,Kentucky,5,4,-1,4.229999999999997,-3.339999999999998,5.799999999999997,1.8500000000000085,-1.0,0.04200000000000004,-0.3000000000000007,0.5,0.0020000000000000018,0.03584229390681004,0.03472222222222221,0,0,0,0,0,1
2025,2,Second Round,Kentucky,Kansas State,4,5,1,-4.229999999999997,3.339999999999998,-5.799999999999997,-1.8500000000000085,1.0,-0.04200000000000004,0.3000000000000007,-0.5,-0.0020000000000000018,-0.03584229390681004,-0.03472222222222221,0,0,0,0,0,0
2025,2,Second Round,Oklahoma,Iowa,3,6,3,6.359999999999996,-0.759999999999998,2.0999999999999943,3.489999999999995,8.5,-0.009000000000000008,-0.1999999999999993,6.399999999999999,-0.00599999999999995,0.0949579831932773,0.13194444444444442,-1,0,0,0,0,1
2025,2,Second Round,Iowa,Oklahoma,6,3,-3,-6.359999999999996,0.759999999999998,-2.0999999999999943,-3.489999999999995,-8.5,0.009000000000000008,0.1999999999999993,-6.399999999999999,0.00599999999999995,-0.0949579831932773,-0.13194444444444442,1,0,0,0,0,0
2025,2,Second Round,UConn,South Dakota State,2,10,8,28.92,11.43,9.200000000000003,21.700000000000003,-0.29999999999999716,0.03299999999999992,3.200000000000001,1.5,-0.10199999999999998,0.04264705882352948,0.0,3,1,1,1,1,1
2025,2,Second Round,South Dakota State,UConn,10,2,-8,-28.92,-11.43,-9.200000000000003,-21.700000000000003,0.29999999999999716,-0.03299999999999992,-3.200000000000001,-1.5,0.10199999999999998,-0.04264705882352948,0.0,-3,1,1,1,1,0
2025,3,Sweet Sixteen,USC,Kansas State,1,5,4,6.230000000000004,5.029999999999999,-4.5,8.519999999999996,5.199999999999989,-0.06400000000000006,-0.4999999999999982,6.399999999999999,0.098,0.10793650793650789,0.21895424836601307,1,1,0,0,0,1
2025,3,Sweet Sixteen,Kansas State,USC,5,1,-4,-6.230000000000004,-5.029999999999999,4.5,-8.519999999999996,-5.199999999999989,0.06400000000000006,0.4999999999999982,-6.399999999999999,-0.098,-0.10793650793650789,-0.21895424836601307,-1,0,1,0,0,0
2025,3,Sweet Sixteen,UConn,Oklahoma,2,3,1,12.260000000000005,-1.5199999999999996,13.700000000000003,7.010000000000005,-11.599999999999994,0.06099999999999994,6.1,-5.9999999999999964,-0.09100000000000003,0.15357142857142858,0.3125,3,1,0,1,0,1
2025,3,Sweet Sixteen,Oklahoma,UConn,3,2,-1,-12.260000000000005,1.5199999999999996,-13.700000000000003,-7.010000000000005,11.599999999999994,-0.06099999999999994,-6.1,5.9999999999999964,0.09100000000000003,-0.15357142857142858,-0.3125,-3,0,1,0,1,0
2025,4,Elite Eight,UConn,USC,2,1,-1,6.210000000000001,-2.0599999999999987,11.799999999999997,0.09000000000000341,-6.699999999999989,0.08699999999999997,2.9999999999999982,-5.4999999999999964,-0.135,0.03928571428571437,0.05882352941176472,1,1,1,1,0,1
2025,4,Elite Eight,USC,UConn,1,2,1,-6.210000000000001,2.0599999999999987,-11.799999999999997,-0.09000000000000341,6.699999999999989,-0.08699999999999997,-2.9999999999999982,5.4999999999999964,0.135,-0.03928571428571437,-0.05882352941176472,-1,1,1,0,1,0
2025,6,Championship,UConn,South Carolina,2,1,-1,1.1700000000000017,-7.279999999999998,7.5,-1.1199999999999974,-2.299999999999997,0.06799999999999995,1.0999999999999996,-7.199999999999999,-0.07600000000000001,0.027564102564102577,0.0625,0,1,1,1,1,1
2025,6,Championship,South Carolina,UConn,1,2,1,-1.1700000000000017,7.279999999999998,-7.5,1.1199999999999974,2.299999999999997,-0.06799999999999995,-1.0999999999999996,7.199999999999999,0.07600000000000001,-0.027564102564102577,-0.0625,0,1,1,1,1,0
